timestamp,PJME_MW
2018-01-01 00:00:00,1060.3554872920947
2018-01-01 01:00:00,1061.722502819821
2018-01-01 02:00:00,1139.187502264985
2018-01-01 03:00:00,1136.662079202686
2018-01-01 04:00:00,1170.391966111429
2018-01-01 05:00:00,1190.9454338606106
2018-01-01 06:00:00,1175.8234569625306
2018-01-01 07:00:00,1179.520612488419
2018-01-01 08:00:00,1230.642520283012
2018-01-01 09:00:00,1129.7338570084344
2018-01-01 10:00:00,1159.6301027667528
2018-01-01 11:00:00,977.0881217978967
2018-01-01 12:00:00,956.5451882639536
2018-01-01 13:00:00,796.921904867217
2018-01-01 14:00:00,834.9632045592616
2018-01-01 15:00:00,839.0756585655638
2018-01-01 16:00:00,847.2675319256851
2018-01-01 17:00:00,835.9591250795804
2018-01-01 18:00:00,896.5511746257076
2018-01-01 19:00:00,783.687298428984
2018-01-01 20:00:00,936.6769913980233
2018-01-01 21:00:00,862.446377609101
2018-01-01 22:00:00,1009.1531189711732
2018-01-01 23:00:00,1000.7459412636784
2018-01-02 00:00:00,1002.6002485865903
2018-01-02 01:00:00,1061.9418328183865
2018-01-02 02:00:00,1002.8767476158741
2018-01-02 03:00:00,1182.420604248116
2018-01-02 04:00:00,1261.7235943647654
2018-01-02 05:00:00,1217.2866211400635
2018-01-02 06:00:00,1159.4695176627047
2018-01-02 07:00:00,1168.3571816812473
2018-01-02 08:00:00,1126.9381778778427
2018-01-02 09:00:00,1142.8679908216477
2018-01-02 10:00:00,1003.4367428844523
2018-01-02 11:00:00,1084.143587007324
2018-01-02 12:00:00,1030.5343627533175
2018-01-02 13:00:00,963.6060880131238
2018-01-02 14:00:00,922.1310755170979
2018-01-02 15:00:00,775.5948004058632
2018-01-02 16:00:00,773.8447757417838
2018-01-02 17:00:00,868.7763140671747
2018-01-02 18:00:00,827.362530946754
2018-01-02 19:00:00,902.2522996925852
2018-01-02 20:00:00,732.8249446595993
2018-01-02 21:00:00,817.2049925176123
2018-01-02 22:00:00,921.2598366520083
2018-01-02 23:00:00,957.9439710584459
2018-01-03 00:00:00,1047.8639038216934
2018-01-03 01:00:00,1065.0006368877525
2018-01-03 02:00:00,1087.7638976234769
2018-01-03 03:00:00,1099.5833316684539
2018-01-03 04:00:00,1179.5101780577065
2018-01-03 05:00:00,1266.0757500297477
2018-01-03 06:00:00,1174.0572556497696
2018-01-03 07:00:00,1119.3057309182373
2018-01-03 08:00:00,1121.6091041131408
2018-01-03 09:00:00,1188.7584705573274
2018-01-03 10:00:00,1085.375388685798
2018-01-03 11:00:00,997.3624512508579
2018-01-03 12:00:00,961.6845050856045
2018-01-03 13:00:00,1002.5744978179431
2018-01-03 14:00:00,840.2011607486336
2018-01-03 15:00:00,987.868994380754
2018-01-03 16:00:00,805.9382807535935
2018-01-03 17:00:00,790.2508631766256
2018-01-03 18:00:00,857.1029275117264
2018-01-03 19:00:00,795.4340413944029
2018-01-03 20:00:00,767.1534990598312
2018-01-03 21:00:00,993.1823585844966
2018-01-03 22:00:00,921.5931189737797
2018-01-03 23:00:00,853.2490703596159
2018-01-04 00:00:00,1049.9427459820004
2018-01-04 01:00:00,1111.420233395785
2018-01-04 02:00:00,1155.6527711487638
2018-01-04 03:00:00,1147.297850155914
2018-01-04 04:00:00,1214.5080847344789
2018-01-04 05:00:00,1212.9773650544325
2018-01-04 06:00:00,1277.8733443567623
2018-01-04 07:00:00,1173.1746286611449
2018-01-04 08:00:00,1200.1170924468993
2018-01-04 09:00:00,1223.1086135890857
2018-01-04 10:00:00,1164.4637113400056
2018-01-04 11:00:00,1080.7279559102722
2018-01-04 12:00:00,1028.7815707288187
2018-01-04 13:00:00,949.9657311933478
2018-01-04 14:00:00,804.2168021892315
2018-01-04 15:00:00,904.3052136550795
2018-01-04 16:00:00,833.5287490664001
2018-01-04 17:00:00,777.3984426492864
2018-01-04 18:00:00,771.0185043657815
2018-01-04 19:00:00,886.1955912800034
2018-01-04 20:00:00,866.8320609762231
2018-01-04 21:00:00,841.5126526968429
2018-01-04 22:00:00,804.560293469076
2018-01-04 23:00:00,913.4109637516435
2018-01-05 00:00:00,981.0273138875925
2018-01-05 01:00:00,1124.2725213312965
2018-01-05 02:00:00,1103.665300657155
2018-01-05 03:00:00,1134.7261807084278
2018-01-05 04:00:00,1199.266260978189
2018-01-05 05:00:00,1188.5171442853937
2018-01-05 06:00:00,1153.94830755531
2018-01-05 07:00:00,1210.4072112197337
2018-01-05 08:00:00,1154.6184726218016
2018-01-05 09:00:00,1127.4549926510626
2018-01-05 10:00:00,1117.5258802945284
2018-01-05 11:00:00,1035.0537581795006
2018-01-05 12:00:00,1008.048163082626
2018-01-05 13:00:00,1061.1473809667657
2018-01-05 14:00:00,940.2520979300518
2018-01-05 15:00:00,811.0761520710554
2018-01-05 16:00:00,796.6450821968526
2018-01-05 17:00:00,816.2417453429871
2018-01-05 18:00:00,761.5301099573798
2018-01-05 19:00:00,726.9274678817992
2018-01-05 20:00:00,760.5407382480154
2018-01-05 21:00:00,891.424636544799
2018-01-05 22:00:00,952.1400586932906
2018-01-05 23:00:00,923.8332899382643
2018-01-06 00:00:00,1012.9710353645958
2018-01-06 01:00:00,1073.6473541678004
2018-01-06 02:00:00,1034.8399081805578
2018-01-06 03:00:00,1092.7953304839684
2018-01-06 04:00:00,1210.0048745108127
2018-01-06 05:00:00,1167.653672844468
2018-01-06 06:00:00,1189.251041082618
2018-01-06 07:00:00,1121.6829070167955
2018-01-06 08:00:00,1188.5567042090747
2018-01-06 09:00:00,1107.0278576769842
2018-01-06 10:00:00,1088.4149744249873
2018-01-06 11:00:00,1008.324802405906
2018-01-06 12:00:00,1042.930014895127
2018-01-06 13:00:00,976.4746990462553
2018-01-06 14:00:00,878.9069064941004
2018-01-06 15:00:00,841.179391892345
2018-01-06 16:00:00,837.409480688669
2018-01-06 17:00:00,778.2469367026674
2018-01-06 18:00:00,811.5089694777441
2018-01-06 19:00:00,868.1113763503841
2018-01-06 20:00:00,851.6260074161239
2018-01-06 21:00:00,863.5131610846029
2018-01-06 22:00:00,868.1492779019894
2018-01-06 23:00:00,954.8265706660568
2018-01-07 00:00:00,939.1588061249731
2018-01-07 01:00:00,1028.5085682992099
2018-01-07 02:00:00,1144.4430184509615
2018-01-07 03:00:00,1192.9713735481077
2018-01-07 04:00:00,1176.5512452289952
2018-01-07 05:00:00,1222.5390778200087
2018-01-07 06:00:00,1196.3109790755866
2018-01-07 07:00:00,1162.9916868346513
2018-01-07 08:00:00,1129.3149502154506
2018-01-07 09:00:00,1053.3861206151798
2018-01-07 10:00:00,1094.7763061166186
2018-01-07 11:00:00,950.4201270073777
2018-01-07 12:00:00,1052.8139183770725
2018-01-07 13:00:00,845.5443968198292
2018-01-07 14:00:00,859.869851294128
2018-01-07 15:00:00,792.6117648613765
2018-01-07 16:00:00,844.2967682916005
2018-01-07 17:00:00,804.6044823938253
2018-01-07 18:00:00,897.3433732424993
2018-01-07 19:00:00,850.5873872365772
2018-01-07 20:00:00,841.7239027477827
2018-01-07 21:00:00,853.1773479220498
2018-01-07 22:00:00,869.1075029842906
2018-01-07 23:00:00,1002.5508085556518
2018-01-08 00:00:00,997.9833820243457
2018-01-08 01:00:00,1064.129157240367
2018-01-08 02:00:00,1044.5160438628434
2018-01-08 03:00:00,1128.5340286233811
2018-01-08 04:00:00,1192.0177280508276
2018-01-08 05:00:00,1201.2347412214356
2018-01-08 06:00:00,1305.6836607098119
2018-01-08 07:00:00,1224.9539100590682
2018-01-08 08:00:00,1091.9661230168995
2018-01-08 09:00:00,1091.4879229995925
2018-01-08 10:00:00,1134.5421757632741
2018-01-08 11:00:00,982.9720953380967
2018-01-08 12:00:00,1157.3470918487146
2018-01-08 13:00:00,916.3442635099764
2018-01-08 14:00:00,881.45241310485
2018-01-08 15:00:00,849.5784086380489
2018-01-08 16:00:00,823.4540688346782
2018-01-08 17:00:00,885.3024467577962
2018-01-08 18:00:00,728.8983406105326
2018-01-08 19:00:00,913.6976798723845
2018-01-08 20:00:00,815.2667368901974
2018-01-08 21:00:00,967.716696241393
2018-01-08 22:00:00,947.766237137007
2018-01-08 23:00:00,986.396094606527
2018-01-09 00:00:00,888.79359650129
2018-01-09 01:00:00,1062.3970566028227
2018-01-09 02:00:00,1178.5837018904808
2018-01-09 03:00:00,1216.111076167097
2018-01-09 04:00:00,1113.2068469734186
2018-01-09 05:00:00,1239.970407640097
2018-01-09 06:00:00,1198.9724942834812
2018-01-09 07:00:00,1186.404285924541
2018-01-09 08:00:00,1117.1266417025197
2018-01-09 09:00:00,1064.1353542373708
2018-01-09 10:00:00,1112.3515980865905
2018-01-09 11:00:00,1018.7856895717551
2018-01-09 12:00:00,902.5317560917605
2018-01-09 13:00:00,975.8430393349312
2018-01-09 14:00:00,862.4883410705418
2018-01-09 15:00:00,793.1663188990881
2018-01-09 16:00:00,886.6448916138736
2018-01-09 17:00:00,752.8696239411454
2018-01-09 18:00:00,907.3900092063348
2018-01-09 19:00:00,888.0460702902185
2018-01-09 20:00:00,851.4266947368595
2018-01-09 21:00:00,927.8074571746266
2018-01-09 22:00:00,917.3904154322357
2018-01-09 23:00:00,997.1873842454431
2018-01-10 00:00:00,968.8201663047761
2018-01-10 01:00:00,1057.6172240470887
2018-01-10 02:00:00,1022.7700885155945
2018-01-10 03:00:00,1080.294080293051
2018-01-10 04:00:00,1148.653460684867
2018-01-10 05:00:00,1227.4723625309307
2018-01-10 06:00:00,1234.2624999181244
2018-01-10 07:00:00,1183.3820286283426
2018-01-10 08:00:00,1084.2411511170571
2018-01-10 09:00:00,1117.2809469457366
2018-01-10 10:00:00,1160.3638128129742
2018-01-10 11:00:00,1108.0172706606052
2018-01-10 12:00:00,1018.7253335188875
2018-01-10 13:00:00,953.8571261693012
2018-01-10 14:00:00,928.703457574477
2018-01-10 15:00:00,890.8243983109303
2018-01-10 16:00:00,762.9344855887442
2018-01-10 17:00:00,801.886708382725
2018-01-10 18:00:00,799.906504535373
2018-01-10 19:00:00,725.1777722323033
2018-01-10 20:00:00,768.8797577747456
2018-01-10 21:00:00,900.1206398985129
2018-01-10 22:00:00,964.3586726154865
2018-01-10 23:00:00,868.5848742521823
2018-01-11 00:00:00,1029.276851384222
2018-01-11 01:00:00,1039.7994373142853
2018-01-11 02:00:00,1131.3926268115933
2018-01-11 03:00:00,1193.670279643042
2018-01-11 04:00:00,1143.8444018519601
2018-01-11 05:00:00,1211.5083885643355
2018-01-11 06:00:00,1246.4893072713908
2018-01-11 07:00:00,1079.27677958957
2018-01-11 08:00:00,1182.338833724512
2018-01-11 09:00:00,1102.6662891656897
2018-01-11 10:00:00,1049.0982465275465
2018-01-11 11:00:00,1075.4349989979767
2018-01-11 12:00:00,1083.8844347378338
2018-01-11 13:00:00,957.7342029486168
2018-01-11 14:00:00,910.4521962348489
2018-01-11 15:00:00,843.9666478783115
2018-01-11 16:00:00,840.6671442398392
2018-01-11 17:00:00,827.6984603723616
2018-01-11 18:00:00,730.0774908092635
2018-01-11 19:00:00,802.4817034655416
2018-01-11 20:00:00,892.043809665688
2018-01-11 21:00:00,843.6253193199345
2018-01-11 22:00:00,909.872972378933
2018-01-11 23:00:00,982.3108522339805
2018-01-12 00:00:00,1084.4106199578468
2018-01-12 01:00:00,1121.293178821248
2018-01-12 02:00:00,1089.013335006216
2018-01-12 03:00:00,1133.508239294028
2018-01-12 04:00:00,1172.7227959533593
2018-01-12 05:00:00,1242.9778619075619
2018-01-12 06:00:00,1142.4875065360734
2018-01-12 07:00:00,1183.665789503563
2018-01-12 08:00:00,1211.3194978261984
2018-01-12 09:00:00,1098.1628690942805
2018-01-12 10:00:00,1192.473467925754
2018-01-12 11:00:00,1156.4319475980928
2018-01-12 12:00:00,999.4070442570423
2018-01-12 13:00:00,967.4795777232084
2018-01-12 14:00:00,820.209945927626
2018-01-12 15:00:00,879.8218992068975
2018-01-12 16:00:00,792.9053187192001
2018-01-12 17:00:00,750.6792836038642
2018-01-12 18:00:00,945.6313387697023
2018-01-12 19:00:00,805.3119725364234
2018-01-12 20:00:00,885.7599610486382
2018-01-12 21:00:00,809.7675282711173
2018-01-12 22:00:00,872.5683465034833
2018-01-12 23:00:00,968.118811962943
2018-01-13 00:00:00,1012.7439711635864
2018-01-13 01:00:00,1040.6262844062462
2018-01-13 02:00:00,1127.8027937165377
2018-01-13 03:00:00,1177.6623869839113
2018-01-13 04:00:00,1061.1865021320614
2018-01-13 05:00:00,1345.0225664497495
2018-01-13 06:00:00,1202.0397610530597
2018-01-13 07:00:00,1106.8362845397776
2018-01-13 08:00:00,1112.583335996536
2018-01-13 09:00:00,1060.409248522395
2018-01-13 10:00:00,1132.8468203832722
2018-01-13 11:00:00,1083.3493509046643
2018-01-13 12:00:00,1050.4072184707
2018-01-13 13:00:00,844.313592135193
2018-01-13 14:00:00,927.7337319672622
2018-01-13 15:00:00,824.6787920153375
2018-01-13 16:00:00,816.1369241821494
2018-01-13 17:00:00,758.9382667912638
2018-01-13 18:00:00,734.4212813073634
2018-01-13 19:00:00,856.2436540814014
2018-01-13 20:00:00,781.2599726360959
2018-01-13 21:00:00,835.5659702321296
2018-01-13 22:00:00,930.6911640854165
2018-01-13 23:00:00,1001.6332501394743
2018-01-14 00:00:00,1081.6245807209643
2018-01-14 01:00:00,972.1951074692577
2018-01-14 02:00:00,1177.9545005377909
2018-01-14 03:00:00,1215.4256829473215
2018-01-14 04:00:00,1149.2359170730945
2018-01-14 05:00:00,1169.6700650010948
2018-01-14 06:00:00,1215.392372633647
2018-01-14 07:00:00,1229.7256903377238
2018-01-14 08:00:00,1258.2577442911938
2018-01-14 09:00:00,1195.48847519688
2018-01-14 10:00:00,1098.2839326351395
2018-01-14 11:00:00,1108.7256223951088
2018-01-14 12:00:00,996.9829942211156
2018-01-14 13:00:00,924.3482273021672
2018-01-14 14:00:00,874.8823987772477
2018-01-14 15:00:00,900.1896979974025
2018-01-14 16:00:00,767.6853061352415
2018-01-14 17:00:00,786.2649873963684
2018-01-14 18:00:00,795.3386244652897
2018-01-14 19:00:00,858.6183516718534
2018-01-14 20:00:00,919.5600498459577
2018-01-14 21:00:00,819.0239656559754
2018-01-14 22:00:00,861.0317828679799
2018-01-14 23:00:00,937.250544850953
2018-01-15 00:00:00,1072.4940387521267
2018-01-15 01:00:00,1065.3627505663087
2018-01-15 02:00:00,1072.492232892135
2018-01-15 03:00:00,1170.9221249410402
2018-01-15 04:00:00,1111.3564031896783
2018-01-15 05:00:00,1210.025901957029
2018-01-15 06:00:00,1132.172996467973
2018-01-15 07:00:00,1241.6018571481336
2018-01-15 08:00:00,1190.635462595242
2018-01-15 09:00:00,1155.7731892730842
2018-01-15 10:00:00,1114.8110415044944
2018-01-15 11:00:00,1113.6596085942622
2018-01-15 12:00:00,1045.0794690445477
2018-01-15 13:00:00,900.3003122791251
2018-01-15 14:00:00,809.0541190089375
2018-01-15 15:00:00,858.641905019111
2018-01-15 16:00:00,777.2644024565989
2018-01-15 17:00:00,865.2764179593113
2018-01-15 18:00:00,783.9367727362785
2018-01-15 19:00:00,826.9000451281778
2018-01-15 20:00:00,817.0663375519727
2018-01-15 21:00:00,906.4652758552668
2018-01-15 22:00:00,837.2313297254111
2018-01-15 23:00:00,929.48896412085
2018-01-16 00:00:00,1057.8844574992224
2018-01-16 01:00:00,1146.224321076939
2018-01-16 02:00:00,1145.7291626734032
2018-01-16 03:00:00,1078.2369923554845
2018-01-16 04:00:00,1148.5795383111288
2018-01-16 05:00:00,1199.4627932904116
2018-01-16 06:00:00,1174.6291734210145
2018-01-16 07:00:00,1159.619698785246
2018-01-16 08:00:00,1149.099310468669
2018-01-16 09:00:00,1130.6932734727775
2018-01-16 10:00:00,1116.5571917634052
2018-01-16 11:00:00,1006.6720211375515
2018-01-16 12:00:00,927.0570319002071
2018-01-16 13:00:00,1055.6595905396841
2018-01-16 14:00:00,805.7438322980505
2018-01-16 15:00:00,919.839884557213
2018-01-16 16:00:00,828.2562450765605
2018-01-16 17:00:00,916.1495026828821
2018-01-16 18:00:00,757.3024617661999
2018-01-16 19:00:00,765.7398378176459
2018-01-16 20:00:00,864.3220518073983
2018-01-16 21:00:00,885.7869017047542
2018-01-16 22:00:00,908.6316968881994
2018-01-16 23:00:00,1002.7541799278699
2018-01-17 00:00:00,1026.2023758401413
2018-01-17 01:00:00,990.9755651870001
2018-01-17 02:00:00,1116.8481548237894
2018-01-17 03:00:00,1095.8026090750554
2018-01-17 04:00:00,1101.1063937669305
2018-01-17 05:00:00,1150.1784495384409
2018-01-17 06:00:00,1172.7262047741237
2018-01-17 07:00:00,1201.373796046947
2018-01-17 08:00:00,1203.2749312160333
2018-01-17 09:00:00,1140.0108179552446
2018-01-17 10:00:00,1017.1026763974385
2018-01-17 11:00:00,1059.5589808937802
2018-01-17 12:00:00,951.4644239475645
2018-01-17 13:00:00,873.5975350235361
2018-01-17 14:00:00,884.483067115933
2018-01-17 15:00:00,888.9189779722994
2018-01-17 16:00:00,805.1469516111495
2018-01-17 17:00:00,839.8640873609156
2018-01-17 18:00:00,760.7074357252943
2018-01-17 19:00:00,863.8607293230965
2018-01-17 20:00:00,826.8079085877093
2018-01-17 21:00:00,781.6633399365011
2018-01-17 22:00:00,891.1079491450955
2018-01-17 23:00:00,1043.708845618893
2018-01-18 00:00:00,896.0181941157416
2018-01-18 01:00:00,1003.5565276783664
2018-01-18 02:00:00,1105.1460151930846
2018-01-18 03:00:00,1052.2980284659714
2018-01-18 04:00:00,1210.1219565138204
2018-01-18 05:00:00,1166.2152997667713
2018-01-18 06:00:00,1129.9005338777677
2018-01-18 07:00:00,1228.831412760745
2018-01-18 08:00:00,1171.9522960473105
2018-01-18 09:00:00,1166.238841105937
2018-01-18 10:00:00,1153.0557895423613
2018-01-18 11:00:00,1053.21004950946
2018-01-18 12:00:00,967.617473833407
2018-01-18 13:00:00,994.5765668071979
2018-01-18 14:00:00,878.7724737107096
2018-01-18 15:00:00,781.9702373403256
2018-01-18 16:00:00,857.316764606046
2018-01-18 17:00:00,795.9621623508854
2018-01-18 18:00:00,878.0385115243048
2018-01-18 19:00:00,760.0492380962489
2018-01-18 20:00:00,758.9343963435665
2018-01-18 21:00:00,904.2137111016374
2018-01-18 22:00:00,959.1512686476449
2018-01-18 23:00:00,900.1014523714653
2018-01-19 00:00:00,1013.6603461457773
2018-01-19 01:00:00,1007.2630055387467
2018-01-19 02:00:00,1155.9226468545125
2018-01-19 03:00:00,1264.996328966912
2018-01-19 04:00:00,1143.0789652135845
2018-01-19 05:00:00,1213.54823874623
2018-01-19 06:00:00,1197.9301350684884
2018-01-19 07:00:00,1240.340877983619
2018-01-19 08:00:00,1159.3624956640888
2018-01-19 09:00:00,1159.903684075954
2018-01-19 10:00:00,1108.3686763475446
2018-01-19 11:00:00,1054.0187708773042
2018-01-19 12:00:00,1063.8974348908318
2018-01-19 13:00:00,901.1025411382461
2018-01-19 14:00:00,834.2322089450413
2018-01-19 15:00:00,805.6136958678144
2018-01-19 16:00:00,705.0800290208972
2018-01-19 17:00:00,921.814659468151
2018-01-19 18:00:00,831.0280193443255
2018-01-19 19:00:00,787.0895078229752
2018-01-19 20:00:00,898.1922559318194
2018-01-19 21:00:00,797.5972886907892
2018-01-19 22:00:00,868.2345600690628
2018-01-19 23:00:00,932.3452590291168
2018-01-20 00:00:00,955.811718171993
2018-01-20 01:00:00,1101.5331591372133
2018-01-20 02:00:00,1084.1923774941772
2018-01-20 03:00:00,1226.9262862819205
2018-01-20 04:00:00,1196.2525320224574
2018-01-20 05:00:00,1169.4836830488064
2018-01-20 06:00:00,1145.9318636249996
2018-01-20 07:00:00,1180.6461714132654
2018-01-20 08:00:00,1267.2360055217055
2018-01-20 09:00:00,1150.8936102355192
2018-01-20 10:00:00,1079.8583580850764
2018-01-20 11:00:00,1143.438064837741
2018-01-20 12:00:00,1025.7562085121326
2018-01-20 13:00:00,961.2763940823381
2018-01-20 14:00:00,886.946002052917
2018-01-20 15:00:00,845.0584811140161
2018-01-20 16:00:00,752.6316624415746
2018-01-20 17:00:00,774.7411222395348
2018-01-20 18:00:00,796.4921845148192
2018-01-20 19:00:00,717.3001925389577
2018-01-20 20:00:00,848.8328969548428
2018-01-20 21:00:00,903.3910312965494
2018-01-20 22:00:00,942.7899823933997
2018-01-20 23:00:00,901.1380242320997
2018-01-21 00:00:00,982.1574550606529
2018-01-21 01:00:00,998.9826887265324
2018-01-21 02:00:00,1193.227830669609
2018-01-21 03:00:00,1127.9743951737685
2018-01-21 04:00:00,1128.0420688572692
2018-01-21 05:00:00,1169.0032140624617
2018-01-21 06:00:00,1240.2657299560692
2018-01-21 07:00:00,1197.6351204643736
2018-01-21 08:00:00,1097.9924257981734
2018-01-21 09:00:00,1097.5178239333975
2018-01-21 10:00:00,1069.6117160109602
2018-01-21 11:00:00,983.6251462904414
2018-01-21 12:00:00,1071.7442803056185
2018-01-21 13:00:00,859.9730806515541
2018-01-21 14:00:00,950.056387560941
2018-01-21 15:00:00,843.6219977978742
2018-01-21 16:00:00,911.4217724866566
2018-01-21 17:00:00,829.1711272701696
2018-01-21 18:00:00,833.578968810967
2018-01-21 19:00:00,805.5208060169138
2018-01-21 20:00:00,824.6193238671663
2018-01-21 21:00:00,968.3533424515306
2018-01-21 22:00:00,884.2406307389674
2018-01-21 23:00:00,916.3408307285293
2018-01-22 00:00:00,1030.0787438620903
2018-01-22 01:00:00,1070.396106450275
2018-01-22 02:00:00,1031.460945363458
2018-01-22 03:00:00,1189.3244220490865
2018-01-22 04:00:00,1169.7958232796948
2018-01-22 05:00:00,1269.2551595743664
2018-01-22 06:00:00,1150.4703978162906
2018-01-22 07:00:00,1187.1208540774867
2018-01-22 08:00:00,1183.6035451027578
2018-01-22 09:00:00,1099.1123561325064
2018-01-22 10:00:00,1096.326318615948
2018-01-22 11:00:00,1162.614607849199
2018-01-22 12:00:00,915.7623211043563
2018-01-22 13:00:00,906.6053962473128
2018-01-22 14:00:00,876.6316488428762
2018-01-22 15:00:00,904.8118729386723
2018-01-22 16:00:00,885.831795245547
2018-01-22 17:00:00,809.5284446259043
2018-01-22 18:00:00,731.5679467668526
2018-01-22 19:00:00,778.7361968985066
2018-01-22 20:00:00,880.1132346407634
2018-01-22 21:00:00,896.6758648412621
2018-01-22 22:00:00,928.0341270400445
2018-01-22 23:00:00,909.1934260630508
2018-01-23 00:00:00,1049.0272501359304
2018-01-23 01:00:00,1077.7758287244117
2018-01-23 02:00:00,1150.755633442655
2018-01-23 03:00:00,1071.357781770523
2018-01-23 04:00:00,1194.335217765841
2018-01-23 05:00:00,1182.795072441316
2018-01-23 06:00:00,1131.5870257081206
2018-01-23 07:00:00,1131.5785828508317
2018-01-23 08:00:00,1181.7044972467393
2018-01-23 09:00:00,1124.3023571769957
2018-01-23 10:00:00,1182.6040264068483
2018-01-23 11:00:00,1081.1343053047315
2018-01-23 12:00:00,969.583365820204
2018-01-23 13:00:00,1028.2535846257267
2018-01-23 14:00:00,986.0396647175348
2018-01-23 15:00:00,889.7048113036673
2018-01-23 16:00:00,835.4011860181752
2018-01-23 17:00:00,859.4817110500487
2018-01-23 18:00:00,814.453613738186
2018-01-23 19:00:00,722.0889709017486
2018-01-23 20:00:00,808.2001197026348
2018-01-23 21:00:00,837.5051566911878
2018-01-23 22:00:00,886.3423193647014
2018-01-23 23:00:00,846.2049124997397
2018-01-24 00:00:00,997.9964608502889
2018-01-24 01:00:00,1080.8061161507292
2018-01-24 02:00:00,1098.045866590159
2018-01-24 03:00:00,1209.5410510277982
2018-01-24 04:00:00,1164.8773992582994
2018-01-24 05:00:00,1149.1722820042205
2018-01-24 06:00:00,1226.4017052765375
2018-01-24 07:00:00,1112.1644660603695
2018-01-24 08:00:00,1109.8591835063387
2018-01-24 09:00:00,1145.8111729544657
2018-01-24 10:00:00,1200.5116938976466
2018-01-24 11:00:00,1118.5906257556267
2018-01-24 12:00:00,1120.0250067828645
2018-01-24 13:00:00,991.5129364747174
2018-01-24 14:00:00,953.1632146826377
2018-01-24 15:00:00,840.4587564128578
2018-01-24 16:00:00,817.3622485002891
2018-01-24 17:00:00,788.4007070426874
2018-01-24 18:00:00,879.733052414871
2018-01-24 19:00:00,792.6034559160429
2018-01-24 20:00:00,841.8178019942595
2018-01-24 21:00:00,869.3397301565103
2018-01-24 22:00:00,969.0581578168325
2018-01-24 23:00:00,869.2549513952227
2018-01-25 00:00:00,897.373131091138
2018-01-25 01:00:00,968.2547285343362
2018-01-25 02:00:00,1185.406964715505
2018-01-25 03:00:00,1185.5461037206337
2018-01-25 04:00:00,1096.2046370148182
2018-01-25 05:00:00,1192.8940518583502
2018-01-25 06:00:00,1079.9957141982636
2018-01-25 07:00:00,1079.2189970476013
2018-01-25 08:00:00,1145.9888545915285
2018-01-25 09:00:00,1163.4191405753684
2018-01-25 10:00:00,987.6575723919497
2018-01-25 11:00:00,968.8806659100484
2018-01-25 12:00:00,967.9444170916436
2018-01-25 13:00:00,969.7019465113001
2018-01-25 14:00:00,853.0767371084876
2018-01-25 15:00:00,958.0165018219991
2018-01-25 16:00:00,819.8840939515984
2018-01-25 17:00:00,864.3963584753942
2018-01-25 18:00:00,832.2199959218784
2018-01-25 19:00:00,822.882345978077
2018-01-25 20:00:00,783.3945891135227
2018-01-25 21:00:00,824.763246591748
2018-01-25 22:00:00,904.5390233288518
2018-01-25 23:00:00,844.6585407514223
2018-01-26 00:00:00,1013.3045759962356
2018-01-26 01:00:00,1019.5934125918141
2018-01-26 02:00:00,1135.1213995378857
2018-01-26 03:00:00,1146.1280428508858
2018-01-26 04:00:00,1171.6278305590872
2018-01-26 05:00:00,1110.4988310605688
2018-01-26 06:00:00,1196.6592026001615
2018-01-26 07:00:00,1163.0580495730483
2018-01-26 08:00:00,1249.4043420338876
2018-01-26 09:00:00,1081.942302961202
2018-01-26 10:00:00,1222.4504798209828
2018-01-26 11:00:00,1001.1287633665919
2018-01-26 12:00:00,1019.9920112383435
2018-01-26 13:00:00,972.3603174531081
2018-01-26 14:00:00,875.1830792329883
2018-01-26 15:00:00,893.6687350061671
2018-01-26 16:00:00,774.031121331884
2018-01-26 17:00:00,852.5371286881983
2018-01-26 18:00:00,821.1642994612138
2018-01-26 19:00:00,879.9451174175648
2018-01-26 20:00:00,712.8272746783941
2018-01-26 21:00:00,906.7682052836424
2018-01-26 22:00:00,839.0679830856309
2018-01-26 23:00:00,970.4299734742916
2018-01-27 00:00:00,1071.9743786569643
2018-01-27 01:00:00,1023.3249871218233
2018-01-27 02:00:00,1111.7709973697617
2018-01-27 03:00:00,1120.196482079762
2018-01-27 04:00:00,1272.7978122935074
2018-01-27 05:00:00,1185.1352165857443
2018-01-27 06:00:00,1215.140959022651
2018-01-27 07:00:00,1101.3723655625422
2018-01-27 08:00:00,1125.8841512599586
2018-01-27 09:00:00,1035.9918404897712
2018-01-27 10:00:00,1113.2643112031492
2018-01-27 11:00:00,1053.7651321780959
2018-01-27 12:00:00,1000.797237557013
2018-01-27 13:00:00,903.6776705498814
2018-01-27 14:00:00,957.3531972402258
2018-01-27 15:00:00,808.2802298508691
2018-01-27 16:00:00,774.6833796333079
2018-01-27 17:00:00,893.3810966921169
2018-01-27 18:00:00,869.9956565069131
2018-01-27 19:00:00,814.034398856184
2018-01-27 20:00:00,819.4302470165851
2018-01-27 21:00:00,876.5079774688678
2018-01-27 22:00:00,895.7438283548079
2018-01-27 23:00:00,930.8186075302859
2018-01-28 00:00:00,1163.8713756076259
2018-01-28 01:00:00,1009.4404045440057
2018-01-28 02:00:00,1130.755999765386
2018-01-28 03:00:00,1174.5274672417922
2018-01-28 04:00:00,1098.1721237508723
2018-01-28 05:00:00,1294.5178097431717
2018-01-28 06:00:00,1158.5129951638755
2018-01-28 07:00:00,1251.3763796180156
2018-01-28 08:00:00,1154.0757943750666
2018-01-28 09:00:00,1145.8199749420585
2018-01-28 10:00:00,1079.5174364933428
2018-01-28 11:00:00,1024.7616883465007
2018-01-28 12:00:00,981.5868635185291
2018-01-28 13:00:00,985.6455170814975
2018-01-28 14:00:00,956.2216468009061
2018-01-28 15:00:00,837.59542868242
2018-01-28 16:00:00,883.126203701248
2018-01-28 17:00:00,756.3884384330402
2018-01-28 18:00:00,820.6885737828525
2018-01-28 19:00:00,849.0083041556269
2018-01-28 20:00:00,868.0318241753405
2018-01-28 21:00:00,883.3004198362338
2018-01-28 22:00:00,946.395233034384
2018-01-28 23:00:00,969.7453639346618
2018-01-29 00:00:00,1030.2898007255028
2018-01-29 01:00:00,1111.546892556007
2018-01-29 02:00:00,1162.9576622860375
2018-01-29 03:00:00,1174.7455122916103
2018-01-29 04:00:00,1123.4940013415667
2018-01-29 05:00:00,1168.7078859349044
2018-01-29 06:00:00,1194.5276062540397
2018-01-29 07:00:00,1245.5350517243505
2018-01-29 08:00:00,1224.2928844119483
2018-01-29 09:00:00,1154.9764711515325
2018-01-29 10:00:00,1132.0539581410994
2018-01-29 11:00:00,996.9413084403755
2018-01-29 12:00:00,930.4140387165893
2018-01-29 13:00:00,997.940548582511
2018-01-29 14:00:00,923.0115018599054
2018-01-29 15:00:00,960.3818914442753
2018-01-29 16:00:00,874.9153861484832
2018-01-29 17:00:00,786.1902961762609
2018-01-29 18:00:00,829.5129858761702
2018-01-29 19:00:00,761.4338979166713
2018-01-29 20:00:00,848.5124167290898
2018-01-29 21:00:00,880.5231440401071
2018-01-29 22:00:00,869.7392567684774
2018-01-29 23:00:00,925.2414548283928
2018-01-30 00:00:00,1006.6167922982344
2018-01-30 01:00:00,1075.3283381841115
2018-01-30 02:00:00,1029.1973550166613
2018-01-30 03:00:00,1185.692100663363
2018-01-30 04:00:00,1184.9811540849694
2018-01-30 05:00:00,1145.0891856960368
2018-01-30 06:00:00,1248.682574965353
2018-01-30 07:00:00,1236.7626398009638
2018-01-30 08:00:00,1129.5845968307626
2018-01-30 09:00:00,1129.8616011038982
2018-01-30 10:00:00,1059.9474995493422
2018-01-30 11:00:00,1039.4586801358962
2018-01-30 12:00:00,1059.6813506979709
2018-01-30 13:00:00,941.7446138723991
2018-01-30 14:00:00,874.2291865780564
2018-01-30 15:00:00,884.7705553133402
2018-01-30 16:00:00,845.7470495737012
2018-01-30 17:00:00,825.9012126881726
2018-01-30 18:00:00,878.6360114897468
2018-01-30 19:00:00,795.3935725418265
2018-01-30 20:00:00,835.5874635703133
2018-01-30 21:00:00,875.7217885130509
2018-01-30 22:00:00,914.9924037936344
2018-01-30 23:00:00,941.4280901306037
2018-01-31 00:00:00,953.1143405815923
2018-01-31 01:00:00,1059.1002496391554
2018-01-31 02:00:00,1144.155649213191
2018-01-31 03:00:00,1255.6385296631013
2018-01-31 04:00:00,1186.4192090124006
2018-01-31 05:00:00,1195.9171077813132
2018-01-31 06:00:00,1217.2912112356619
2018-01-31 07:00:00,1161.5406468418917
2018-01-31 08:00:00,1163.9411981806643
2018-01-31 09:00:00,1135.7682886703353
2018-01-31 10:00:00,1138.3094747032897
2018-01-31 11:00:00,1073.2768667852595
2018-01-31 12:00:00,1030.4290645534404
2018-01-31 13:00:00,967.1902895223718
2018-01-31 14:00:00,917.4556451497342
2018-01-31 15:00:00,834.2465368125781
2018-01-31 16:00:00,765.2140176181734
2018-01-31 17:00:00,742.1442658237736
2018-01-31 18:00:00,774.4114569696031
2018-01-31 19:00:00,859.1936339170343
2018-01-31 20:00:00,835.7003611184582
2018-01-31 21:00:00,823.0209601303811
2018-01-31 22:00:00,919.5794517040634
2018-01-31 23:00:00,945.4661996573215
2018-02-01 00:00:00,950.2236465802521
2018-02-01 01:00:00,1031.865395335567
2018-02-01 02:00:00,1057.1405854665227
2018-02-01 03:00:00,1156.477162521961
2018-02-01 04:00:00,1147.5980835265352
2018-02-01 05:00:00,1258.4003056273984
2018-02-01 06:00:00,1233.2953600596898
2018-02-01 07:00:00,1147.372042307366
2018-02-01 08:00:00,1061.0572704743654
2018-02-01 09:00:00,1158.4899540271847
2018-02-01 10:00:00,1034.3372062640888
2018-02-01 11:00:00,987.2906288525759
2018-02-01 12:00:00,983.5690801719692
2018-02-01 13:00:00,1021.7111739754065
2018-02-01 14:00:00,944.7047632007786
2018-02-01 15:00:00,781.3893673913475
2018-02-01 16:00:00,875.6910016428262
2018-02-01 17:00:00,874.0196112865061
2018-02-01 18:00:00,752.136098010288
2018-02-01 19:00:00,765.4740132132932
2018-02-01 20:00:00,830.0559443281389
2018-02-01 21:00:00,862.1721136802629
2018-02-01 22:00:00,792.34226916285
2018-02-01 23:00:00,932.1583454216978
2018-02-02 00:00:00,977.5161631950906
2018-02-02 01:00:00,1076.529047850855
2018-02-02 02:00:00,1186.9940878946566
2018-02-02 03:00:00,1090.3763964488667
2018-02-02 04:00:00,1245.1904805418483
2018-02-02 05:00:00,1070.7837934217437
2018-02-02 06:00:00,1245.9791500880615
2018-02-02 07:00:00,1209.925021644737
2018-02-02 08:00:00,1193.216536751683
2018-02-02 09:00:00,1117.2775868597564
2018-02-02 10:00:00,1114.1953699886224
2018-02-02 11:00:00,1035.705593073676
2018-02-02 12:00:00,991.1949818815837
2018-02-02 13:00:00,900.1773956087095
2018-02-02 14:00:00,931.7677200101931
2018-02-02 15:00:00,813.7602903574132
2018-02-02 16:00:00,802.3869306238838
2018-02-02 17:00:00,827.7034491010829
2018-02-02 18:00:00,756.9283334012838
2018-02-02 19:00:00,820.9956382456311
2018-02-02 20:00:00,818.9345697616269
2018-02-02 21:00:00,948.7876794164713
2018-02-02 22:00:00,899.0393007060184
2018-02-02 23:00:00,961.7946957558894
2018-02-03 00:00:00,971.3811633813656
2018-02-03 01:00:00,1080.1600080355975
2018-02-03 02:00:00,1039.72394294938
2018-02-03 03:00:00,1145.6301316876882
2018-02-03 04:00:00,1126.999017118868
2018-02-03 05:00:00,1043.8420912844306
2018-02-03 06:00:00,1216.1345069931833
2018-02-03 07:00:00,1156.4339996297622
2018-02-03 08:00:00,1183.3483237815296
2018-02-03 09:00:00,1309.9701807345261
2018-02-03 10:00:00,1025.7554711567127
2018-02-03 11:00:00,1145.077491021974
2018-02-03 12:00:00,971.468852720775
2018-02-03 13:00:00,887.7012339042989
2018-02-03 14:00:00,955.3750192818495
2018-02-03 15:00:00,880.9831168936518
2018-02-03 16:00:00,819.3686667855776
2018-02-03 17:00:00,842.2080988606118
2018-02-03 18:00:00,761.0605099949877
2018-02-03 19:00:00,821.1390425833949
2018-02-03 20:00:00,770.2606057538974
2018-02-03 21:00:00,988.7865335489233
2018-02-03 22:00:00,878.4350389408098
2018-02-03 23:00:00,948.0971551473
2018-02-04 00:00:00,963.8219575039585
2018-02-04 01:00:00,996.9912474624502
2018-02-04 02:00:00,1081.276524845717
2018-02-04 03:00:00,1131.6900252306157
2018-02-04 04:00:00,1176.9585529831372
2018-02-04 05:00:00,1182.80992767577
2018-02-04 06:00:00,1231.4450027473479
2018-02-04 07:00:00,1285.7705353580616
2018-02-04 08:00:00,1113.3758635480922
2018-02-04 09:00:00,1214.9886451936006
2018-02-04 10:00:00,1103.100535584498
2018-02-04 11:00:00,996.3252275134603
2018-02-04 12:00:00,982.5815805766908
2018-02-04 13:00:00,915.0661600445513
2018-02-04 14:00:00,896.7176564942005
2018-02-04 15:00:00,826.8647273178017
2018-02-04 16:00:00,850.6709973542547
2018-02-04 17:00:00,821.007043052943
2018-02-04 18:00:00,822.1471844613698
2018-02-04 19:00:00,857.5920911174119
2018-02-04 20:00:00,832.3206230009467
2018-02-04 21:00:00,888.2817951636684
2018-02-04 22:00:00,866.0643839616845
2018-02-04 23:00:00,964.4710255823591
2018-02-05 00:00:00,1077.997338242593
2018-02-05 01:00:00,990.9951691579588
2018-02-05 02:00:00,1193.627975845982
2018-02-05 03:00:00,1104.6365075689027
2018-02-05 04:00:00,1173.4919243280867
2018-02-05 05:00:00,1177.2506962627206
2018-02-05 06:00:00,1221.2118606505753
2018-02-05 07:00:00,1158.7029052142711
2018-02-05 08:00:00,1242.453842095602
2018-02-05 09:00:00,1108.0009260729114
2018-02-05 10:00:00,1096.141022439717
2018-02-05 11:00:00,1086.434376641978
2018-02-05 12:00:00,1064.124485120328
2018-02-05 13:00:00,965.4853362422524
2018-02-05 14:00:00,896.9851450064676
2018-02-05 15:00:00,843.0559808277509
2018-02-05 16:00:00,803.5749413491086
2018-02-05 17:00:00,723.0258930951074
2018-02-05 18:00:00,725.5106073342046
2018-02-05 19:00:00,839.5837212168148
2018-02-05 20:00:00,851.6833436201798
2018-02-05 21:00:00,855.4394015070186
2018-02-05 22:00:00,937.6251051943589
2018-02-05 23:00:00,911.4834104762521
2018-02-06 00:00:00,928.9828550560998
2018-02-06 01:00:00,1032.3179478329464
2018-02-06 02:00:00,1028.6603584302231
2018-02-06 03:00:00,1171.6678542902107
2018-02-06 04:00:00,1167.1633309074912
2018-02-06 05:00:00,1171.5853886199432
2018-02-06 06:00:00,1233.8636986607057
2018-02-06 07:00:00,1212.5685399944475
2018-02-06 08:00:00,1204.4053964465638
2018-02-06 09:00:00,1068.0373067407768
2018-02-06 10:00:00,1129.5055247276287
2018-02-06 11:00:00,1038.315599186245
2018-02-06 12:00:00,998.1907750527225
2018-02-06 13:00:00,887.2342579109109
2018-02-06 14:00:00,778.2240114928833
2018-02-06 15:00:00,939.0599485435009
2018-02-06 16:00:00,764.9099694191541
2018-02-06 17:00:00,748.7270427116553
2018-02-06 18:00:00,801.733954274627
2018-02-06 19:00:00,877.4320204974227
2018-02-06 20:00:00,866.7139341079755
2018-02-06 21:00:00,863.7639504454072
2018-02-06 22:00:00,893.9128142436791
2018-02-06 23:00:00,993.1932013814508
2018-02-07 00:00:00,1078.247500858057
2018-02-07 01:00:00,1027.7152349239193
2018-02-07 02:00:00,1047.6124146547706
2018-02-07 03:00:00,1170.0656243945568
2018-02-07 04:00:00,1137.620678890076
2018-02-07 05:00:00,1151.3037918922562
2018-02-07 06:00:00,1191.8591079590017
2018-02-07 07:00:00,1268.6631318075163
2018-02-07 08:00:00,1135.759092864545
2018-02-07 09:00:00,1100.3903428613908
2018-02-07 10:00:00,1162.0809401339334
2018-02-07 11:00:00,1050.7964313006764
2018-02-07 12:00:00,999.5324464922031
2018-02-07 13:00:00,922.4282710773
2018-02-07 14:00:00,892.9074024324393
2018-02-07 15:00:00,892.5152417984287
2018-02-07 16:00:00,798.4873683102845
2018-02-07 17:00:00,783.1964522413508
2018-02-07 18:00:00,871.310535352845
2018-02-07 19:00:00,786.4529060017549
2018-02-07 20:00:00,827.0039455547743
2018-02-07 21:00:00,855.066314663496
2018-02-07 22:00:00,985.6335319081586
2018-02-07 23:00:00,953.051120301748
2018-02-08 00:00:00,985.235778683603
2018-02-08 01:00:00,1019.7492312175398
2018-02-08 02:00:00,1060.9894678164524
2018-02-08 03:00:00,1144.1213258836347
2018-02-08 04:00:00,1173.8861428538823
2018-02-08 05:00:00,1211.7150637791624
2018-02-08 06:00:00,1185.4269502925517
2018-02-08 07:00:00,1221.794011217788
2018-02-08 08:00:00,1199.6341443352326
2018-02-08 09:00:00,1175.694914791596
2018-02-08 10:00:00,1090.8304123195078
2018-02-08 11:00:00,1051.2621137880035
2018-02-08 12:00:00,938.0620966748768
2018-02-08 13:00:00,905.6578947820693
2018-02-08 14:00:00,957.8079796594658
2018-02-08 15:00:00,942.2369873173328
2018-02-08 16:00:00,762.8222619697295
2018-02-08 17:00:00,756.0161768105522
2018-02-08 18:00:00,826.110462172275
2018-02-08 19:00:00,763.1397877328549
2018-02-08 20:00:00,802.5020425270635
2018-02-08 21:00:00,865.8620963555798
2018-02-08 22:00:00,867.0522742318608
2018-02-08 23:00:00,977.2042649076345
2018-02-09 00:00:00,1082.7229296879407
2018-02-09 01:00:00,1030.9665700740304
2018-02-09 02:00:00,1126.199511358614
2018-02-09 03:00:00,1065.1369423254814
2018-02-09 04:00:00,1221.693428413266
2018-02-09 05:00:00,1207.316623860966
2018-02-09 06:00:00,1247.1412738035842
2018-02-09 07:00:00,1158.9197443983394
2018-02-09 08:00:00,1094.118449510329
2018-02-09 09:00:00,1037.7809891848117
2018-02-09 10:00:00,1041.1954029298154
2018-02-09 11:00:00,1051.7531279222446
2018-02-09 12:00:00,925.0004337830674
2018-02-09 13:00:00,975.9276530577688
2018-02-09 14:00:00,820.4078061832713
2018-02-09 15:00:00,877.1411976231362
2018-02-09 16:00:00,809.5689509944613
2018-02-09 17:00:00,891.6927095281987
2018-02-09 18:00:00,842.188120786057
2018-02-09 19:00:00,827.0740714531948
2018-02-09 20:00:00,790.8785800884848
2018-02-09 21:00:00,901.9268751483254
2018-02-09 22:00:00,888.8605107470908
2018-02-09 23:00:00,926.9526042008893
2018-02-10 00:00:00,1067.6510296187935
2018-02-10 01:00:00,1024.6926393504177
2018-02-10 02:00:00,1077.781008432393
2018-02-10 03:00:00,1134.5430700275574
2018-02-10 04:00:00,1176.5842044851233
2018-02-10 05:00:00,1218.4349244585562
2018-02-10 06:00:00,1246.1387971911915
2018-02-10 07:00:00,1234.9115145844548
2018-02-10 08:00:00,1193.5368131436571
2018-02-10 09:00:00,1105.988268939749
2018-02-10 10:00:00,1108.5916730939496
2018-02-10 11:00:00,1046.330823778934
2018-02-10 12:00:00,1006.0213916370163
2018-02-10 13:00:00,933.8994195092065
2018-02-10 14:00:00,930.1743541977078
2018-02-10 15:00:00,886.2574949253839
2018-02-10 16:00:00,800.6259337183275
2018-02-10 17:00:00,883.0478208422388
2018-02-10 18:00:00,805.9229216704433
2018-02-10 19:00:00,804.2887869896286
2018-02-10 20:00:00,875.9842289277603
2018-02-10 21:00:00,765.1591046284038
2018-02-10 22:00:00,864.0140410061886
2018-02-10 23:00:00,951.3556010499485
2018-02-11 00:00:00,977.0926353466666
2018-02-11 01:00:00,1030.1852327245892
2018-02-11 02:00:00,1067.2356385078417
2018-02-11 03:00:00,1148.296989456022
2018-02-11 04:00:00,1228.6571292461833
2018-02-11 05:00:00,1155.659741408504
2018-02-11 06:00:00,1135.9907510185344
2018-02-11 07:00:00,1278.1221594838646
2018-02-11 08:00:00,1127.677309132755
2018-02-11 09:00:00,1132.4910584811782
2018-02-11 10:00:00,1036.2220064060023
2018-02-11 11:00:00,1063.4674352993043
2018-02-11 12:00:00,1002.546310405423
2018-02-11 13:00:00,938.0565243476833
2018-02-11 14:00:00,911.4573542573914
2018-02-11 15:00:00,864.7709647198975
2018-02-11 16:00:00,798.3166401317633
2018-02-11 17:00:00,901.4422651482807
2018-02-11 18:00:00,839.5206743398313
2018-02-11 19:00:00,882.399683111126
2018-02-11 20:00:00,770.5541206282358
2018-02-11 21:00:00,898.4208880596714
2018-02-11 22:00:00,990.7983561330791
2018-02-11 23:00:00,915.6345138101574
2018-02-12 00:00:00,962.55586224509
2018-02-12 01:00:00,1112.2921812153445
2018-02-12 02:00:00,1101.9753874897958
2018-02-12 03:00:00,1077.2359493200195
2018-02-12 04:00:00,1275.7273568561943
2018-02-12 05:00:00,1251.9347812571898
2018-02-12 06:00:00,1140.365713768464
2018-02-12 07:00:00,1246.4942114917217
2018-02-12 08:00:00,1166.2403724771818
2018-02-12 09:00:00,1171.5537925583928
2018-02-12 10:00:00,1035.2160824194148
2018-02-12 11:00:00,1033.847480377169
2018-02-12 12:00:00,979.1203476730536
2018-02-12 13:00:00,895.5513389281314
2018-02-12 14:00:00,892.0636217330475
2018-02-12 15:00:00,863.1537051286585
2018-02-12 16:00:00,796.0749883561407
2018-02-12 17:00:00,826.8986106619851
2018-02-12 18:00:00,841.179141190881
2018-02-12 19:00:00,754.3547423475159
2018-02-12 20:00:00,890.0020113654656
2018-02-12 21:00:00,833.1223619842301
2018-02-12 22:00:00,894.4686567306385
2018-02-12 23:00:00,862.932895709697
2018-02-13 00:00:00,963.1431462191528
2018-02-13 01:00:00,985.0567583456899
2018-02-13 02:00:00,1096.905745962184
2018-02-13 03:00:00,1084.4103188709303
2018-02-13 04:00:00,1195.9033361544407
2018-02-13 05:00:00,1245.7707532722127
2018-02-13 06:00:00,1228.2280024293843
2018-02-13 07:00:00,1252.1897165875178
2018-02-13 08:00:00,1162.3282275373022
2018-02-13 09:00:00,1211.2072193680544
2018-02-13 10:00:00,1067.0535967838389
2018-02-13 11:00:00,1027.628557408186
2018-02-13 12:00:00,985.5073120089248
2018-02-13 13:00:00,964.6961102115189
2018-02-13 14:00:00,885.0404548042325
2018-02-13 15:00:00,839.8121861838821
2018-02-13 16:00:00,831.6731033872302
2018-02-13 17:00:00,822.0280520377034
2018-02-13 18:00:00,740.7458703308719
2018-02-13 19:00:00,749.5275256613735
2018-02-13 20:00:00,827.0425018260203
2018-02-13 21:00:00,902.7097955801546
2018-02-13 22:00:00,965.7026023058053
2018-02-13 23:00:00,949.3775139907469
2018-02-14 00:00:00,985.4393205119992
2018-02-14 01:00:00,1084.9919426674637
2018-02-14 02:00:00,1095.070927520911
2018-02-14 03:00:00,1057.9734499808503
2018-02-14 04:00:00,1160.9344657310894
2018-02-14 05:00:00,1237.0325163458556
2018-02-14 06:00:00,1196.6791557527138
2018-02-14 07:00:00,1252.675313594505
2018-02-14 08:00:00,1145.1079398094785
2018-02-14 09:00:00,1076.9485404412933
2018-02-14 10:00:00,1061.2279753341243
2018-02-14 11:00:00,1094.3633447852717
2018-02-14 12:00:00,979.7960049321899
2018-02-14 13:00:00,1000.7659217027158
2018-02-14 14:00:00,865.3466882854061
2018-02-14 15:00:00,827.8437474855327
2018-02-14 16:00:00,863.7482401931443
2018-02-14 17:00:00,771.0924661992848
2018-02-14 18:00:00,798.4533832246607
2018-02-14 19:00:00,851.6891424685364
2018-02-14 20:00:00,826.6411828455904
2018-02-14 21:00:00,973.2839765549287
2018-02-14 22:00:00,839.9567908702921
2018-02-14 23:00:00,888.9839481486694
2018-02-15 00:00:00,1019.2304623064432
2018-02-15 01:00:00,1008.428130983418
2018-02-15 02:00:00,1142.0500131487697
2018-02-15 03:00:00,1170.296772267403
2018-02-15 04:00:00,1149.9849494987666
2018-02-15 05:00:00,1139.910983006896
2018-02-15 06:00:00,1273.3267869681877
2018-02-15 07:00:00,1162.8318259083967
2018-02-15 08:00:00,1180.33079073746
2018-02-15 09:00:00,1142.160873868243
2018-02-15 10:00:00,1124.4380753301225
2018-02-15 11:00:00,1055.0554543501657
2018-02-15 12:00:00,991.1802463221268
2018-02-15 13:00:00,918.084950419415
2018-02-15 14:00:00,941.5004845079328
2018-02-15 15:00:00,935.486792648097
2018-02-15 16:00:00,855.7915241160795
2018-02-15 17:00:00,824.4829364300089
2018-02-15 18:00:00,869.9046360074789
2018-02-15 19:00:00,832.2070817047695
2018-02-15 20:00:00,766.8297390574543
2018-02-15 21:00:00,876.7216322232512
2018-02-15 22:00:00,954.8391342750239
2018-02-15 23:00:00,926.9996510523325
2018-02-16 00:00:00,970.9932266013817
2018-02-16 01:00:00,1087.3379215775233
2018-02-16 02:00:00,1076.5301109280601
2018-02-16 03:00:00,1089.3890178297515
2018-02-16 04:00:00,1104.451290369279
2018-02-16 05:00:00,1145.0151524755665
2018-02-16 06:00:00,1183.9955013022136
2018-02-16 07:00:00,1201.4209299711674
2018-02-16 08:00:00,1187.611089406265
2018-02-16 09:00:00,1097.9004426750541
2018-02-16 10:00:00,1049.2176069030247
2018-02-16 11:00:00,1106.6137625764807
2018-02-16 12:00:00,956.8960993035556
2018-02-16 13:00:00,926.3842239365982
2018-02-16 14:00:00,847.1644087965577
2018-02-16 15:00:00,907.3118750942907
2018-02-16 16:00:00,869.1814957129129
2018-02-16 17:00:00,797.4191727431961
2018-02-16 18:00:00,813.5600036365355
2018-02-16 19:00:00,860.8000305846166
2018-02-16 20:00:00,809.2662969237698
2018-02-16 21:00:00,859.0789042733531
2018-02-16 22:00:00,914.5180857413774
2018-02-16 23:00:00,935.4460588257533
2018-02-17 00:00:00,1005.2546418885329
2018-02-17 01:00:00,1071.8446668585714
2018-02-17 02:00:00,1106.4894597314408
2018-02-17 03:00:00,1207.8470207873684
2018-02-17 04:00:00,1231.0036442884139
2018-02-17 05:00:00,1265.427692907008
2018-02-17 06:00:00,1195.1608976100035
2018-02-17 07:00:00,1234.449342319764
2018-02-17 08:00:00,1267.5566635594466
2018-02-17 09:00:00,1114.918860420492
2018-02-17 10:00:00,1176.580024562276
2018-02-17 11:00:00,1066.6169244750065
2018-02-17 12:00:00,1071.7158471727937
2018-02-17 13:00:00,1000.800257663239
2018-02-17 14:00:00,930.6618224044328
2018-02-17 15:00:00,836.065795039241
2018-02-17 16:00:00,804.7929125401234
2018-02-17 17:00:00,826.7498310810256
2018-02-17 18:00:00,963.0726856833155
2018-02-17 19:00:00,728.9062224778296
2018-02-17 20:00:00,792.4449314312337
2018-02-17 21:00:00,892.0017959006427
2018-02-17 22:00:00,843.8898525530726
2018-02-17 23:00:00,954.1644245642461
2018-02-18 00:00:00,1001.6769933398308
2018-02-18 01:00:00,999.5702401124589
2018-02-18 02:00:00,1104.237254096999
2018-02-18 03:00:00,1164.1678122319254
2018-02-18 04:00:00,1181.4596832462576
2018-02-18 05:00:00,1269.990439646257
2018-02-18 06:00:00,1228.0413621919843
2018-02-18 07:00:00,1211.5592463900011
2018-02-18 08:00:00,1132.8231562388983
2018-02-18 09:00:00,1125.134566938722
2018-02-18 10:00:00,1180.662733505937
2018-02-18 11:00:00,1032.839185427928
2018-02-18 12:00:00,991.6490143995233
2018-02-18 13:00:00,964.0567428845363
2018-02-18 14:00:00,854.3218616019697
2018-02-18 15:00:00,856.5280883462356
2018-02-18 16:00:00,866.9976542765303
2018-02-18 17:00:00,852.6981105271436
2018-02-18 18:00:00,792.8704718446785
2018-02-18 19:00:00,915.2693517836539
2018-02-18 20:00:00,916.5827325297706
2018-02-18 21:00:00,911.1490832377189
2018-02-18 22:00:00,911.8506621797203
2018-02-18 23:00:00,1029.3767645402265
2018-02-19 00:00:00,1024.3001044238215
2018-02-19 01:00:00,1029.9050233640417
2018-02-19 02:00:00,1136.6276145975771
2018-02-19 03:00:00,1072.3416080255938
2018-02-19 04:00:00,1057.0880147210735
2018-02-19 05:00:00,1170.4861203895025
2018-02-19 06:00:00,1213.8895956896788
2018-02-19 07:00:00,1109.5124171914447
2018-02-19 08:00:00,1162.5618677430843
2018-02-19 09:00:00,1080.625550849831
2018-02-19 10:00:00,1054.4739058163295
2018-02-19 11:00:00,1005.7636865496258
2018-02-19 12:00:00,1049.5656269874487
2018-02-19 13:00:00,949.1700530171859
2018-02-19 14:00:00,911.508179288305
2018-02-19 15:00:00,953.0046282927385
2018-02-19 16:00:00,866.8810929868353
2018-02-19 17:00:00,823.5048086051762
2018-02-19 18:00:00,865.9795200784954
2018-02-19 19:00:00,728.8774393001395
2018-02-19 20:00:00,813.11716776821
2018-02-19 21:00:00,870.6479616538213
2018-02-19 22:00:00,887.6268949463189
2018-02-19 23:00:00,872.3300537250287
2018-02-20 00:00:00,985.3351923978367
2018-02-20 01:00:00,970.2761145540554
2018-02-20 02:00:00,1061.6092508943848
2018-02-20 03:00:00,1092.9897905392672
2018-02-20 04:00:00,1211.9090981484471
2018-02-20 05:00:00,1086.8356676442872
2018-02-20 06:00:00,1137.4315012648167
2018-02-20 07:00:00,1204.4985468565296
2018-02-20 08:00:00,1171.5521511072118
2018-02-20 09:00:00,1194.7337312523941
2018-02-20 10:00:00,1169.8269248614279
2018-02-20 11:00:00,1033.5433873533202
2018-02-20 12:00:00,1063.995947647723
2018-02-20 13:00:00,942.3678452156113
2018-02-20 14:00:00,837.6525097429998
2018-02-20 15:00:00,822.4767343438598
2018-02-20 16:00:00,909.1586157280145
2018-02-20 17:00:00,775.6153150811522
2018-02-20 18:00:00,835.7912467288463
2018-02-20 19:00:00,773.079763726388
2018-02-20 20:00:00,730.6584941258528
2018-02-20 21:00:00,918.581437032931
2018-02-20 22:00:00,896.5816005184823
2018-02-20 23:00:00,942.4295203551865
2018-02-21 00:00:00,1022.5360517135332
2018-02-21 01:00:00,1026.8959984104495
2018-02-21 02:00:00,1037.7015879833166
2018-02-21 03:00:00,1096.4540267053274
2018-02-21 04:00:00,1227.7310927562444
2018-02-21 05:00:00,1213.58593338043
2018-02-21 06:00:00,1254.1748650226066
2018-02-21 07:00:00,1123.4697545317808
2018-02-21 08:00:00,1244.667296275684
2018-02-21 09:00:00,1093.9596150317852
2018-02-21 10:00:00,1053.6478590146698
2018-02-21 11:00:00,1008.2561652325072
2018-02-21 12:00:00,1078.9728261541773
2018-02-21 13:00:00,976.6473465812348
2018-02-21 14:00:00,848.5381862085774
2018-02-21 15:00:00,882.8253624111912
2018-02-21 16:00:00,850.0515609468424
2018-02-21 17:00:00,850.6394121567565
2018-02-21 18:00:00,848.7480079358917
2018-02-21 19:00:00,707.6338803255256
2018-02-21 20:00:00,818.6926766917627
2018-02-21 21:00:00,972.844687689403
2018-02-21 22:00:00,912.519536282561
2018-02-21 23:00:00,957.1966564639278
2018-02-22 00:00:00,955.5721429352662
2018-02-22 01:00:00,1052.9559024144824
2018-02-22 02:00:00,1125.3730024871727
2018-02-22 03:00:00,1099.6150146795746
2018-02-22 04:00:00,1198.4751496402173
2018-02-22 05:00:00,1243.4576468519952
2018-02-22 06:00:00,1200.6533101981204
2018-02-22 07:00:00,1210.385659169486
2018-02-22 08:00:00,1174.959639842809
2018-02-22 09:00:00,1077.7183035074818
2018-02-22 10:00:00,1068.4133402203197
2018-02-22 11:00:00,1024.6352470577426
2018-02-22 12:00:00,922.5889813450123
2018-02-22 13:00:00,902.8172010863566
2018-02-22 14:00:00,928.3244467648965
2018-02-22 15:00:00,818.055029784907
2018-02-22 16:00:00,902.0635841552313
2018-02-22 17:00:00,854.1521111259608
2018-02-22 18:00:00,842.8296279357593
2018-02-22 19:00:00,771.4652289996711
2018-02-22 20:00:00,800.4553087578389
2018-02-22 21:00:00,932.9442412918178
2018-02-22 22:00:00,907.8017512051741
2018-02-22 23:00:00,1020.3201780838838
2018-02-23 00:00:00,1021.0541476324576
2018-02-23 01:00:00,1076.483820355558
2018-02-23 02:00:00,1089.6914644084459
2018-02-23 03:00:00,1113.467829563987
2018-02-23 04:00:00,1197.7685489204655
2018-02-23 05:00:00,1206.9905252430108
2018-02-23 06:00:00,1149.8118367337183
2018-02-23 07:00:00,1225.3968235701645
2018-02-23 08:00:00,1104.6667365898102
2018-02-23 09:00:00,1152.142842359972
2018-02-23 10:00:00,1171.2393584249658
2018-02-23 11:00:00,1098.3854780225856
2018-02-23 12:00:00,1003.451451921441
2018-02-23 13:00:00,931.8012393056736
2018-02-23 14:00:00,874.3746434745631
2018-02-23 15:00:00,808.3725801586563
2018-02-23 16:00:00,811.9229713974578
2018-02-23 17:00:00,810.0175750819952
2018-02-23 18:00:00,843.0308211977776
2018-02-23 19:00:00,771.3669205730421
2018-02-23 20:00:00,811.2611655304906
2018-02-23 21:00:00,780.6890954261157
2018-02-23 22:00:00,865.5114485879708
2018-02-23 23:00:00,907.2338725144757
2018-02-24 00:00:00,979.9568686313419
2018-02-24 01:00:00,1051.0937895540155
2018-02-24 02:00:00,1071.2461984117533
2018-02-24 03:00:00,1130.2943843056157
2018-02-24 04:00:00,1177.3687280439635
2018-02-24 05:00:00,1125.6289045669114
2018-02-24 06:00:00,1110.3827624645821
2018-02-24 07:00:00,1189.8819459308447
2018-02-24 08:00:00,1147.7987667183284
2018-02-24 09:00:00,1030.611164344521
2018-02-24 10:00:00,1169.7910882778779
2018-02-24 11:00:00,1136.7558864981593
2018-02-24 12:00:00,996.8198069140574
2018-02-24 13:00:00,953.348929406086
2018-02-24 14:00:00,882.725845154904
2018-02-24 15:00:00,846.2791990048936
2018-02-24 16:00:00,841.3091662162017
2018-02-24 17:00:00,778.983466660828
2018-02-24 18:00:00,850.3938933770486
2018-02-24 19:00:00,821.2681881836928
2018-02-24 20:00:00,810.2606312186332
2018-02-24 21:00:00,822.2572928943825
2018-02-24 22:00:00,913.4962682053394
2018-02-24 23:00:00,1007.475553510176
2018-02-25 00:00:00,946.6474172758477
2018-02-25 01:00:00,1185.8293332388707
2018-02-25 02:00:00,1158.4617571048293
2018-02-25 03:00:00,1134.2366792489167
2018-02-25 04:00:00,1130.3516164904718
2018-02-25 05:00:00,1239.2242925256437
2018-02-25 06:00:00,1166.6787935725447
2018-02-25 07:00:00,1178.6623600273817
2018-02-25 08:00:00,1226.9444192706103
2018-02-25 09:00:00,1154.6566425751923
2018-02-25 10:00:00,1148.394781527503
2018-02-25 11:00:00,1031.110109677646
2018-02-25 12:00:00,961.4524835241848
2018-02-25 13:00:00,918.5259122809562
2018-02-25 14:00:00,868.0537919341284
2018-02-25 15:00:00,842.3434721858544
2018-02-25 16:00:00,833.1529951495917
2018-02-25 17:00:00,688.1196045345655
2018-02-25 18:00:00,830.478747708307
2018-02-25 19:00:00,882.6501636488058
2018-02-25 20:00:00,771.080378495643
2018-02-25 21:00:00,866.7601227504846
2018-02-25 22:00:00,952.3921729963068
2018-02-25 23:00:00,1006.2227741879282
2018-02-26 00:00:00,1080.5069335256496
2018-02-26 01:00:00,1114.6138357000261
2018-02-26 02:00:00,1063.847193718473
2018-02-26 03:00:00,988.8038628019681
2018-02-26 04:00:00,1200.5407236795872
2018-02-26 05:00:00,1140.7923460337352
2018-02-26 06:00:00,1194.7900105898798
2018-02-26 07:00:00,1174.7317261939966
2018-02-26 08:00:00,1149.4036007433426
2018-02-26 09:00:00,1126.5479535297563
2018-02-26 10:00:00,1067.20139116219
2018-02-26 11:00:00,1126.0734172548846
2018-02-26 12:00:00,1001.9928442128333
2018-02-26 13:00:00,968.3326952863321
2018-02-26 14:00:00,907.0275920709886
2018-02-26 15:00:00,830.1344525970302
2018-02-26 16:00:00,726.8044877287068
2018-02-26 17:00:00,793.7420721145098
2018-02-26 18:00:00,821.6662990263649
2018-02-26 19:00:00,867.231338593176
2018-02-26 20:00:00,831.8579202264707
2018-02-26 21:00:00,826.1002547755801
2018-02-26 22:00:00,910.9375076268597
2018-02-26 23:00:00,1019.2106048366312
2018-02-27 00:00:00,1097.1666005716856
2018-02-27 01:00:00,1045.4664359509402
2018-02-27 02:00:00,1214.3172184449252
2018-02-27 03:00:00,1129.4510229428004
2018-02-27 04:00:00,1066.9260536637962
2018-02-27 05:00:00,1195.479083306266
2018-02-27 06:00:00,1240.0377838826314
2018-02-27 07:00:00,1201.88163501299
2018-02-27 08:00:00,1222.2144457762854
2018-02-27 09:00:00,1129.3874695433526
2018-02-27 10:00:00,1031.800066075153
2018-02-27 11:00:00,990.1851963705722
2018-02-27 12:00:00,985.5774059132737
2018-02-27 13:00:00,884.9040640277091
2018-02-27 14:00:00,840.8970606770798
2018-02-27 15:00:00,787.9681498409694
2018-02-27 16:00:00,854.3901002933019
2018-02-27 17:00:00,897.833914185435
2018-02-27 18:00:00,849.8970878015994
2018-02-27 19:00:00,882.167492686301
2018-02-27 20:00:00,898.2059689901798
2018-02-27 21:00:00,806.5000331479297
2018-02-27 22:00:00,913.0578146713744
2018-02-27 23:00:00,889.1829577811538
2018-02-28 00:00:00,1014.0457610166134
2018-02-28 01:00:00,1098.5554520774072
2018-02-28 02:00:00,1094.2733086688456
2018-02-28 03:00:00,1205.560130632821
2018-02-28 04:00:00,1153.9141772179905
2018-02-28 05:00:00,1215.301402635119
2018-02-28 06:00:00,1182.1779307140976
2018-02-28 07:00:00,1156.1380325515627
2018-02-28 08:00:00,1213.9526989232716
2018-02-28 09:00:00,1184.1546611613096
2018-02-28 10:00:00,1113.5079989712663
2018-02-28 11:00:00,1010.2405768688844
2018-02-28 12:00:00,1027.2385763695243
2018-02-28 13:00:00,901.4099076624284
2018-02-28 14:00:00,857.7727571338114
2018-02-28 15:00:00,869.4041512172314
2018-02-28 16:00:00,837.6779289687514
2018-02-28 17:00:00,772.5506433097473
2018-02-28 18:00:00,843.812858486607
2018-02-28 19:00:00,832.501781965184
2018-02-28 20:00:00,814.0082086670753
2018-02-28 21:00:00,875.5026032527019
2018-02-28 22:00:00,976.3787427412013
2018-02-28 23:00:00,914.9292348020457
2018-03-01 00:00:00,1017.2835466131456
2018-03-01 01:00:00,1045.0949378624096
2018-03-01 02:00:00,1072.3603491202116
2018-03-01 03:00:00,1071.7332375832395
2018-03-01 04:00:00,1184.8162653421336
2018-03-01 05:00:00,1165.4897961950285
2018-03-01 06:00:00,1190.4514007453458
2018-03-01 07:00:00,1284.2948133029101
2018-03-01 08:00:00,1107.00523709019
2018-03-01 09:00:00,1159.8027921082298
2018-03-01 10:00:00,1074.2398415975708
2018-03-01 11:00:00,1133.7697874521573
2018-03-01 12:00:00,1095.0755375876702
2018-03-01 13:00:00,990.6960691669872
2018-03-01 14:00:00,899.8437604257324
2018-03-01 15:00:00,894.8557885985069
2018-03-01 16:00:00,750.681968594104
2018-03-01 17:00:00,793.4372654775229
2018-03-01 18:00:00,767.6511458456373
2018-03-01 19:00:00,796.3106506838376
2018-03-01 20:00:00,816.8445458459316
2018-03-01 21:00:00,815.7766958427466
2018-03-01 22:00:00,929.7146267233028
2018-03-01 23:00:00,982.0455835864196
2018-03-02 00:00:00,933.3133249893978
2018-03-02 01:00:00,1062.2458609206765
2018-03-02 02:00:00,1094.9944830931217
2018-03-02 03:00:00,1118.9022720561154
2018-03-02 04:00:00,1198.792243168858
2018-03-02 05:00:00,1247.271255378617
2018-03-02 06:00:00,1164.6137128895068
2018-03-02 07:00:00,1283.9245777069314
2018-03-02 08:00:00,1232.1415399895386
2018-03-02 09:00:00,1135.3624065984309
2018-03-02 10:00:00,1006.2823595017184
2018-03-02 11:00:00,1022.8125786987348
2018-03-02 12:00:00,955.128726576938
2018-03-02 13:00:00,875.8359970160355
2018-03-02 14:00:00,907.4678279551512
2018-03-02 15:00:00,831.817976429971
2018-03-02 16:00:00,892.9327397862629
2018-03-02 17:00:00,877.1177885468358
2018-03-02 18:00:00,755.8922317809394
2018-03-02 19:00:00,825.0773803797581
2018-03-02 20:00:00,787.2629205358896
2018-03-02 21:00:00,867.7041293856753
2018-03-02 22:00:00,907.5031165290264
2018-03-02 23:00:00,916.8979899315456
2018-03-03 00:00:00,1051.831641525022
2018-03-03 01:00:00,1060.511961421326
2018-03-03 02:00:00,1107.3066071804628
2018-03-03 03:00:00,1196.4824693124278
2018-03-03 04:00:00,1201.1542093475052
2018-03-03 05:00:00,1232.8282184181157
2018-03-03 06:00:00,1175.681439827504
2018-03-03 07:00:00,1121.4566814801476
2018-03-03 08:00:00,1117.1464881762488
2018-03-03 09:00:00,1095.7350616984354
2018-03-03 10:00:00,1082.7754741379038
2018-03-03 11:00:00,1111.2921372811122
2018-03-03 12:00:00,1041.6497928667386
2018-03-03 13:00:00,907.6263801369375
2018-03-03 14:00:00,868.2465417890178
2018-03-03 15:00:00,937.3230173431987
2018-03-03 16:00:00,872.7193028805098
2018-03-03 17:00:00,779.2211339707866
2018-03-03 18:00:00,774.7903096034804
2018-03-03 19:00:00,803.5762864000203
2018-03-03 20:00:00,781.4229198908771
2018-03-03 21:00:00,944.1930580023607
2018-03-03 22:00:00,926.469071387709
2018-03-03 23:00:00,870.0532923468711
2018-03-04 00:00:00,1020.3442374834638
2018-03-04 01:00:00,1124.172347478979
2018-03-04 02:00:00,1166.8394193122165
2018-03-04 03:00:00,1117.1957990520489
2018-03-04 04:00:00,1197.7016933043822
2018-03-04 05:00:00,1151.0505916987033
2018-03-04 06:00:00,1225.8260786010867
2018-03-04 07:00:00,1255.843751791679
2018-03-04 08:00:00,1144.983508929656
2018-03-04 09:00:00,1128.4636608288845
2018-03-04 10:00:00,1068.2168229082258
2018-03-04 11:00:00,1038.4354450593255
2018-03-04 12:00:00,940.4040543889068
2018-03-04 13:00:00,1031.9352258133624
2018-03-04 14:00:00,862.2065702814907
2018-03-04 15:00:00,838.6463005030172
2018-03-04 16:00:00,861.7321798174677
2018-03-04 17:00:00,835.5655593104888
2018-03-04 18:00:00,814.6475580131417
2018-03-04 19:00:00,794.4596001435328
2018-03-04 20:00:00,782.8728502562406
2018-03-04 21:00:00,790.5513534639352
2018-03-04 22:00:00,992.4746408783571
2018-03-04 23:00:00,909.8035933686257
2018-03-05 00:00:00,1045.8547220462356
2018-03-05 01:00:00,1088.289702503738
2018-03-05 02:00:00,1052.4137149946446
2018-03-05 03:00:00,1169.5906393834064
2018-03-05 04:00:00,1143.6041099804795
2018-03-05 05:00:00,1162.3220868943472
2018-03-05 06:00:00,1200.9732697295901
2018-03-05 07:00:00,1114.036155140509
2018-03-05 08:00:00,1215.6281595747362
2018-03-05 09:00:00,1141.5690243319782
2018-03-05 10:00:00,1129.7683246892354
2018-03-05 11:00:00,1088.2633433791375
2018-03-05 12:00:00,976.6414396931297
2018-03-05 13:00:00,888.0842812830608
2018-03-05 14:00:00,858.3709176849981
2018-03-05 15:00:00,856.3796687393385
2018-03-05 16:00:00,723.4460079978626
2018-03-05 17:00:00,794.5587196819015
2018-03-05 18:00:00,851.839678481513
2018-03-05 19:00:00,775.4700155236864
2018-03-05 20:00:00,750.78561370456
2018-03-05 21:00:00,844.8198498561508
2018-03-05 22:00:00,895.032861008422
2018-03-05 23:00:00,962.7709473066683
2018-03-06 00:00:00,953.6872215361971
2018-03-06 01:00:00,1122.465789965251
2018-03-06 02:00:00,1140.0197376705262
2018-03-06 03:00:00,1078.7786118476672
2018-03-06 04:00:00,1127.1322696954908
2018-03-06 05:00:00,1114.3540223405798
2018-03-06 06:00:00,1191.9167252237944
2018-03-06 07:00:00,1112.805382357786
2018-03-06 08:00:00,1132.6617472095757
2018-03-06 09:00:00,1179.8187662576408
2018-03-06 10:00:00,1172.9981532007487
2018-03-06 11:00:00,1179.613022057543
2018-03-06 12:00:00,1068.7621519579948
2018-03-06 13:00:00,1016.4233347339145
2018-03-06 14:00:00,935.7495303807434
2018-03-06 15:00:00,870.7331307860168
2018-03-06 16:00:00,783.4729475874766
2018-03-06 17:00:00,733.2489880800896
2018-03-06 18:00:00,822.5859730504287
2018-03-06 19:00:00,809.0570690010604
2018-03-06 20:00:00,765.65220356672
2018-03-06 21:00:00,765.174472778976
2018-03-06 22:00:00,921.0149335581428
2018-03-06 23:00:00,1019.9206782989763
2018-03-07 00:00:00,932.1501003654732
2018-03-07 01:00:00,1090.0381945794873
2018-03-07 02:00:00,983.9549518784725
2018-03-07 03:00:00,1146.8167160140442
2018-03-07 04:00:00,1260.5897077616328
2018-03-07 05:00:00,1177.9822129984302
2018-03-07 06:00:00,1283.4941694458473
2018-03-07 07:00:00,1219.742614271403
2018-03-07 08:00:00,1166.2122584333872
2018-03-07 09:00:00,1170.8322700918575
2018-03-07 10:00:00,1035.456217511061
2018-03-07 11:00:00,1055.6394342992212
2018-03-07 12:00:00,948.1537908502714
2018-03-07 13:00:00,987.9362329177884
2018-03-07 14:00:00,957.5251876882071
2018-03-07 15:00:00,850.9898613618868
2018-03-07 16:00:00,797.7475170663271
2018-03-07 17:00:00,877.17500526223
2018-03-07 18:00:00,830.3554588725419
2018-03-07 19:00:00,768.659009953587
2018-03-07 20:00:00,850.9657432935285
2018-03-07 21:00:00,873.2006868899954
2018-03-07 22:00:00,906.3791661415876
2018-03-07 23:00:00,999.0899265469427
2018-03-08 00:00:00,1026.515896447244
2018-03-08 01:00:00,1036.6979090367138
2018-03-08 02:00:00,1066.7068570780677
2018-03-08 03:00:00,1164.3107385851847
2018-03-08 04:00:00,1083.1970770567634
2018-03-08 05:00:00,1151.5000020637176
2018-03-08 06:00:00,1245.2095865155895
2018-03-08 07:00:00,1313.093473098522
2018-03-08 08:00:00,1142.4411947736562
2018-03-08 09:00:00,1116.3967489265253
2018-03-08 10:00:00,1197.727878503223
2018-03-08 11:00:00,1083.3198969373007
2018-03-08 12:00:00,1030.5118278476275
2018-03-08 13:00:00,860.7058852657212
2018-03-08 14:00:00,903.8561508729423
2018-03-08 15:00:00,875.8745339723366
2018-03-08 16:00:00,740.0175848472539
2018-03-08 17:00:00,814.3465403236512
2018-03-08 18:00:00,757.4646144042567
2018-03-08 19:00:00,788.791182036004
2018-03-08 20:00:00,876.6732796293711
2018-03-08 21:00:00,774.6613342384125
2018-03-08 22:00:00,965.9561905137739
2018-03-08 23:00:00,942.2142747472359
2018-03-09 00:00:00,888.4603407811614
2018-03-09 01:00:00,1006.660854665845
2018-03-09 02:00:00,1071.43541206939
2018-03-09 03:00:00,1138.870237178013
2018-03-09 04:00:00,1191.7492664430786
2018-03-09 05:00:00,1112.8315037374014
2018-03-09 06:00:00,1215.3915318622091
2018-03-09 07:00:00,1234.643822184001
2018-03-09 08:00:00,1082.670104294195
2018-03-09 09:00:00,1172.0768780180192
2018-03-09 10:00:00,1037.771804328098
2018-03-09 11:00:00,1018.9797474410213
2018-03-09 12:00:00,999.8166438019937
2018-03-09 13:00:00,965.7548977658819
2018-03-09 14:00:00,939.8342562992922
2018-03-09 15:00:00,936.2216594904519
2018-03-09 16:00:00,841.4555194910834
2018-03-09 17:00:00,860.6765237291496
2018-03-09 18:00:00,790.4215674079398
2018-03-09 19:00:00,818.9925756847825
2018-03-09 20:00:00,827.7079310257625
2018-03-09 21:00:00,868.6291329099819
2018-03-09 22:00:00,931.5126987630293
2018-03-09 23:00:00,955.5170723318944
2018-03-10 00:00:00,974.654859301341
2018-03-10 01:00:00,1081.682791343771
2018-03-10 02:00:00,1160.748342028418
2018-03-10 03:00:00,1130.3233235559612
2018-03-10 04:00:00,1175.1402383469685
2018-03-10 05:00:00,1163.4550878419172
2018-03-10 06:00:00,1077.9315868333615
2018-03-10 07:00:00,1203.5085557708123
2018-03-10 08:00:00,1159.9070375904128
2018-03-10 09:00:00,1164.597926136595
2018-03-10 10:00:00,1000.9375107054063
2018-03-10 11:00:00,1003.9847860436346
2018-03-10 12:00:00,956.6161680137426
2018-03-10 13:00:00,962.3624085666968
2018-03-10 14:00:00,822.1040359109714
2018-03-10 15:00:00,842.935766400381
2018-03-10 16:00:00,819.0922253927517
2018-03-10 17:00:00,842.7505675615336
2018-03-10 18:00:00,749.743109041001
2018-03-10 19:00:00,746.2095489644918
2018-03-10 20:00:00,770.3206593566211
2018-03-10 21:00:00,837.9531992843977
2018-03-10 22:00:00,866.7637662959052
2018-03-10 23:00:00,1022.880759269519
2018-03-11 00:00:00,900.7532485176653
2018-03-11 01:00:00,968.898507833198
2018-03-11 02:00:00,1099.5873400329501
2018-03-11 03:00:00,1089.6004808431449
2018-03-11 04:00:00,1208.6474037318449
2018-03-11 05:00:00,1207.290860804908
2018-03-11 06:00:00,1279.195194394198
2018-03-11 07:00:00,1190.070944591126
2018-03-11 08:00:00,1212.8487957455507
2018-03-11 09:00:00,1048.253932176691
2018-03-11 10:00:00,1042.2824312321306
2018-03-11 11:00:00,1026.3118877103625
2018-03-11 12:00:00,1130.1278029805012
2018-03-11 13:00:00,968.0804414583191
2018-03-11 14:00:00,940.3007962534214
2018-03-11 15:00:00,806.7051499959649
2018-03-11 16:00:00,890.2145496543369
2018-03-11 17:00:00,804.667697430676
2018-03-11 18:00:00,894.4498980235018
2018-03-11 19:00:00,831.2270472539108
2018-03-11 20:00:00,818.3211948532964
2018-03-11 21:00:00,846.851826522256
2018-03-11 22:00:00,823.903178688243
2018-03-11 23:00:00,1007.2270366246854
2018-03-12 00:00:00,1020.8982962587231
2018-03-12 01:00:00,1049.4680380393593
2018-03-12 02:00:00,1059.81937260091
2018-03-12 03:00:00,1141.548066888164
2018-03-12 04:00:00,1131.4957478506276
2018-03-12 05:00:00,1119.7273164937699
2018-03-12 06:00:00,1175.8340418497735
2018-03-12 07:00:00,1163.0577379076117
2018-03-12 08:00:00,1188.4743991686285
2018-03-12 09:00:00,1135.9584370729917
2018-03-12 10:00:00,1052.0671185255917
2018-03-12 11:00:00,1057.1550140613138
2018-03-12 12:00:00,1047.1895323959345
2018-03-12 13:00:00,1000.82135067909
2018-03-12 14:00:00,897.1022789908042
2018-03-12 15:00:00,854.3677499844798
2018-03-12 16:00:00,835.3947729860041
2018-03-12 17:00:00,797.791333648734
2018-03-12 18:00:00,771.9271334351156
2018-03-12 19:00:00,859.7734451738789
2018-03-12 20:00:00,807.4373217062596
2018-03-12 21:00:00,810.2376808651278
2018-03-12 22:00:00,865.6684596167685
2018-03-12 23:00:00,959.7224685676209
2018-03-13 00:00:00,997.1831341409708
2018-03-13 01:00:00,1028.4978998723277
2018-03-13 02:00:00,1107.069109576015
2018-03-13 03:00:00,1097.5361426155143
2018-03-13 04:00:00,1130.9354710472442
2018-03-13 05:00:00,1246.6327491616112
2018-03-13 06:00:00,1312.8302312159956
2018-03-13 07:00:00,1164.829091854694
2018-03-13 08:00:00,1157.2297890929142
2018-03-13 09:00:00,1060.0602262469938
2018-03-13 10:00:00,1108.7281652372956
2018-03-13 11:00:00,1046.9252369241672
2018-03-13 12:00:00,968.152858931759
2018-03-13 13:00:00,976.2208385069104
2018-03-13 14:00:00,837.533325782819
2018-03-13 15:00:00,837.899991587726
2018-03-13 16:00:00,816.9388687608725
2018-03-13 17:00:00,795.8612964258896
2018-03-13 18:00:00,759.077826585622
2018-03-13 19:00:00,842.3364848100185
2018-03-13 20:00:00,796.4406186872566
2018-03-13 21:00:00,839.6326277963029
2018-03-13 22:00:00,843.8573098270208
2018-03-13 23:00:00,874.5833341920617
2018-03-14 00:00:00,1068.3790260403673
2018-03-14 01:00:00,997.8283706133356
2018-03-14 02:00:00,1101.2909168959407
2018-03-14 03:00:00,1116.9001208528914
2018-03-14 04:00:00,1214.7629035365858
2018-03-14 05:00:00,1139.4755845984769
2018-03-14 06:00:00,1153.6879186568124
2018-03-14 07:00:00,1267.369260618121
2018-03-14 08:00:00,1294.2808985672077
2018-03-14 09:00:00,1222.2828457170485
2018-03-14 10:00:00,1054.9785922789422
2018-03-14 11:00:00,962.5965504905124
2018-03-14 12:00:00,1028.6703847750027
2018-03-14 13:00:00,918.1169944406402
2018-03-14 14:00:00,794.2948712679548
2018-03-14 15:00:00,801.0900876730021
2018-03-14 16:00:00,926.3675275518867
2018-03-14 17:00:00,885.4777190083303
2018-03-14 18:00:00,782.5296827427594
2018-03-14 19:00:00,797.5889281882629
2018-03-14 20:00:00,886.83212538616
2018-03-14 21:00:00,831.9386339657297
2018-03-14 22:00:00,916.9974734154104
2018-03-14 23:00:00,931.8673232131716
2018-03-15 00:00:00,1055.9658437447958
2018-03-15 01:00:00,1024.1251435825002
2018-03-15 02:00:00,1122.8668941591545
2018-03-15 03:00:00,1160.1749510385478
2018-03-15 04:00:00,1147.5376142573878
2018-03-15 05:00:00,1279.5364295691068
2018-03-15 06:00:00,1189.2711368801513
2018-03-15 07:00:00,1206.7381077978696
2018-03-15 08:00:00,1256.6703238740492
2018-03-15 09:00:00,1124.189394957069
2018-03-15 10:00:00,1076.3039640675543
2018-03-15 11:00:00,982.3925024571229
2018-03-15 12:00:00,1025.3562411294808
2018-03-15 13:00:00,954.2503377920486
2018-03-15 14:00:00,956.779896098034
2018-03-15 15:00:00,818.7532486519823
2018-03-15 16:00:00,811.4969642954674
2018-03-15 17:00:00,814.6703342985198
2018-03-15 18:00:00,844.0116317905477
2018-03-15 19:00:00,811.9133541475676
2018-03-15 20:00:00,789.4430419506673
2018-03-15 21:00:00,810.3236360356198
2018-03-15 22:00:00,896.8896835879239
2018-03-15 23:00:00,874.2031390328766
2018-03-16 00:00:00,945.4991171864219
2018-03-16 01:00:00,989.0459173349926
2018-03-16 02:00:00,1130.7237590306845
2018-03-16 03:00:00,1154.078992382461
2018-03-16 04:00:00,1222.5143736698276
2018-03-16 05:00:00,1186.7252389684345
2018-03-16 06:00:00,1194.4999418783214
2018-03-16 07:00:00,1178.4696375739536
2018-03-16 08:00:00,1188.7914977570513
2018-03-16 09:00:00,1122.2726380429438
2018-03-16 10:00:00,1153.434157196981
2018-03-16 11:00:00,1058.8600534715501
2018-03-16 12:00:00,953.5519179993836
2018-03-16 13:00:00,940.0092806051235
2018-03-16 14:00:00,917.4567402509658
2018-03-16 15:00:00,855.1454676497372
2018-03-16 16:00:00,770.6218558221477
2018-03-16 17:00:00,855.6574986607511
2018-03-16 18:00:00,822.1056955533172
2018-03-16 19:00:00,810.7489968958234
2018-03-16 20:00:00,764.2395014615796
2018-03-16 21:00:00,830.8259352729228
2018-03-16 22:00:00,825.076888523609
2018-03-16 23:00:00,1002.082402743379
2018-03-17 00:00:00,999.0227847121754
2018-03-17 01:00:00,1045.6621453815167
2018-03-17 02:00:00,1081.561590725341
2018-03-17 03:00:00,1187.0305741963668
2018-03-17 04:00:00,1248.9473202720355
2018-03-17 05:00:00,1132.7366057298984
2018-03-17 06:00:00,1251.045583809458
2018-03-17 07:00:00,1105.6547108594982
2018-03-17 08:00:00,1162.4608391314362
2018-03-17 09:00:00,1085.718151515021
2018-03-17 10:00:00,1137.7746972148148
2018-03-17 11:00:00,1090.5185940024558
2018-03-17 12:00:00,973.7838084408146
2018-03-17 13:00:00,993.4663644110359
2018-03-17 14:00:00,922.1115343667911
2018-03-17 15:00:00,791.4374046550001
2018-03-17 16:00:00,820.7714202128469
2018-03-17 17:00:00,824.2408954259098
2018-03-17 18:00:00,734.9753540330018
2018-03-17 19:00:00,765.688174534535
2018-03-17 20:00:00,778.4505466336913
2018-03-17 21:00:00,846.3179350510715
2018-03-17 22:00:00,900.4798127655579
2018-03-17 23:00:00,995.2798964790176
2018-03-18 00:00:00,945.1331861179209
2018-03-18 01:00:00,1048.4661616580922
2018-03-18 02:00:00,1078.1908171083128
2018-03-18 03:00:00,1146.3786221392722
2018-03-18 04:00:00,1217.7266812479704
2018-03-18 05:00:00,1178.1202299373908
2018-03-18 06:00:00,1232.4127206834546
2018-03-18 07:00:00,1201.2629233639
2018-03-18 08:00:00,1089.095908849069
2018-03-18 09:00:00,1162.44001376667
2018-03-18 10:00:00,1007.5370860049603
2018-03-18 11:00:00,1025.2715367594406
2018-03-18 12:00:00,1074.7621355834585
2018-03-18 13:00:00,978.932549251701
2018-03-18 14:00:00,917.1634061590876
2018-03-18 15:00:00,853.8162477631884
2018-03-18 16:00:00,749.8917508524128
2018-03-18 17:00:00,803.5963229432356
2018-03-18 18:00:00,784.9488731485707
2018-03-18 19:00:00,787.6841153937137
2018-03-18 20:00:00,808.8784035788683
2018-03-18 21:00:00,838.9522981358991
2018-03-18 22:00:00,898.2009721518833
2018-03-18 23:00:00,968.3653195458587
2018-03-19 00:00:00,1010.5088061237298
2018-03-19 01:00:00,1081.0971366778763
2018-03-19 02:00:00,1119.7642985482876
2018-03-19 03:00:00,1179.049789618193
2018-03-19 04:00:00,1172.2132524843223
2018-03-19 05:00:00,1151.211539199352
2018-03-19 06:00:00,1232.3205788448295
2018-03-19 07:00:00,1176.1557223706925
2018-03-19 08:00:00,1137.3834774119925
2018-03-19 09:00:00,1154.7227410849514
2018-03-19 10:00:00,1101.5863272506715
2018-03-19 11:00:00,1059.163140490898
2018-03-19 12:00:00,975.6390375651658
2018-03-19 13:00:00,955.354096092841
2018-03-19 14:00:00,862.984863179482
2018-03-19 15:00:00,849.748432912701
2018-03-19 16:00:00,879.2521276416556
2018-03-19 17:00:00,785.5366355762634
2018-03-19 18:00:00,875.4746102420029
2018-03-19 19:00:00,789.0740708195558
2018-03-19 20:00:00,821.8377404794509
2018-03-19 21:00:00,833.7207563079043
2018-03-19 22:00:00,953.4609698693525
2018-03-19 23:00:00,1013.801134641159
2018-03-20 00:00:00,991.8791845292993
2018-03-20 01:00:00,1123.0863568921145
2018-03-20 02:00:00,1212.242502948927
2018-03-20 03:00:00,1127.6805735015482
2018-03-20 04:00:00,1177.888003412305
2018-03-20 05:00:00,1251.7477981576571
2018-03-20 06:00:00,1182.4162815979078
2018-03-20 07:00:00,1164.749476903332
2018-03-20 08:00:00,1202.3726100346607
2018-03-20 09:00:00,1123.376926220115
2018-03-20 10:00:00,1134.1022258902344
2018-03-20 11:00:00,1031.23149382291
2018-03-20 12:00:00,865.0622464893341
2018-03-20 13:00:00,832.2517611794652
2018-03-20 14:00:00,837.6357858660319
2018-03-20 15:00:00,885.5854387584895
2018-03-20 16:00:00,834.9060965461006
2018-03-20 17:00:00,849.0770463775458
2018-03-20 18:00:00,787.408375775171
2018-03-20 19:00:00,826.1930201133283
2018-03-20 20:00:00,768.1735900774622
2018-03-20 21:00:00,877.9717031874261
2018-03-20 22:00:00,834.3218072495537
2018-03-20 23:00:00,924.8411580886412
2018-03-21 00:00:00,1062.8050330142898
2018-03-21 01:00:00,958.9162991130504
2018-03-21 02:00:00,1176.6149255705782
2018-03-21 03:00:00,1138.3399441152424
2018-03-21 04:00:00,1149.8509193046368
2018-03-21 05:00:00,1173.6618800605966
2018-03-21 06:00:00,1143.193893611705
2018-03-21 07:00:00,1192.5254277015883
2018-03-21 08:00:00,1244.799975128385
2018-03-21 09:00:00,1104.5435860273922
2018-03-21 10:00:00,1133.2987517665995
2018-03-21 11:00:00,1124.6281858114548
2018-03-21 12:00:00,1033.6331827028325
2018-03-21 13:00:00,921.2519234691393
2018-03-21 14:00:00,892.2687914595308
2018-03-21 15:00:00,839.790581938039
2018-03-21 16:00:00,756.6261953444309
2018-03-21 17:00:00,770.775833051493
2018-03-21 18:00:00,821.7615112679833
2018-03-21 19:00:00,796.762655733317
2018-03-21 20:00:00,824.852643030469
2018-03-21 21:00:00,894.8183404243733
2018-03-21 22:00:00,871.6912117870146
2018-03-21 23:00:00,958.1514762678388
2018-03-22 00:00:00,1033.1917302232791
2018-03-22 01:00:00,1060.900075880273
2018-03-22 02:00:00,1115.2759977545027
2018-03-22 03:00:00,1092.005912684588
2018-03-22 04:00:00,1238.5247252893005
2018-03-22 05:00:00,1167.8581725626163
2018-03-22 06:00:00,1256.9245247126748
2018-03-22 07:00:00,1152.5506886179585
2018-03-22 08:00:00,1119.119081639601
2018-03-22 09:00:00,1110.700829757594
2018-03-22 10:00:00,1172.1184103301143
2018-03-22 11:00:00,996.3664348241174
2018-03-22 12:00:00,1046.076573984147
2018-03-22 13:00:00,923.0128607672074
2018-03-22 14:00:00,902.6761103282959
2018-03-22 15:00:00,920.0987981021682
2018-03-22 16:00:00,780.6752732620846
2018-03-22 17:00:00,761.3114977222368
2018-03-22 18:00:00,737.4113774007021
2018-03-22 19:00:00,806.9263116513446
2018-03-22 20:00:00,855.3207101095534
2018-03-22 21:00:00,778.1775858002417
2018-03-22 22:00:00,859.5405103858944
2018-03-22 23:00:00,897.6275257680018
2018-03-23 00:00:00,1066.3567604911063
2018-03-23 01:00:00,1101.3359594212634
2018-03-23 02:00:00,1157.4460850027408
2018-03-23 03:00:00,1115.7874586716014
2018-03-23 04:00:00,1252.0795951524556
2018-03-23 05:00:00,1142.2208052026776
2018-03-23 06:00:00,1193.41761598917
2018-03-23 07:00:00,1182.7784198600034
2018-03-23 08:00:00,1209.996737234743
2018-03-23 09:00:00,1108.9713099780324
2018-03-23 10:00:00,1085.3461614342236
2018-03-23 11:00:00,1039.7207052350136
2018-03-23 12:00:00,1028.7902573149888
2018-03-23 13:00:00,922.304358456467
2018-03-23 14:00:00,874.6874728606725
2018-03-23 15:00:00,837.1018207409171
2018-03-23 16:00:00,894.8948909068016
2018-03-23 17:00:00,855.255800177343
2018-03-23 18:00:00,730.1768101038286
2018-03-23 19:00:00,821.4533441663012
2018-03-23 20:00:00,837.1470265439083
2018-03-23 21:00:00,876.2201602870036
2018-03-23 22:00:00,915.0078947198497
2018-03-23 23:00:00,962.7703064849211
2018-03-24 00:00:00,1016.6526443848311
2018-03-24 01:00:00,1046.1928329306036
2018-03-24 02:00:00,1070.3461722916165
2018-03-24 03:00:00,1116.1851739635147
2018-03-24 04:00:00,1050.8480437798048
2018-03-24 05:00:00,1179.621122425202
2018-03-24 06:00:00,1147.0264843723342
2018-03-24 07:00:00,1185.6590001581062
2018-03-24 08:00:00,1127.4690415525447
2018-03-24 09:00:00,1065.7116084927363
2018-03-24 10:00:00,1063.466869569099
2018-03-24 11:00:00,1145.075001486744
2018-03-24 12:00:00,981.0898952369969
2018-03-24 13:00:00,1070.2976536682086
2018-03-24 14:00:00,867.1637545640574
2018-03-24 15:00:00,979.1863071466419
2018-03-24 16:00:00,830.9225086566427
2018-03-24 17:00:00,743.980219713359
2018-03-24 18:00:00,801.5019231638922
2018-03-24 19:00:00,788.949002457727
2018-03-24 20:00:00,853.7356861756716
2018-03-24 21:00:00,887.1739242808865
2018-03-24 22:00:00,937.3406265869044
2018-03-24 23:00:00,957.9394461101915
2018-03-25 00:00:00,1073.2676905092753
2018-03-25 01:00:00,1020.8867813903668
2018-03-25 02:00:00,1128.6295997412603
2018-03-25 03:00:00,1121.5400685933153
2018-03-25 04:00:00,1146.8335046665957
2018-03-25 05:00:00,1170.0856262116858
2018-03-25 06:00:00,1307.1178241510847
2018-03-25 07:00:00,1186.1669391368355
2018-03-25 08:00:00,1214.8184686836235
2018-03-25 09:00:00,1165.1613815389064
2018-03-25 10:00:00,1060.8131641704422
2018-03-25 11:00:00,1105.555586603428
2018-03-25 12:00:00,938.942256073589
2018-03-25 13:00:00,1036.6445760518498
2018-03-25 14:00:00,943.9215470129398
2018-03-25 15:00:00,843.2992860236511
2018-03-25 16:00:00,840.7610493616929
2018-03-25 17:00:00,754.8033333031684
2018-03-25 18:00:00,847.7852136319849
2018-03-25 19:00:00,832.4044919587147
2018-03-25 20:00:00,824.9185404003431
2018-03-25 21:00:00,804.3099225577007
2018-03-25 22:00:00,878.8637022505276
2018-03-25 23:00:00,981.7200376400818
2018-03-26 00:00:00,1065.253144115164
2018-03-26 01:00:00,1078.6329673834641
2018-03-26 02:00:00,1124.5584652172663
2018-03-26 03:00:00,1193.8825120970891
2018-03-26 04:00:00,1160.5747780384854
2018-03-26 05:00:00,1153.0822021920128
2018-03-26 06:00:00,1262.2596633321743
2018-03-26 07:00:00,1172.700298443842
2018-03-26 08:00:00,1158.5913564459072
2018-03-26 09:00:00,1060.3483198606095
2018-03-26 10:00:00,1151.2846828445172
2018-03-26 11:00:00,999.9874383174672
2018-03-26 12:00:00,1038.5702949674665
2018-03-26 13:00:00,841.9299094422031
2018-03-26 14:00:00,927.0025368216288
2018-03-26 15:00:00,760.4802836252272
2018-03-26 16:00:00,833.326418729353
2018-03-26 17:00:00,771.9466790423332
2018-03-26 18:00:00,835.6567547994078
2018-03-26 19:00:00,748.5925284507064
2018-03-26 20:00:00,660.439733718657
2018-03-26 21:00:00,855.7942758475144
2018-03-26 22:00:00,951.8674519374719
2018-03-26 23:00:00,1014.4663623482502
2018-03-27 00:00:00,1055.2438915132693
2018-03-27 01:00:00,1015.6591692899852
2018-03-27 02:00:00,1062.6227516529225
2018-03-27 03:00:00,1116.2580362779959
2018-03-27 04:00:00,1179.2424123293374
2018-03-27 05:00:00,1208.4216853291102
2018-03-27 06:00:00,1300.1441943760747
2018-03-27 07:00:00,1205.0794718093068
2018-03-27 08:00:00,1271.3794114459938
2018-03-27 09:00:00,1155.4540637068653
2018-03-27 10:00:00,1212.1123266547256
2018-03-27 11:00:00,1085.8052848379389
2018-03-27 12:00:00,964.7549897184589
2018-03-27 13:00:00,984.6466808505988
2018-03-27 14:00:00,948.019640474666
2018-03-27 15:00:00,907.6787244894332
2018-03-27 16:00:00,853.4895597349029
2018-03-27 17:00:00,816.631043444097
2018-03-27 18:00:00,797.7169083516897
2018-03-27 19:00:00,731.8866102013973
2018-03-27 20:00:00,838.0380114510497
2018-03-27 21:00:00,875.6196258941111
2018-03-27 22:00:00,955.8591296373875
2018-03-27 23:00:00,914.5985984019513
2018-03-28 00:00:00,1074.6742173702332
2018-03-28 01:00:00,1145.6959062894628
2018-03-28 02:00:00,1077.2366192201034
2018-03-28 03:00:00,1158.5924964829755
2018-03-28 04:00:00,1161.1463678034982
2018-03-28 05:00:00,1151.846209963337
2018-03-28 06:00:00,1190.6336893670152
2018-03-28 07:00:00,1180.7674480189853
2018-03-28 08:00:00,1162.476451821352
2018-03-28 09:00:00,1191.5040102378205
2018-03-28 10:00:00,1142.2549270396662
2018-03-28 11:00:00,989.9135969586921
2018-03-28 12:00:00,967.2083720926591
2018-03-28 13:00:00,970.5479219043375
2018-03-28 14:00:00,858.8161980879814
2018-03-28 15:00:00,831.4497016820246
2018-03-28 16:00:00,760.5232979104529
2018-03-28 17:00:00,822.5548113129214
2018-03-28 18:00:00,750.5593408245254
2018-03-28 19:00:00,881.5774066168659
2018-03-28 20:00:00,810.4437186620249
2018-03-28 21:00:00,826.8344573856175
2018-03-28 22:00:00,877.1725333208021
2018-03-28 23:00:00,874.8763663896281
2018-03-29 00:00:00,994.9837941818618
2018-03-29 01:00:00,1099.174180313465
2018-03-29 02:00:00,1067.9288754159734
2018-03-29 03:00:00,1151.1481574505497
2018-03-29 04:00:00,1174.4103323657316
2018-03-29 05:00:00,1210.6176297882735
2018-03-29 06:00:00,1152.2644353914686
2018-03-29 07:00:00,1243.936076197721
2018-03-29 08:00:00,1116.6273918868967
2018-03-29 09:00:00,1120.6251644668337
2018-03-29 10:00:00,1136.2921399457318
2018-03-29 11:00:00,1166.823056216668
2018-03-29 12:00:00,1058.5816691901925
2018-03-29 13:00:00,980.7005114136734
2018-03-29 14:00:00,909.8591347738729
2018-03-29 15:00:00,808.080869448186
2018-03-29 16:00:00,798.6603791155117
2018-03-29 17:00:00,843.2249228313626
2018-03-29 18:00:00,863.1539526798796
2018-03-29 19:00:00,884.22330635084
2018-03-29 20:00:00,900.5907086879715
2018-03-29 21:00:00,848.5432619165036
2018-03-29 22:00:00,967.245426325527
2018-03-29 23:00:00,945.6923244027726
2018-03-30 00:00:00,995.666709823031
2018-03-30 01:00:00,1073.6757015897224
2018-03-30 02:00:00,1128.0136727823544
2018-03-30 03:00:00,1021.3981946724974
2018-03-30 04:00:00,1205.7104027671749
2018-03-30 05:00:00,1226.7247099190397
2018-03-30 06:00:00,1204.9339456545551
2018-03-30 07:00:00,1140.7503612366027
2018-03-30 08:00:00,1224.4244386691548
2018-03-30 09:00:00,1192.3322783351628
2018-03-30 10:00:00,1057.2483566822955
2018-03-30 11:00:00,1074.0204398968629
2018-03-30 12:00:00,960.0859498665918
2018-03-30 13:00:00,961.739323256296
2018-03-30 14:00:00,932.2017534571411
2018-03-30 15:00:00,947.0894204998518
2018-03-30 16:00:00,854.0816520989723
2018-03-30 17:00:00,862.7169351302265
2018-03-30 18:00:00,748.7779583323116
2018-03-30 19:00:00,896.6550992702254
2018-03-30 20:00:00,795.2785257757408
2018-03-30 21:00:00,875.7000836871381
2018-03-30 22:00:00,985.8272923292216
2018-03-30 23:00:00,1065.4075894025002
2018-03-31 00:00:00,991.2435913127856
2018-03-31 01:00:00,974.6953513407678
2018-03-31 02:00:00,1141.7553712003246
2018-03-31 03:00:00,1154.2638333027385
2018-03-31 04:00:00,1091.4313572926465
2018-03-31 05:00:00,1105.227071399375
2018-03-31 06:00:00,1175.9042945856647
2018-03-31 07:00:00,1214.2165816630425
2018-03-31 08:00:00,1268.450155025732
2018-03-31 09:00:00,1148.1935065507673
2018-03-31 10:00:00,1054.2475534873802
2018-03-31 11:00:00,1045.7239237371957
2018-03-31 12:00:00,1040.6714483259498
2018-03-31 13:00:00,962.1707439569464
2018-03-31 14:00:00,902.7135987010105
2018-03-31 15:00:00,801.8942326010049
2018-03-31 16:00:00,832.0013197850903
2018-03-31 17:00:00,771.1890870507182
2018-03-31 18:00:00,799.5007146531304
2018-03-31 19:00:00,841.844567063958
2018-03-31 20:00:00,838.1490362848143
2018-03-31 21:00:00,868.107341057737
2018-03-31 22:00:00,905.3307750415102
2018-03-31 23:00:00,876.1944365859351
2018-04-01 00:00:00,956.7874595915155
2018-04-01 01:00:00,1183.5760560945319
2018-04-01 02:00:00,1095.3981911785754
2018-04-01 03:00:00,1144.5640996013963
2018-04-01 04:00:00,1154.0344313798455
2018-04-01 05:00:00,1181.2008881524896
2018-04-01 06:00:00,1187.4795023241886
2018-04-01 07:00:00,1238.23837714169
2018-04-01 08:00:00,1253.7772055630471
2018-04-01 09:00:00,1135.5806582306038
2018-04-01 10:00:00,1197.8841123790062
2018-04-01 11:00:00,919.4274620525912
2018-04-01 12:00:00,932.8823443929575
2018-04-01 13:00:00,1064.8805763632913
2018-04-01 14:00:00,914.749943931666
2018-04-01 15:00:00,843.6118964656014
2018-04-01 16:00:00,798.6965982915143
2018-04-01 17:00:00,775.4466109832623
2018-04-01 18:00:00,837.1130885188595
2018-04-01 19:00:00,753.2501412941051
2018-04-01 20:00:00,780.7103882477031
2018-04-01 21:00:00,792.6132992375705
2018-04-01 22:00:00,907.6785540837857
2018-04-01 23:00:00,913.6134028139389
2018-04-02 00:00:00,1105.6243212245968
2018-04-02 01:00:00,1084.1941521365338
2018-04-02 02:00:00,1133.2367935297038
2018-04-02 03:00:00,1218.3452971719166
2018-04-02 04:00:00,1204.234438775572
2018-04-02 05:00:00,1154.5332907358516
2018-04-02 06:00:00,1129.9543443237396
2018-04-02 07:00:00,1213.3961648540803
2018-04-02 08:00:00,1240.3554270363652
2018-04-02 09:00:00,1149.7064632174447
2018-04-02 10:00:00,1062.1820132998846
2018-04-02 11:00:00,1022.8027939321908
2018-04-02 12:00:00,1021.4761674354538
2018-04-02 13:00:00,952.0318153481833
2018-04-02 14:00:00,962.417240667642
2018-04-02 15:00:00,894.794931565983
2018-04-02 16:00:00,756.8160297535502
2018-04-02 17:00:00,821.88922244664
2018-04-02 18:00:00,871.7641066625577
2018-04-02 19:00:00,911.5642677677092
2018-04-02 20:00:00,762.8005121526878
2018-04-02 21:00:00,797.1841200138853
2018-04-02 22:00:00,845.7036362317133
2018-04-02 23:00:00,898.9475022937005
2018-04-03 00:00:00,962.2121256823566
2018-04-03 01:00:00,1099.5998241550112
2018-04-03 02:00:00,1038.4014370251637
2018-04-03 03:00:00,1130.0855861742336
2018-04-03 04:00:00,1265.5238364674278
2018-04-03 05:00:00,1168.8120169961858
2018-04-03 06:00:00,1221.3930123495174
2018-04-03 07:00:00,1253.913203121112
2018-04-03 08:00:00,1156.028640550564
2018-04-03 09:00:00,1206.2240212228744
2018-04-03 10:00:00,1099.5490182402782
2018-04-03 11:00:00,1027.0220320673836
2018-04-03 12:00:00,1056.5966634433694
2018-04-03 13:00:00,930.7156990877634
2018-04-03 14:00:00,999.3649313085082
2018-04-03 15:00:00,875.2972158262676
2018-04-03 16:00:00,892.5427316740157
2018-04-03 17:00:00,813.648698288853
2018-04-03 18:00:00,750.0336887107907
2018-04-03 19:00:00,758.2176076704275
2018-04-03 20:00:00,794.3238697278206
2018-04-03 21:00:00,864.691550386611
2018-04-03 22:00:00,925.5336006117153
2018-04-03 23:00:00,951.0236639417091
2018-04-04 00:00:00,977.8507741944403
2018-04-04 01:00:00,984.9073137114792
2018-04-04 02:00:00,1182.0461630493119
2018-04-04 03:00:00,1143.5735982593433
2018-04-04 04:00:00,1194.8954227632423
2018-04-04 05:00:00,1130.738272829211
2018-04-04 06:00:00,1207.0869602896216
2018-04-04 07:00:00,1191.9343651491727
2018-04-04 08:00:00,1183.6420554514164
2018-04-04 09:00:00,1117.4729591493642
2018-04-04 10:00:00,1148.747452130844
2018-04-04 11:00:00,1035.383168691604
2018-04-04 12:00:00,1025.6617684803668
2018-04-04 13:00:00,1031.2393858806254
2018-04-04 14:00:00,908.2668347340901
2018-04-04 15:00:00,783.7424272912561
2018-04-04 16:00:00,865.4466786390068
2018-04-04 17:00:00,672.5757012368477
2018-04-04 18:00:00,793.9535301538053
2018-04-04 19:00:00,860.2671638862254
2018-04-04 20:00:00,850.5396791451132
2018-04-04 21:00:00,851.9449547334682
2018-04-04 22:00:00,887.4484320806424
2018-04-04 23:00:00,1012.6512680087809
2018-04-05 00:00:00,1065.3050665150486
2018-04-05 01:00:00,975.4932977521282
2018-04-05 02:00:00,1119.9300071287375
2018-04-05 03:00:00,1186.5172215471252
2018-04-05 04:00:00,1102.1438133993781
2018-04-05 05:00:00,1279.5033496334427
2018-04-05 06:00:00,1208.9253043612546
2018-04-05 07:00:00,1273.7811684734702
2018-04-05 08:00:00,1147.3177821461143
2018-04-05 09:00:00,1176.258749531019
2018-04-05 10:00:00,1131.187256776773
2018-04-05 11:00:00,1118.049405046546
2018-04-05 12:00:00,951.2529203018449
2018-04-05 13:00:00,877.2697471563619
2018-04-05 14:00:00,930.7934459462024
2018-04-05 15:00:00,833.6088356519275
2018-04-05 16:00:00,903.6815910584165
2018-04-05 17:00:00,775.6086464565985
2018-04-05 18:00:00,795.4386074330024
2018-04-05 19:00:00,821.1133598097615
2018-04-05 20:00:00,881.0837939672215
2018-04-05 21:00:00,809.6816731421629
2018-04-05 22:00:00,823.7287292853922
2018-04-05 23:00:00,910.704743989377
2018-04-06 00:00:00,1042.5591101796792
2018-04-06 01:00:00,1068.901541360186
2018-04-06 02:00:00,1036.984813133328
2018-04-06 03:00:00,1024.6351010230017
2018-04-06 04:00:00,1177.4439332666298
2018-04-06 05:00:00,1166.472592903337
2018-04-06 06:00:00,1176.9129273818687
2018-04-06 07:00:00,1270.9423069430356
2018-04-06 08:00:00,1271.498918661012
2018-04-06 09:00:00,1051.0067833084681
2018-04-06 10:00:00,1144.7681295227637
2018-04-06 11:00:00,1023.8991581362591
2018-04-06 12:00:00,947.5984662860496
2018-04-06 13:00:00,904.2468840402204
2018-04-06 14:00:00,862.4066015325636
2018-04-06 15:00:00,943.2602052298251
2018-04-06 16:00:00,967.9562380759392
2018-04-06 17:00:00,786.2156342385592
2018-04-06 18:00:00,885.2745815736199
2018-04-06 19:00:00,785.478044848305
2018-04-06 20:00:00,845.8214094432883
2018-04-06 21:00:00,882.0521879587192
2018-04-06 22:00:00,829.2832380960981
2018-04-06 23:00:00,991.719919544337
2018-04-07 00:00:00,968.3973995325703
2018-04-07 01:00:00,1125.5841432495765
2018-04-07 02:00:00,1115.025077749459
2018-04-07 03:00:00,1114.9826186240962
2018-04-07 04:00:00,1245.7503864425257
2018-04-07 05:00:00,1201.4480944595336
2018-04-07 06:00:00,1157.7603007781304
2018-04-07 07:00:00,1200.2758200238002
2018-04-07 08:00:00,1181.1613729142591
2018-04-07 09:00:00,1108.2529687396168
2018-04-07 10:00:00,1063.449968333019
2018-04-07 11:00:00,1058.2841294890018
2018-04-07 12:00:00,943.2848647792861
2018-04-07 13:00:00,954.6215442852274
2018-04-07 14:00:00,979.241375886098
2018-04-07 15:00:00,864.5135781868238
2018-04-07 16:00:00,851.1275493049583
2018-04-07 17:00:00,795.6794474932601
2018-04-07 18:00:00,845.9344977885098
2018-04-07 19:00:00,797.0420506758024
2018-04-07 20:00:00,834.5682596430231
2018-04-07 21:00:00,813.99865155347
2018-04-07 22:00:00,963.5321002597199
2018-04-07 23:00:00,956.1570640678775
2018-04-08 00:00:00,1070.199556211433
2018-04-08 01:00:00,1235.4553589842556
2018-04-08 02:00:00,1141.0235458233915
2018-04-08 03:00:00,1117.7208638123873
2018-04-08 04:00:00,1224.6927428990296
2018-04-08 05:00:00,1285.085349848406
2018-04-08 06:00:00,1240.5708803907999
2018-04-08 07:00:00,1180.969050772871
2018-04-08 08:00:00,1183.5239435537314
2018-04-08 09:00:00,1043.2464067821904
2018-04-08 10:00:00,1060.9490537545705
2018-04-08 11:00:00,1034.0043939627926
2018-04-08 12:00:00,1024.3615217487768
2018-04-08 13:00:00,1024.961381737527
2018-04-08 14:00:00,876.8886930370338
2018-04-08 15:00:00,841.4698634312444
2018-04-08 16:00:00,858.8483320725825
2018-04-08 17:00:00,754.8234063149903
2018-04-08 18:00:00,832.3572974046175
2018-04-08 19:00:00,798.1670800855433
2018-04-08 20:00:00,911.0708811913012
2018-04-08 21:00:00,830.7675700438576
2018-04-08 22:00:00,930.2418480282709
2018-04-08 23:00:00,899.4064861233126
2018-04-09 00:00:00,1023.8950112631331
2018-04-09 01:00:00,1061.4141905819408
2018-04-09 02:00:00,1092.9012236693986
2018-04-09 03:00:00,1115.99230220321
2018-04-09 04:00:00,1171.6773618876202
2018-04-09 05:00:00,1091.7503347711602
2018-04-09 06:00:00,1150.3055358405131
2018-04-09 07:00:00,1099.2732553376848
2018-04-09 08:00:00,1194.5429863224756
2018-04-09 09:00:00,1192.1988519300492
2018-04-09 10:00:00,1020.7753077643599
2018-04-09 11:00:00,1029.429511910344
2018-04-09 12:00:00,940.8269961184551
2018-04-09 13:00:00,894.4970978700671
2018-04-09 14:00:00,891.1376888953661
2018-04-09 15:00:00,900.1764702378672
2018-04-09 16:00:00,798.379993235177
2018-04-09 17:00:00,758.1693787803724
2018-04-09 18:00:00,754.8855032770323
2018-04-09 19:00:00,734.9218194736874
2018-04-09 20:00:00,759.9881992424644
2018-04-09 21:00:00,882.6202994257235
2018-04-09 22:00:00,936.753528403124
2018-04-09 23:00:00,1009.2177005370512
2018-04-10 00:00:00,1002.4888671002132
2018-04-10 01:00:00,1097.6204620601486
2018-04-10 02:00:00,1148.090203948588
2018-04-10 03:00:00,1192.2810965419353
2018-04-10 04:00:00,1064.224856718039
2018-04-10 05:00:00,1117.220397781278
2018-04-10 06:00:00,1177.0894536346243
2018-04-10 07:00:00,1252.8036625049128
2018-04-10 08:00:00,1162.316408904242
2018-04-10 09:00:00,1148.6014259086255
2018-04-10 10:00:00,1165.3068272071218
2018-04-10 11:00:00,992.3006903626452
2018-04-10 12:00:00,1014.2633331484493
2018-04-10 13:00:00,861.3295934212217
2018-04-10 14:00:00,964.0189599252489
2018-04-10 15:00:00,829.3158506870718
2018-04-10 16:00:00,807.352244301079
2018-04-10 17:00:00,779.668236176739
2018-04-10 18:00:00,812.2819238955005
2018-04-10 19:00:00,851.5141080978958
2018-04-10 20:00:00,978.2404222320038
2018-04-10 21:00:00,844.3818032439845
2018-04-10 22:00:00,876.5877861053017
2018-04-10 23:00:00,936.4129497351136
2018-04-11 00:00:00,1000.7713542355194
2018-04-11 01:00:00,1098.1729393778053
2018-04-11 02:00:00,1101.7012085779484
2018-04-11 03:00:00,1143.8202685605763
2018-04-11 04:00:00,1151.2677468375541
2018-04-11 05:00:00,1219.8670227586967
2018-04-11 06:00:00,1173.0548541559767
2018-04-11 07:00:00,1258.5454675209241
2018-04-11 08:00:00,1148.866111593085
2018-04-11 09:00:00,1062.1730545157097
2018-04-11 10:00:00,1107.9209549175616
2018-04-11 11:00:00,1165.9108498166822
2018-04-11 12:00:00,1006.1190505224364
2018-04-11 13:00:00,940.4543059951217
2018-04-11 14:00:00,854.6609774263214
2018-04-11 15:00:00,926.3628030054717
2018-04-11 16:00:00,862.2161034752268
2018-04-11 17:00:00,747.9574855684116
2018-04-11 18:00:00,866.9558442618747
2018-04-11 19:00:00,832.6085213765002
2018-04-11 20:00:00,809.8415220253931
2018-04-11 21:00:00,838.3655023166087
2018-04-11 22:00:00,830.1283232061982
2018-04-11 23:00:00,916.8370709494712
2018-04-12 00:00:00,1036.1274373163135
2018-04-12 01:00:00,1102.0828853441324
2018-04-12 02:00:00,1037.5120034335052
2018-04-12 03:00:00,1185.1187939692231
2018-04-12 04:00:00,1285.3164192485729
2018-04-12 05:00:00,1201.5215320107673
2018-04-12 06:00:00,1374.059776358797
2018-04-12 07:00:00,1148.2353607301911
2018-04-12 08:00:00,1126.905094695965
2018-04-12 09:00:00,1180.3463552154296
2018-04-12 10:00:00,1111.7906445564058
2018-04-12 11:00:00,1090.472889872777
2018-04-12 12:00:00,944.2526185626015
2018-04-12 13:00:00,944.4212383200303
2018-04-12 14:00:00,871.8832240685095
2018-04-12 15:00:00,903.0435360537138
2018-04-12 16:00:00,740.6853174681611
2018-04-12 17:00:00,847.4321280032874
2018-04-12 18:00:00,802.5867662954679
2018-04-12 19:00:00,811.2843132150773
2018-04-12 20:00:00,844.7319600482721
2018-04-12 21:00:00,868.8320194666625
2018-04-12 22:00:00,825.909591460228
2018-04-12 23:00:00,903.071590222497
2018-04-13 00:00:00,958.2247474785684
2018-04-13 01:00:00,1032.9165045472414
2018-04-13 02:00:00,1056.4397745880115
2018-04-13 03:00:00,1090.2799661697707
2018-04-13 04:00:00,1148.7613045867026
2018-04-13 05:00:00,1189.1878499524469
2018-04-13 06:00:00,1171.6664490053024
2018-04-13 07:00:00,1207.965465569093
2018-04-13 08:00:00,1252.022856092921
2018-04-13 09:00:00,1182.8631385437884
2018-04-13 10:00:00,1167.81331321576
2018-04-13 11:00:00,1073.8362232341615
2018-04-13 12:00:00,1047.752864185278
2018-04-13 13:00:00,956.4976412856848
2018-04-13 14:00:00,943.3229363068135
2018-04-13 15:00:00,894.7040551879215
2018-04-13 16:00:00,863.932237843161
2018-04-13 17:00:00,792.0240234772567
2018-04-13 18:00:00,816.713872956275
2018-04-13 19:00:00,787.798422884075
2018-04-13 20:00:00,832.1528750276999
2018-04-13 21:00:00,875.0921294611454
2018-04-13 22:00:00,928.1409630505476
2018-04-13 23:00:00,902.2347170074516
2018-04-14 00:00:00,994.2304071604136
2018-04-14 01:00:00,1011.1961793172452
2018-04-14 02:00:00,1086.3586678971217
2018-04-14 03:00:00,1129.6464963460253
2018-04-14 04:00:00,1104.0427007365677
2018-04-14 05:00:00,1158.443359667397
2018-04-14 06:00:00,1109.3513825158934
2018-04-14 07:00:00,1238.218793675214
2018-04-14 08:00:00,1150.405330260298
2018-04-14 09:00:00,1176.405489743118
2018-04-14 10:00:00,1075.7514725170317
2018-04-14 11:00:00,1050.0381474217786
2018-04-14 12:00:00,964.4915225739373
2018-04-14 13:00:00,994.2172017222522
2018-04-14 14:00:00,965.3247830142792
2018-04-14 15:00:00,875.0774667336968
2018-04-14 16:00:00,844.8592871814782
2018-04-14 17:00:00,901.2461097770635
2018-04-14 18:00:00,840.5721192558484
2018-04-14 19:00:00,766.1587643560534
2018-04-14 20:00:00,756.8089635183821
2018-04-14 21:00:00,823.559479041735
2018-04-14 22:00:00,834.6288437649376
2018-04-14 23:00:00,911.604459974548
2018-04-15 00:00:00,1071.8528430413671
2018-04-15 01:00:00,1023.6208142464526
2018-04-15 02:00:00,1045.843165835848
2018-04-15 03:00:00,1091.6443638623869
2018-04-15 04:00:00,1178.1649041017029
2018-04-15 05:00:00,1178.4600131032498
2018-04-15 06:00:00,1220.5414007265708
2018-04-15 07:00:00,1133.4121672598922
2018-04-15 08:00:00,1157.4000150238892
2018-04-15 09:00:00,1114.7122427179868
2018-04-15 10:00:00,1080.208779707635
2018-04-15 11:00:00,1141.2427569647039
2018-04-15 12:00:00,912.5439197384521
2018-04-15 13:00:00,1032.6884948451907
2018-04-15 14:00:00,881.2091758010896
2018-04-15 15:00:00,788.1720551716254
2018-04-15 16:00:00,814.5661792714202
2018-04-15 17:00:00,773.2522563492456
2018-04-15 18:00:00,834.4622742325312
2018-04-15 19:00:00,722.0171369034692
2018-04-15 20:00:00,837.3012692838983
2018-04-15 21:00:00,973.8532919999736
2018-04-15 22:00:00,946.9187234946053
2018-04-15 23:00:00,913.3195283877931
2018-04-16 00:00:00,973.7043258291925
2018-04-16 01:00:00,1125.9151709749374
2018-04-16 02:00:00,1109.409154214851
2018-04-16 03:00:00,1111.668358298036
2018-04-16 04:00:00,1166.174201961964
2018-04-16 05:00:00,1188.2462084018832
2018-04-16 06:00:00,1223.1849813732351
2018-04-16 07:00:00,1191.263098983048
2018-04-16 08:00:00,1154.0511501469439
2018-04-16 09:00:00,1203.6918861425836
2018-04-16 10:00:00,1027.7422481058406
2018-04-16 11:00:00,1038.0255108015967
2018-04-16 12:00:00,952.9257291669924
2018-04-16 13:00:00,1054.0590277868082
2018-04-16 14:00:00,906.417171433793
2018-04-16 15:00:00,832.1601227004583
2018-04-16 16:00:00,908.6914612147747
2018-04-16 17:00:00,856.2314615396655
2018-04-16 18:00:00,824.5174929207528
2018-04-16 19:00:00,787.5498614812569
2018-04-16 20:00:00,818.9996568761271
2018-04-16 21:00:00,811.0656905525626
2018-04-16 22:00:00,856.6707223523811
2018-04-16 23:00:00,916.6120182136842
2018-04-17 00:00:00,1049.086445670326
2018-04-17 01:00:00,1075.2152514847683
2018-04-17 02:00:00,1134.1578037284373
2018-04-17 03:00:00,1139.4735580023014
2018-04-17 04:00:00,1257.9089093802847
2018-04-17 05:00:00,1177.6104109429853
2018-04-17 06:00:00,1219.1775628760724
2018-04-17 07:00:00,1192.897887329759
2018-04-17 08:00:00,1145.1162648637035
2018-04-17 09:00:00,1202.387458370854
2018-04-17 10:00:00,1083.506782317953
2018-04-17 11:00:00,1139.3100020073596
2018-04-17 12:00:00,1014.6573821755148
2018-04-17 13:00:00,992.6281989507959
2018-04-17 14:00:00,873.2001494229041
2018-04-17 15:00:00,877.7743438648333
2018-04-17 16:00:00,788.8990033487821
2018-04-17 17:00:00,797.3869260630963
2018-04-17 18:00:00,775.4977536219004
2018-04-17 19:00:00,740.7066550949883
2018-04-17 20:00:00,842.4086939169214
2018-04-17 21:00:00,872.0491859152253
2018-04-17 22:00:00,983.5634000757757
2018-04-17 23:00:00,885.1557326535869
2018-04-18 00:00:00,1013.824640970924
2018-04-18 01:00:00,1091.214351583329
2018-04-18 02:00:00,1082.6665623195343
2018-04-18 03:00:00,1123.2313105951762
2018-04-18 04:00:00,1170.8102240210217
2018-04-18 05:00:00,1286.398837479283
2018-04-18 06:00:00,1224.0964222727773
2018-04-18 07:00:00,1192.0895807066427
2018-04-18 08:00:00,1033.134801235818
2018-04-18 09:00:00,1126.784471149917
2018-04-18 10:00:00,1007.2163367453145
2018-04-18 11:00:00,995.6483956692362
2018-04-18 12:00:00,940.7959073975029
2018-04-18 13:00:00,1003.8971365525591
2018-04-18 14:00:00,875.164142254214
2018-04-18 15:00:00,810.7137617649424
2018-04-18 16:00:00,907.0896328400192
2018-04-18 17:00:00,776.6220987056507
2018-04-18 18:00:00,825.3192069418835
2018-04-18 19:00:00,804.4176601326392
2018-04-18 20:00:00,818.4474026414374
2018-04-18 21:00:00,802.191707303183
2018-04-18 22:00:00,964.061508481149
2018-04-18 23:00:00,993.0976110448602
2018-04-19 00:00:00,977.7412368741236
2018-04-19 01:00:00,1101.8634464362626
2018-04-19 02:00:00,1021.4150674876164
2018-04-19 03:00:00,1148.9030581309312
2018-04-19 04:00:00,1254.262128224077
2018-04-19 05:00:00,1099.5169761770696
2018-04-19 06:00:00,1212.6722478629504
2018-04-19 07:00:00,1131.7942716460823
2018-04-19 08:00:00,1164.276120409424
2018-04-19 09:00:00,1108.2413897567285
2018-04-19 10:00:00,1186.5357458460078
2018-04-19 11:00:00,1052.4872172697314
2018-04-19 12:00:00,1063.3284576243852
2018-04-19 13:00:00,993.3116082051607
2018-04-19 14:00:00,936.5165106626944
2018-04-19 15:00:00,771.2684298677974
2018-04-19 16:00:00,838.209527043225
2018-04-19 17:00:00,788.1995324304288
2018-04-19 18:00:00,770.8640845312237
2018-04-19 19:00:00,815.8613490841554
2018-04-19 20:00:00,872.2206317264051
2018-04-19 21:00:00,875.6155278990966
2018-04-19 22:00:00,945.7585601048893
2018-04-19 23:00:00,962.8446713032362
2018-04-20 00:00:00,1020.2799187757505
2018-04-20 01:00:00,1036.6495757157115
2018-04-20 02:00:00,1149.1167179319364
2018-04-20 03:00:00,1131.58841964028
2018-04-20 04:00:00,1275.7668113742272
2018-04-20 05:00:00,1158.2796806417396
2018-04-20 06:00:00,1237.9227059572172
2018-04-20 07:00:00,1247.9670341121307
2018-04-20 08:00:00,1144.6332797001544
2018-04-20 09:00:00,1076.4645354555141
2018-04-20 10:00:00,1136.0390743148098
2018-04-20 11:00:00,1036.6582536198903
2018-04-20 12:00:00,921.6634026222198
2018-04-20 13:00:00,1082.615396681917
2018-04-20 14:00:00,953.5308616515094
2018-04-20 15:00:00,927.3804250517536
2018-04-20 16:00:00,769.8433272184092
2018-04-20 17:00:00,769.2706752344164
2018-04-20 18:00:00,831.0570771246961
2018-04-20 19:00:00,708.2568393649583
2018-04-20 20:00:00,888.4046342804744
2018-04-20 21:00:00,868.7872020644542
2018-04-20 22:00:00,917.6094653137628
2018-04-20 23:00:00,873.0658213549821
2018-04-21 00:00:00,988.6283050487282
2018-04-21 01:00:00,1108.590403769132
2018-04-21 02:00:00,1109.4737034626744
2018-04-21 03:00:00,1182.6785519126631
2018-04-21 04:00:00,1193.3008000572313
2018-04-21 05:00:00,1200.7149447572833
2018-04-21 06:00:00,1155.2162547630335
2018-04-21 07:00:00,1197.8428675821372
2018-04-21 08:00:00,1159.482400595187
2018-04-21 09:00:00,1074.3086134339544
2018-04-21 10:00:00,1020.6016678939709
2018-04-21 11:00:00,1052.6273327105716
2018-04-21 12:00:00,992.9195839059335
2018-04-21 13:00:00,1018.2050845993679
2018-04-21 14:00:00,1028.6990426537393
2018-04-21 15:00:00,851.73619709112
2018-04-21 16:00:00,832.1809203236988
2018-04-21 17:00:00,773.6069763847033
2018-04-21 18:00:00,785.738582621839
2018-04-21 19:00:00,849.7047212405458
2018-04-21 20:00:00,879.5552728970293
2018-04-21 21:00:00,918.6259848346556
2018-04-21 22:00:00,847.6640283947094
2018-04-21 23:00:00,958.2026261000282
2018-04-22 00:00:00,933.7309561465041
2018-04-22 01:00:00,1024.6598162187884
2018-04-22 02:00:00,1038.0566521136866
2018-04-22 03:00:00,1139.0845448421474
2018-04-22 04:00:00,1228.2109561138448
2018-04-22 05:00:00,1184.0583476367729
2018-04-22 06:00:00,1191.3403399791287
2018-04-22 07:00:00,1194.1153447666381
2018-04-22 08:00:00,1194.2533281763965
2018-04-22 09:00:00,1131.2709166760899
2018-04-22 10:00:00,1074.9826904900222
2018-04-22 11:00:00,1050.6581917254387
2018-04-22 12:00:00,979.460491157869
2018-04-22 13:00:00,988.4005206775477
2018-04-22 14:00:00,922.2858971039739
2018-04-22 15:00:00,864.9939506515345
2018-04-22 16:00:00,871.2771495938507
2018-04-22 17:00:00,761.1632642361952
2018-04-22 18:00:00,832.3691778810049
2018-04-22 19:00:00,807.0529650189945
2018-04-22 20:00:00,774.5356142302079
2018-04-22 21:00:00,775.1165359034936
2018-04-22 22:00:00,926.9566773367587
2018-04-22 23:00:00,868.0629467730021
2018-04-23 00:00:00,975.3649770881383
2018-04-23 01:00:00,985.2520153321943
2018-04-23 02:00:00,1116.5380553964615
2018-04-23 03:00:00,1123.8306352161865
2018-04-23 04:00:00,1150.0961274682747
2018-04-23 05:00:00,1211.3343640079788
2018-04-23 06:00:00,1163.5274709136793
2018-04-23 07:00:00,1161.710572716598
2018-04-23 08:00:00,1152.4338755455908
2018-04-23 09:00:00,1144.9601786046035
2018-04-23 10:00:00,1153.1081797314837
2018-04-23 11:00:00,998.6006582853843
2018-04-23 12:00:00,1048.5216134960096
2018-04-23 13:00:00,981.4001738142194
2018-04-23 14:00:00,945.4810317967946
2018-04-23 15:00:00,844.8704955546532
2018-04-23 16:00:00,860.3351291426231
2018-04-23 17:00:00,855.4105054516265
2018-04-23 18:00:00,745.8380055629905
2018-04-23 19:00:00,751.0787644864824
2018-04-23 20:00:00,885.7079445288923
2018-04-23 21:00:00,789.4306822392789
2018-04-23 22:00:00,854.5449892742581
2018-04-23 23:00:00,956.2567090763795
2018-04-24 00:00:00,959.6811597561975
2018-04-24 01:00:00,1043.5750625453197
2018-04-24 02:00:00,1034.1124044787207
2018-04-24 03:00:00,1172.1875290383305
2018-04-24 04:00:00,1150.1539052174408
2018-04-24 05:00:00,1227.8516906418276
2018-04-24 06:00:00,1315.7539934952301
2018-04-24 07:00:00,1209.7729380186038
2018-04-24 08:00:00,1264.7978764116374
2018-04-24 09:00:00,1220.8808998182012
2018-04-24 10:00:00,1129.251443117694
2018-04-24 11:00:00,1074.1956815903543
2018-04-24 12:00:00,1018.7434901256189
2018-04-24 13:00:00,998.9792544578376
2018-04-24 14:00:00,904.7879661465626
2018-04-24 15:00:00,844.8695490414984
2018-04-24 16:00:00,761.760858359132
2018-04-24 17:00:00,685.6126161274025
2018-04-24 18:00:00,829.2880687575358
2018-04-24 19:00:00,811.5979509303835
2018-04-24 20:00:00,825.5659846264384
2018-04-24 21:00:00,811.7039991855511
2018-04-24 22:00:00,873.3405622148679
2018-04-24 23:00:00,902.3398689672908
2018-04-25 00:00:00,1050.701439255748
2018-04-25 01:00:00,1140.231634552736
2018-04-25 02:00:00,1017.5978417084655
2018-04-25 03:00:00,1086.604578323254
2018-04-25 04:00:00,1105.2311073031472
2018-04-25 05:00:00,1183.670707930679
2018-04-25 06:00:00,1193.1305067296419
2018-04-25 07:00:00,1175.930447637663
2018-04-25 08:00:00,1203.4395741339958
2018-04-25 09:00:00,1131.8873087351762
2018-04-25 10:00:00,1066.135561621728
2018-04-25 11:00:00,1003.9193561029485
2018-04-25 12:00:00,996.1572548464106
2018-04-25 13:00:00,902.9571545862586
2018-04-25 14:00:00,955.9561033184458
2018-04-25 15:00:00,901.7494753917795
2018-04-25 16:00:00,884.4291313226494
2018-04-25 17:00:00,723.9835801171075
2018-04-25 18:00:00,823.7634811396794
2018-04-25 19:00:00,869.44014667418
2018-04-25 20:00:00,747.475847292521
2018-04-25 21:00:00,833.332199498888
2018-04-25 22:00:00,957.3341361512789
2018-04-25 23:00:00,986.9622376670129
2018-04-26 00:00:00,959.9853041741837
2018-04-26 01:00:00,1044.7136326282932
2018-04-26 02:00:00,1064.1375428987521
2018-04-26 03:00:00,1177.3142256358046
2018-04-26 04:00:00,1145.4145991261128
2018-04-26 05:00:00,1174.4576326003435
2018-04-26 06:00:00,1135.165980562491
2018-04-26 07:00:00,1242.7530520847997
2018-04-26 08:00:00,1197.6952682265708
2018-04-26 09:00:00,1154.040715323681
2018-04-26 10:00:00,1174.225473999898
2018-04-26 11:00:00,1013.9001407583603
2018-04-26 12:00:00,1045.2482947382941
2018-04-26 13:00:00,906.251727644209
2018-04-26 14:00:00,949.6269101615424
2018-04-26 15:00:00,842.9082545348699
2018-04-26 16:00:00,889.8366720678387
2018-04-26 17:00:00,781.1120884484802
2018-04-26 18:00:00,920.4315883200741
2018-04-26 19:00:00,793.778533381898
2018-04-26 20:00:00,858.067842152994
2018-04-26 21:00:00,862.5373696252365
2018-04-26 22:00:00,939.4303782535153
2018-04-26 23:00:00,914.8263546741259
2018-04-27 00:00:00,940.9779575882017
2018-04-27 01:00:00,964.5138785042708
2018-04-27 02:00:00,992.9720155611515
2018-04-27 03:00:00,1196.6091160447297
2018-04-27 04:00:00,1099.5371777664252
2018-04-27 05:00:00,1131.2018526931272
2018-04-27 06:00:00,1163.3803704564352
2018-04-27 07:00:00,1173.250391968388
2018-04-27 08:00:00,1121.6603961201054
2018-04-27 09:00:00,1159.847818987882
2018-04-27 10:00:00,1052.557789235586
2018-04-27 11:00:00,1029.2486995486297
2018-04-27 12:00:00,1097.1050591753205
2018-04-27 13:00:00,998.7000671490136
2018-04-27 14:00:00,911.8633670509909
2018-04-27 15:00:00,897.6741820907098
2018-04-27 16:00:00,816.2637564256851
2018-04-27 17:00:00,771.3376701303418
2018-04-27 18:00:00,730.6257687487569
2018-04-27 19:00:00,755.5248285477517
2018-04-27 20:00:00,856.965041592475
2018-04-27 21:00:00,908.6773783116546
2018-04-27 22:00:00,920.0919778443517
2018-04-27 23:00:00,962.3011596425447
2018-04-28 00:00:00,963.9341722375573
2018-04-28 01:00:00,979.092150249135
2018-04-28 02:00:00,1115.5272917831771
2018-04-28 03:00:00,1127.8898100989743
2018-04-28 04:00:00,1218.8565932064284
2018-04-28 05:00:00,1199.093584964815
2018-04-28 06:00:00,1221.292376151714
2018-04-28 07:00:00,1237.5480302522874
2018-04-28 08:00:00,1164.6209433413194
2018-04-28 09:00:00,1115.4919003628006
2018-04-28 10:00:00,1125.6688372844594
2018-04-28 11:00:00,1023.7488293543822
2018-04-28 12:00:00,961.9582753136787
2018-04-28 13:00:00,879.4859986962055
2018-04-28 14:00:00,946.1233150037726
2018-04-28 15:00:00,851.096047299869
2018-04-28 16:00:00,920.9179469989786
2018-04-28 17:00:00,836.6274593291696
2018-04-28 18:00:00,818.2241865546398
2018-04-28 19:00:00,797.6868060844029
2018-04-28 20:00:00,796.278485718947
2018-04-28 21:00:00,918.7137520182798
2018-04-28 22:00:00,867.838515278169
2018-04-28 23:00:00,1012.443552662989
2018-04-29 00:00:00,994.8516953274437
2018-04-29 01:00:00,1043.7078091701915
2018-04-29 02:00:00,1179.8729624830016
2018-04-29 03:00:00,1210.022278237521
2018-04-29 04:00:00,1178.4579323153293
2018-04-29 05:00:00,1173.0130017976921
2018-04-29 06:00:00,1229.0823264320495
2018-04-29 07:00:00,1201.472157955487
2018-04-29 08:00:00,1251.6889907717289
2018-04-29 09:00:00,1120.399327643122
2018-04-29 10:00:00,1003.1993490702383
2018-04-29 11:00:00,1031.3676055416202
2018-04-29 12:00:00,1010.7790315004113
2018-04-29 13:00:00,963.4895040268574
2018-04-29 14:00:00,854.4722136812735
2018-04-29 15:00:00,974.5559395885698
2018-04-29 16:00:00,812.7652231629795
2018-04-29 17:00:00,882.9030029698753
2018-04-29 18:00:00,803.196814806001
2018-04-29 19:00:00,766.7896774486258
2018-04-29 20:00:00,776.7407504857218
2018-04-29 21:00:00,888.7743046285799
2018-04-29 22:00:00,847.6484878670901
2018-04-29 23:00:00,981.4629141889532
2018-04-30 00:00:00,990.7661110134209
2018-04-30 01:00:00,1021.2285502279432
2018-04-30 02:00:00,1180.4660397743207
2018-04-30 03:00:00,1032.4912901423536
2018-04-30 04:00:00,1125.4769170460186
2018-04-30 05:00:00,1165.614901422688
2018-04-30 06:00:00,1193.250166096448
2018-04-30 07:00:00,1247.4786826997627
2018-04-30 08:00:00,1184.571642770098
2018-04-30 09:00:00,1125.5606728131852
2018-04-30 10:00:00,1100.4906309020882
2018-04-30 11:00:00,1126.0650155066087
2018-04-30 12:00:00,1011.1670742468435
2018-04-30 13:00:00,957.8522854450872
2018-04-30 14:00:00,865.4971780162516
2018-04-30 15:00:00,950.7508573777602
2018-04-30 16:00:00,824.6025492886388
2018-04-30 17:00:00,855.0556900528245
2018-04-30 18:00:00,851.7626889629289
2018-04-30 19:00:00,740.1263419891226
2018-04-30 20:00:00,812.3012736039339
2018-04-30 21:00:00,860.6288469965058
2018-04-30 22:00:00,925.4268694963358
2018-04-30 23:00:00,940.9106815099442
2018-05-01 00:00:00,1015.2307593812661
2018-05-01 01:00:00,1071.6835523515851
2018-05-01 02:00:00,1144.1390037141398
2018-05-01 03:00:00,1190.3637065348669
2018-05-01 04:00:00,1147.1565216393465
2018-05-01 05:00:00,1242.6821602956618
2018-05-01 06:00:00,1279.8370561341187
2018-05-01 07:00:00,1230.7338489456886
2018-05-01 08:00:00,1252.8682346911683
2018-05-01 09:00:00,1138.5748432300902
2018-05-01 10:00:00,1141.79575720552
2018-05-01 11:00:00,1003.359485404153
2018-05-01 12:00:00,948.0189511804098
2018-05-01 13:00:00,861.0907058422968
2018-05-01 14:00:00,988.2191291912743
2018-05-01 15:00:00,872.9068741125313
2018-05-01 16:00:00,761.9414886210625
2018-05-01 17:00:00,838.1276833497976
2018-05-01 18:00:00,752.8659063099268
2018-05-01 19:00:00,755.306689422332
2018-05-01 20:00:00,775.5170707874204
2018-05-01 21:00:00,862.2817036748362
2018-05-01 22:00:00,944.167933070098
2018-05-01 23:00:00,938.7299211801585
2018-05-02 00:00:00,1086.4180735860086
2018-05-02 01:00:00,1084.9234139725997
2018-05-02 02:00:00,954.8691098505716
2018-05-02 03:00:00,1205.8343441090683
2018-05-02 04:00:00,1218.211224118954
2018-05-02 05:00:00,1145.6117061173095
2018-05-02 06:00:00,1149.260125694604
2018-05-02 07:00:00,1187.4596355178003
2018-05-02 08:00:00,1128.003117245619
2018-05-02 09:00:00,1171.5878842373083
2018-05-02 10:00:00,994.8124744560955
2018-05-02 11:00:00,1031.9631208345088
2018-05-02 12:00:00,923.6112967847394
2018-05-02 13:00:00,1027.8182774989011
2018-05-02 14:00:00,800.7183932387835
2018-05-02 15:00:00,810.0528675428038
2018-05-02 16:00:00,801.3770565339444
2018-05-02 17:00:00,780.930784364845
2018-05-02 18:00:00,872.6583915443887
2018-05-02 19:00:00,761.0295539765831
2018-05-02 20:00:00,871.2550211816426
2018-05-02 21:00:00,802.0959861009785
2018-05-02 22:00:00,913.5509241662104
2018-05-02 23:00:00,869.3576725873834
2018-05-03 00:00:00,933.3376446974322
2018-05-03 01:00:00,1111.900407962221
2018-05-03 02:00:00,1067.779448463859
2018-05-03 03:00:00,1171.736844122135
2018-05-03 04:00:00,1121.5899688797938
2018-05-03 05:00:00,1175.6125394791798
2018-05-03 06:00:00,1207.496921921993
2018-05-03 07:00:00,1138.7723337546524
2018-05-03 08:00:00,1206.8342241726816
2018-05-03 09:00:00,1195.4477588519985
2018-05-03 10:00:00,1129.2718801614924
2018-05-03 11:00:00,1030.7199474981994
2018-05-03 12:00:00,1019.4758555479694
2018-05-03 13:00:00,955.6828566788527
2018-05-03 14:00:00,860.5541097328478
2018-05-03 15:00:00,867.7819300707594
2018-05-03 16:00:00,821.5339341006118
2018-05-03 17:00:00,857.2281371791247
2018-05-03 18:00:00,805.5379915757613
2018-05-03 19:00:00,805.2896741670032
2018-05-03 20:00:00,811.6242301989631
2018-05-03 21:00:00,874.2835425079691
2018-05-03 22:00:00,949.1871421845277
2018-05-03 23:00:00,1051.2690181461583
2018-05-04 00:00:00,1052.1990891808
2018-05-04 01:00:00,1018.3423594964925
2018-05-04 02:00:00,1169.2481544851769
2018-05-04 03:00:00,1163.4367636868847
2018-05-04 04:00:00,1214.4311645418752
2018-05-04 05:00:00,1095.9973384068048
2018-05-04 06:00:00,1285.202327884218
2018-05-04 07:00:00,1246.1057523529016
2018-05-04 08:00:00,1109.6238913531358
2018-05-04 09:00:00,1126.9416626852108
2018-05-04 10:00:00,1122.866509763064
2018-05-04 11:00:00,1087.6564653079574
2018-05-04 12:00:00,980.3051407309613
2018-05-04 13:00:00,913.0881045636186
2018-05-04 14:00:00,846.847861275236
2018-05-04 15:00:00,814.3078072456293
2018-05-04 16:00:00,819.8759670541342
2018-05-04 17:00:00,872.7594115508878
2018-05-04 18:00:00,889.0275480029105
2018-05-04 19:00:00,802.834182275293
2018-05-04 20:00:00,844.4023083250884
2018-05-04 21:00:00,886.021554890533
2018-05-04 22:00:00,971.6012319947952
2018-05-04 23:00:00,924.503943562631
2018-05-05 00:00:00,934.6657110000434
2018-05-05 01:00:00,1110.9464570261184
2018-05-05 02:00:00,1094.100182694245
2018-05-05 03:00:00,1186.461041389512
2018-05-05 04:00:00,1123.372799922396
2018-05-05 05:00:00,1201.0812457154123
2018-05-05 06:00:00,1153.7671437358367
2018-05-05 07:00:00,1203.897225441932
2018-05-05 08:00:00,1155.3914870481597
2018-05-05 09:00:00,1141.9379306381763
2018-05-05 10:00:00,1126.2912304219826
2018-05-05 11:00:00,971.3731422326094
2018-05-05 12:00:00,1022.2508094175819
2018-05-05 13:00:00,941.1352570887309
2018-05-05 14:00:00,895.0650082836286
2018-05-05 15:00:00,808.0178809285337
2018-05-05 16:00:00,751.7917137734734
2018-05-05 17:00:00,878.9940601676356
2018-05-05 18:00:00,734.696706546604
2018-05-05 19:00:00,751.3636278919345
2018-05-05 20:00:00,905.4543637149516
2018-05-05 21:00:00,848.8157601076863
2018-05-05 22:00:00,912.4932469236353
2018-05-05 23:00:00,852.965242916173
2018-05-06 00:00:00,1020.3700662712248
2018-05-06 01:00:00,992.4658101184627
2018-05-06 02:00:00,990.1593739276958
2018-05-06 03:00:00,1241.0168954143162
2018-05-06 04:00:00,1154.7262332548391
2018-05-06 05:00:00,1198.1998615082584
2018-05-06 06:00:00,1124.824709328912
2018-05-06 07:00:00,1245.7204200322835
2018-05-06 08:00:00,1059.9141395968272
2018-05-06 09:00:00,1131.3055113482474
2018-05-06 10:00:00,1054.5396485708575
2018-05-06 11:00:00,1038.5227943664715
2018-05-06 12:00:00,973.1478201849125
2018-05-06 13:00:00,993.1893000910113
2018-05-06 14:00:00,820.4280011668794
2018-05-06 15:00:00,862.5559599126294
2018-05-06 16:00:00,752.0336757572672
2018-05-06 17:00:00,775.5617158185938
2018-05-06 18:00:00,785.3725660289473
2018-05-06 19:00:00,844.7037963297328
2018-05-06 20:00:00,865.7380989811526
2018-05-06 21:00:00,914.6417807273517
2018-05-06 22:00:00,936.8406593296605
2018-05-06 23:00:00,996.1954225240878
2018-05-07 00:00:00,1014.2162867973716
2018-05-07 01:00:00,1045.0048106048253
2018-05-07 02:00:00,1073.8679325475402
2018-05-07 03:00:00,1132.2367226919
2018-05-07 04:00:00,1167.1592295923308
2018-05-07 05:00:00,1139.1150696735951
2018-05-07 06:00:00,1161.453080263074
2018-05-07 07:00:00,1214.4862467158734
2018-05-07 08:00:00,1120.70495862834
2018-05-07 09:00:00,1120.3992439914757
2018-05-07 10:00:00,1062.7629926601116
2018-05-07 11:00:00,1093.0679712970837
2018-05-07 12:00:00,906.4886803340833
2018-05-07 13:00:00,987.8578187240421
2018-05-07 14:00:00,850.1701473047796
2018-05-07 15:00:00,902.19526251313
2018-05-07 16:00:00,872.0235446822342
2018-05-07 17:00:00,816.1682280366126
2018-05-07 18:00:00,809.9216313969821
2018-05-07 19:00:00,816.6573279401537
2018-05-07 20:00:00,797.1808475088909
2018-05-07 21:00:00,816.4203792590761
2018-05-07 22:00:00,829.3395780107502
2018-05-07 23:00:00,1020.0681467493093
2018-05-08 00:00:00,908.2812817216613
2018-05-08 01:00:00,1016.6281386641174
2018-05-08 02:00:00,1128.2357089406023
2018-05-08 03:00:00,1031.9278323393803
2018-05-08 04:00:00,1076.6110740244712
2018-05-08 05:00:00,1196.3288822603085
2018-05-08 06:00:00,1190.6723735790788
2018-05-08 07:00:00,1220.3508868568372
2018-05-08 08:00:00,1224.5354298787686
2018-05-08 09:00:00,1139.4608709935806
2018-05-08 10:00:00,1076.8799096335601
2018-05-08 11:00:00,1023.9609213552259
2018-05-08 12:00:00,1068.2855598541266
2018-05-08 13:00:00,892.8245514320711
2018-05-08 14:00:00,871.3054141758564
2018-05-08 15:00:00,873.8250911546087
2018-05-08 16:00:00,887.0750269949604
2018-05-08 17:00:00,799.4365115202932
2018-05-08 18:00:00,733.8905199607432
2018-05-08 19:00:00,824.5475072638419
2018-05-08 20:00:00,835.4524984085323
2018-05-08 21:00:00,829.0837370985225
2018-05-08 22:00:00,942.6431151621958
2018-05-08 23:00:00,925.0863287279296
2018-05-09 00:00:00,1073.207023094518
2018-05-09 01:00:00,1148.9510013330303
2018-05-09 02:00:00,1010.1848717648415
2018-05-09 03:00:00,1116.7016225447474
2018-05-09 04:00:00,1085.1570109018478
2018-05-09 05:00:00,1132.7624225691184
2018-05-09 06:00:00,1225.9402722380632
2018-05-09 07:00:00,1290.6869033925398
2018-05-09 08:00:00,1136.2790991260492
2018-05-09 09:00:00,1198.4950196461139
2018-05-09 10:00:00,1084.0717125315298
2018-05-09 11:00:00,1092.1893808486077
2018-05-09 12:00:00,987.3660880244595
2018-05-09 13:00:00,984.1820595942436
2018-05-09 14:00:00,961.1947097020932
2018-05-09 15:00:00,904.8037117322964
2018-05-09 16:00:00,944.9924070833114
2018-05-09 17:00:00,794.9011728812964
2018-05-09 18:00:00,684.1248432135636
2018-05-09 19:00:00,837.2967022540877
2018-05-09 20:00:00,795.0022052922548
2018-05-09 21:00:00,827.4257276187941
2018-05-09 22:00:00,869.2825261953769
2018-05-09 23:00:00,918.3210921255042
2018-05-10 00:00:00,1059.8982844169404
2018-05-10 01:00:00,1072.7247384804593
2018-05-10 02:00:00,1066.104956781529
2018-05-10 03:00:00,1098.3364567573262
2018-05-10 04:00:00,1204.065201081729
2018-05-10 05:00:00,1222.5003394852802
2018-05-10 06:00:00,1212.9187533218735
2018-05-10 07:00:00,1240.8299316408231
2018-05-10 08:00:00,1118.9072409685907
2018-05-10 09:00:00,1164.316368937831
2018-05-10 10:00:00,1094.3059709369327
2018-05-10 11:00:00,1091.2969555173718
2018-05-10 12:00:00,1047.7028931362006
2018-05-10 13:00:00,1031.737303416653
2018-05-10 14:00:00,892.8921195084349
2018-05-10 15:00:00,867.3324742495339
2018-05-10 16:00:00,820.2642576126968
2018-05-10 17:00:00,845.7825022535445
2018-05-10 18:00:00,791.4191704355995
2018-05-10 19:00:00,702.6849334078721
2018-05-10 20:00:00,817.4647465137432
2018-05-10 21:00:00,840.3322912340808
2018-05-10 22:00:00,936.6657920911645
2018-05-10 23:00:00,954.1942678839804
2018-05-11 00:00:00,1006.949298509696
2018-05-11 01:00:00,992.5550216480711
2018-05-11 02:00:00,1067.8236569253352
2018-05-11 03:00:00,1130.2048514886503
2018-05-11 04:00:00,1168.6128353442305
2018-05-11 05:00:00,1082.769756402411
2018-05-11 06:00:00,1201.6230044616964
2018-05-11 07:00:00,1229.404139362292
2018-05-11 08:00:00,1230.6144417755086
2018-05-11 09:00:00,1252.6775137170691
2018-05-11 10:00:00,1076.335558346577
2018-05-11 11:00:00,1052.8278371908943
2018-05-11 12:00:00,1007.0999151970594
2018-05-11 13:00:00,973.2231856761109
2018-05-11 14:00:00,928.5623561841819
2018-05-11 15:00:00,904.5802997258664
2018-05-11 16:00:00,812.2113255378474
2018-05-11 17:00:00,950.9112426120652
2018-05-11 18:00:00,772.3304493872519
2018-05-11 19:00:00,884.9141775250483
2018-05-11 20:00:00,774.8731574193082
2018-05-11 21:00:00,828.1490261719
2018-05-11 22:00:00,902.4849845272712
2018-05-11 23:00:00,965.951801480347
2018-05-12 00:00:00,1040.332119441652
2018-05-12 01:00:00,988.7205935199655
2018-05-12 02:00:00,1109.6128245627294
2018-05-12 03:00:00,1177.2245332389336
2018-05-12 04:00:00,1233.7261070533482
2018-05-12 05:00:00,1137.954449483913
2018-05-12 06:00:00,1087.6931554629957
2018-05-12 07:00:00,1137.634178258536
2018-05-12 08:00:00,1174.7208599666462
2018-05-12 09:00:00,1108.9103012669277
2018-05-12 10:00:00,1154.6355376845613
2018-05-12 11:00:00,1016.3029810746779
2018-05-12 12:00:00,1069.1698834427677
2018-05-12 13:00:00,900.0571635286508
2018-05-12 14:00:00,904.7914450940095
2018-05-12 15:00:00,822.4691108113515
2018-05-12 16:00:00,864.7886890289396
2018-05-12 17:00:00,795.3432721930654
2018-05-12 18:00:00,792.0187988819448
2018-05-12 19:00:00,849.647805113254
2018-05-12 20:00:00,937.4603241024636
2018-05-12 21:00:00,876.173943632248
2018-05-12 22:00:00,851.711139998062
2018-05-12 23:00:00,954.3878379754401
2018-05-13 00:00:00,1026.3823298654568
2018-05-13 01:00:00,1107.0751426985034
2018-05-13 02:00:00,1099.074734925547
2018-05-13 03:00:00,1085.7748090991083
2018-05-13 04:00:00,1209.6098163183347
2018-05-13 05:00:00,1186.0588077181085
2018-05-13 06:00:00,1189.1006230090375
2018-05-13 07:00:00,1176.1926976485404
2018-05-13 08:00:00,1223.2595333691486
2018-05-13 09:00:00,1131.1277935670962
2018-05-13 10:00:00,1105.0260323671744
2018-05-13 11:00:00,1063.072713237992
2018-05-13 12:00:00,929.5890398121346
2018-05-13 13:00:00,1004.1007334768105
2018-05-13 14:00:00,885.9402563871888
2018-05-13 15:00:00,835.8206129933988
2018-05-13 16:00:00,868.9824028735195
2018-05-13 17:00:00,799.6365995555041
2018-05-13 18:00:00,755.808229949113
2018-05-13 19:00:00,873.262266716777
2018-05-13 20:00:00,779.6822138461902
2018-05-13 21:00:00,844.9025778561206
2018-05-13 22:00:00,796.9420300728721
2018-05-13 23:00:00,926.8406266476803
2018-05-14 00:00:00,1048.6502240700684
2018-05-14 01:00:00,1049.076189086845
2018-05-14 02:00:00,1161.5601084886996
2018-05-14 03:00:00,1095.139848082233
2018-05-14 04:00:00,1099.5249143551862
2018-05-14 05:00:00,1114.2043495457326
2018-05-14 06:00:00,1180.6156111476464
2018-05-14 07:00:00,1160.3103866341442
2018-05-14 08:00:00,1188.0490659638363
2018-05-14 09:00:00,1204.376304223829
2018-05-14 10:00:00,1079.6156668912752
2018-05-14 11:00:00,1150.3254360105316
2018-05-14 12:00:00,944.8638086235213
2018-05-14 13:00:00,929.5689456054638
2018-05-14 14:00:00,912.6665607165165
2018-05-14 15:00:00,869.6473667999685
2018-05-14 16:00:00,851.10427313513
2018-05-14 17:00:00,843.1254686238003
2018-05-14 18:00:00,822.7232393259701
2018-05-14 19:00:00,829.5931627635865
2018-05-14 20:00:00,794.3981192787984
2018-05-14 21:00:00,770.549113243277
2018-05-14 22:00:00,912.8249027208018
2018-05-14 23:00:00,1018.776807794663
2018-05-15 00:00:00,970.0905092712648
2018-05-15 01:00:00,1069.2903326167611
2018-05-15 02:00:00,1098.8932679283052
2018-05-15 03:00:00,1128.72824566097
2018-05-15 04:00:00,1104.414124654005
2018-05-15 05:00:00,1274.3517985012538
2018-05-15 06:00:00,1219.7281660526776
2018-05-15 07:00:00,1244.4687171498565
2018-05-15 08:00:00,1171.0510124813384
2018-05-15 09:00:00,1071.1639448347573
2018-05-15 10:00:00,1047.6759479545797
2018-05-15 11:00:00,1070.9910516465807
2018-05-15 12:00:00,966.1641528125461
2018-05-15 13:00:00,921.8183538434907
2018-05-15 14:00:00,904.4072215219534
2018-05-15 15:00:00,926.2166652586952
2018-05-15 16:00:00,817.4409379281107
2018-05-15 17:00:00,800.1572949612611
2018-05-15 18:00:00,837.0533344854612
2018-05-15 19:00:00,813.9218454512553
2018-05-15 20:00:00,884.9653843139318
2018-05-15 21:00:00,905.815340094171
2018-05-15 22:00:00,835.9984549467745
2018-05-15 23:00:00,857.1085759352759
2018-05-16 00:00:00,984.586300178179
2018-05-16 01:00:00,1048.8295568167482
2018-05-16 02:00:00,1217.708670170845
2018-05-16 03:00:00,1118.49610533196
2018-05-16 04:00:00,1172.199699523796
2018-05-16 05:00:00,1232.1922228738342
2018-05-16 06:00:00,1224.4337042252773
2018-05-16 07:00:00,1084.5515760139626
2018-05-16 08:00:00,1237.8998194157718
2018-05-16 09:00:00,1194.5980081201938
2018-05-16 10:00:00,1144.3777600156454
2018-05-16 11:00:00,1059.1531729063229
2018-05-16 12:00:00,1071.4346950336005
2018-05-16 13:00:00,957.2836509765845
2018-05-16 14:00:00,861.6071565723372
2018-05-16 15:00:00,832.8312029034385
2018-05-16 16:00:00,866.6656216479746
2018-05-16 17:00:00,848.721010371021
2018-05-16 18:00:00,880.0231864051145
2018-05-16 19:00:00,869.3166159888203
2018-05-16 20:00:00,923.0090974925407
2018-05-16 21:00:00,840.497107767174
2018-05-16 22:00:00,905.698632942553
2018-05-16 23:00:00,1030.8480463719077
2018-05-17 00:00:00,1051.7006357201863
2018-05-17 01:00:00,1020.253816069751
2018-05-17 02:00:00,1155.9343086882548
2018-05-17 03:00:00,1127.2916090476663
2018-05-17 04:00:00,1101.2696470763578
2018-05-17 05:00:00,1109.8723143716416
2018-05-17 06:00:00,1172.0290628442438
2018-05-17 07:00:00,1128.2042717549105
2018-05-17 08:00:00,1190.2741913741143
2018-05-17 09:00:00,1099.2005219813072
2018-05-17 10:00:00,1103.7428412972822
2018-05-17 11:00:00,1143.1527097593837
2018-05-17 12:00:00,1057.8558007218128
2018-05-17 13:00:00,866.9086618405464
2018-05-17 14:00:00,869.7023621236258
2018-05-17 15:00:00,772.3203274903007
2018-05-17 16:00:00,780.9771902417368
2018-05-17 17:00:00,825.3162220091826
2018-05-17 18:00:00,767.3429141078001
2018-05-17 19:00:00,792.0891081543797
2018-05-17 20:00:00,782.7933847619504
2018-05-17 21:00:00,821.445894294764
2018-05-17 22:00:00,950.4019902665535
2018-05-17 23:00:00,951.3486527579068
2018-05-18 00:00:00,974.1784656804439
2018-05-18 01:00:00,1030.1880300351766
2018-05-18 02:00:00,1064.4524051089252
2018-05-18 03:00:00,1177.9041952645603
2018-05-18 04:00:00,1183.460392406508
2018-05-18 05:00:00,1147.4478278524016
2018-05-18 06:00:00,1221.3683721877217
2018-05-18 07:00:00,1266.4377266320116
2018-05-18 08:00:00,1191.9950782028604
2018-05-18 09:00:00,1110.365795652134
2018-05-18 10:00:00,1080.9703083310246
2018-05-18 11:00:00,1046.181628496972
2018-05-18 12:00:00,1081.6033468776839
2018-05-18 13:00:00,873.9117740317668
2018-05-18 14:00:00,923.0252880923763
2018-05-18 15:00:00,786.8461121970511
2018-05-18 16:00:00,795.1238647959883
2018-05-18 17:00:00,780.5730918618113
2018-05-18 18:00:00,737.0196258780895
2018-05-18 19:00:00,841.7023566123701
2018-05-18 20:00:00,826.8522263582488
2018-05-18 21:00:00,773.660589900546
2018-05-18 22:00:00,896.1806159354423
2018-05-18 23:00:00,969.2974982309715
2018-05-19 00:00:00,1021.8380879383484
2018-05-19 01:00:00,1112.4187788015577
2018-05-19 02:00:00,1052.1701958476026
2018-05-19 03:00:00,1144.1085285578863
2018-05-19 04:00:00,1126.081088471886
2018-05-19 05:00:00,1198.9245693817159
2018-05-19 06:00:00,1207.104163601379
2018-05-19 07:00:00,1204.4176477757394
2018-05-19 08:00:00,1048.1474656822716
2018-05-19 09:00:00,1181.2486965897542
2018-05-19 10:00:00,1099.3247952778806
2018-05-19 11:00:00,1057.9338241334535
2018-05-19 12:00:00,1022.1101634625612
2018-05-19 13:00:00,956.7751433907855
2018-05-19 14:00:00,916.699073793463
2018-05-19 15:00:00,889.075099154938
2018-05-19 16:00:00,878.6933694237024
2018-05-19 17:00:00,807.9293697166835
2018-05-19 18:00:00,797.8256518398373
2018-05-19 19:00:00,874.141619229779
2018-05-19 20:00:00,778.3915688445144
2018-05-19 21:00:00,889.2790435421451
2018-05-19 22:00:00,829.61907210971
2018-05-19 23:00:00,973.9830762656072
2018-05-20 00:00:00,1003.961249774206
2018-05-20 01:00:00,1134.0536910430912
2018-05-20 02:00:00,1037.7434206031587
2018-05-20 03:00:00,1089.0781427738223
2018-05-20 04:00:00,1199.2756787550643
2018-05-20 05:00:00,1226.7400800897965
2018-05-20 06:00:00,1198.2083185034073
2018-05-20 07:00:00,1332.4023130865346
2018-05-20 08:00:00,1114.8610065422165
2018-05-20 09:00:00,1146.6205873124331
2018-05-20 10:00:00,1140.7576474735115
2018-05-20 11:00:00,1061.3233625847001
2018-05-20 12:00:00,931.5553533834111
2018-05-20 13:00:00,975.336563830013
2018-05-20 14:00:00,869.9333116243142
2018-05-20 15:00:00,936.6219269080253
2018-05-20 16:00:00,872.4717292091292
2018-05-20 17:00:00,692.6588260875367
2018-05-20 18:00:00,761.59782392305
2018-05-20 19:00:00,826.3273420049043
2018-05-20 20:00:00,806.6379052328499
2018-05-20 21:00:00,998.2888651289201
2018-05-20 22:00:00,1001.2858145600618
2018-05-20 23:00:00,918.6365358770806
2018-05-21 00:00:00,1001.4870040643046
2018-05-21 01:00:00,1118.5416638945294
2018-05-21 02:00:00,1155.432325581652
2018-05-21 03:00:00,1179.5985989386404
2018-05-21 04:00:00,1175.8684493229985
2018-05-21 05:00:00,1180.8375472640714
2018-05-21 06:00:00,1182.967045558072
2018-05-21 07:00:00,1194.916642687979
2018-05-21 08:00:00,1265.7668467526833
2018-05-21 09:00:00,1192.5278016062503
2018-05-21 10:00:00,1090.4704317492558
2018-05-21 11:00:00,1108.191330042616
2018-05-21 12:00:00,1050.1200719222518
2018-05-21 13:00:00,878.8736835809755
2018-05-21 14:00:00,902.1376897649282
2018-05-21 15:00:00,850.5043979056707
2018-05-21 16:00:00,804.4391656638218
2018-05-21 17:00:00,900.8593206156347
2018-05-21 18:00:00,830.1631311002375
2018-05-21 19:00:00,792.0490494930735
2018-05-21 20:00:00,773.3761889514575
2018-05-21 21:00:00,868.1955640648254
2018-05-21 22:00:00,862.9415289035056
2018-05-21 23:00:00,943.1856451366405
2018-05-22 00:00:00,992.0731284274303
2018-05-22 01:00:00,1021.5805953867738
2018-05-22 02:00:00,1085.4380750301243
2018-05-22 03:00:00,1114.929588429183
2018-05-22 04:00:00,1254.041956378403
2018-05-22 05:00:00,1122.6991461612324
2018-05-22 06:00:00,1232.451863437524
2018-05-22 07:00:00,1195.2743153059948
2018-05-22 08:00:00,1132.2828737983946
2018-05-22 09:00:00,1176.7676787345042
2018-05-22 10:00:00,1095.4624659123513
2018-05-22 11:00:00,1146.274888300013
2018-05-22 12:00:00,883.1365830472281
2018-05-22 13:00:00,989.4652573583375
2018-05-22 14:00:00,913.7659130775703
2018-05-22 15:00:00,840.4579084199206
2018-05-22 16:00:00,793.7129868125285
2018-05-22 17:00:00,807.7195675163828
2018-05-22 18:00:00,784.1733656764438
2018-05-22 19:00:00,779.9833010085689
2018-05-22 20:00:00,863.803568185079
2018-05-22 21:00:00,964.3405976291847
2018-05-22 22:00:00,933.0650289670255
2018-05-22 23:00:00,915.1020652251011
2018-05-23 00:00:00,993.5960778059801
2018-05-23 01:00:00,1092.8715319512548
2018-05-23 02:00:00,1208.746870319632
2018-05-23 03:00:00,1234.1466425630977
2018-05-23 04:00:00,1145.451753250588
2018-05-23 05:00:00,1207.5912335616895
2018-05-23 06:00:00,1186.844257408229
2018-05-23 07:00:00,1174.721615835455
2018-05-23 08:00:00,1176.2828344052916
2018-05-23 09:00:00,1137.0958490203234
2018-05-23 10:00:00,1140.9897128532057
2018-05-23 11:00:00,1037.828297045177
2018-05-23 12:00:00,951.6673627593145
2018-05-23 13:00:00,916.2198926040843
2018-05-23 14:00:00,832.0971957453612
2018-05-23 15:00:00,853.8027651540516
2018-05-23 16:00:00,856.8085479712155
2018-05-23 17:00:00,869.6629601604584
2018-05-23 18:00:00,778.8656133159297
2018-05-23 19:00:00,787.2592661768302
2018-05-23 20:00:00,814.5408955960028
2018-05-23 21:00:00,856.8466689532975
2018-05-23 22:00:00,776.8672603156078
2018-05-23 23:00:00,936.7711055519328
2018-05-24 00:00:00,991.4584410478216
2018-05-24 01:00:00,1089.181631677356
2018-05-24 02:00:00,1118.7680951684977
2018-05-24 03:00:00,1114.1250366051593
2018-05-24 04:00:00,1174.247381398867
2018-05-24 05:00:00,1196.8211021564246
2018-05-24 06:00:00,1210.2750668757699
2018-05-24 07:00:00,1101.5822266399032
2018-05-24 08:00:00,1046.8108539678176
2018-05-24 09:00:00,1091.321748561205
2018-05-24 10:00:00,1121.6423407358936
2018-05-24 11:00:00,1179.7402300546212
2018-05-24 12:00:00,962.9064937983726
2018-05-24 13:00:00,1043.288051075691
2018-05-24 14:00:00,878.9856652127083
2018-05-24 15:00:00,864.8030572148158
2018-05-24 16:00:00,825.9748423349735
2018-05-24 17:00:00,778.6729097037382
2018-05-24 18:00:00,757.6952815572068
2018-05-24 19:00:00,846.5546331519797
2018-05-24 20:00:00,845.4839584722623
2018-05-24 21:00:00,844.6705336250177
2018-05-24 22:00:00,901.2147799520626
2018-05-24 23:00:00,927.6598849544254
2018-05-25 00:00:00,976.9476344648923
2018-05-25 01:00:00,1044.3049793418143
2018-05-25 02:00:00,1112.1542240893336
2018-05-25 03:00:00,1064.996500968017
2018-05-25 04:00:00,1108.831506155492
2018-05-25 05:00:00,1238.6131053648062
2018-05-25 06:00:00,1188.7750322220456
2018-05-25 07:00:00,1219.1497333929221
2018-05-25 08:00:00,1226.3548136431746
2018-05-25 09:00:00,1145.1662366893518
2018-05-25 10:00:00,1111.7037366901313
2018-05-25 11:00:00,1026.185914129867
2018-05-25 12:00:00,1064.1593881346782
2018-05-25 13:00:00,956.6404459960415
2018-05-25 14:00:00,871.228686019771
2018-05-25 15:00:00,874.4261069686332
2018-05-25 16:00:00,777.5368248464497
2018-05-25 17:00:00,792.0041084816188
2018-05-25 18:00:00,778.5073990923433
2018-05-25 19:00:00,905.845528477302
2018-05-25 20:00:00,900.7524565459521
2018-05-25 21:00:00,837.9707233828434
2018-05-25 22:00:00,981.2168407897011
2018-05-25 23:00:00,942.6167808746435
2018-05-26 00:00:00,975.9944338004509
2018-05-26 01:00:00,1014.0273265936493
2018-05-26 02:00:00,1073.0976566341462
2018-05-26 03:00:00,1186.4571354520094
2018-05-26 04:00:00,1245.429834570699
2018-05-26 05:00:00,1168.4820422443988
2018-05-26 06:00:00,1252.8957067963818
2018-05-26 07:00:00,1159.6819209924179
2018-05-26 08:00:00,1159.8856427703124
2018-05-26 09:00:00,1074.4060767275662
2018-05-26 10:00:00,1171.2231766679072
2018-05-26 11:00:00,977.9217653320893
2018-05-26 12:00:00,990.0541433947251
2018-05-26 13:00:00,952.24736801014
2018-05-26 14:00:00,911.8764196090364
2018-05-26 15:00:00,911.1327969438757
2018-05-26 16:00:00,804.1361029593766
2018-05-26 17:00:00,705.1305498097959
2018-05-26 18:00:00,782.5999584964424
2018-05-26 19:00:00,872.5378494277664
2018-05-26 20:00:00,817.4858215821619
2018-05-26 21:00:00,844.877859490707
2018-05-26 22:00:00,855.9613445232185
2018-05-26 23:00:00,1040.6131635181896
2018-05-27 00:00:00,891.7323171654652
2018-05-27 01:00:00,1129.7317765471892
2018-05-27 02:00:00,1016.363547132861
2018-05-27 03:00:00,1167.411924709149
2018-05-27 04:00:00,1214.4421350848734
2018-05-27 05:00:00,1172.203342038651
2018-05-27 06:00:00,1217.058576818963
2018-05-27 07:00:00,1210.269230051996
2018-05-27 08:00:00,1216.5716223831753
2018-05-27 09:00:00,1101.4318890385941
2018-05-27 10:00:00,1109.7930048155297
2018-05-27 11:00:00,1022.2861650054643
2018-05-27 12:00:00,964.2820238690299
2018-05-27 13:00:00,936.2290364776946
2018-05-27 14:00:00,833.91207541858
2018-05-27 15:00:00,865.9100114095312
2018-05-27 16:00:00,808.8934487965035
2018-05-27 17:00:00,826.214097144725
2018-05-27 18:00:00,789.7681746663646
2018-05-27 19:00:00,850.7069911209418
2018-05-27 20:00:00,835.0605998299468
2018-05-27 21:00:00,931.3662227657917
2018-05-27 22:00:00,922.2301060507953
2018-05-27 23:00:00,912.0717506284388
2018-05-28 00:00:00,912.8941647067886
2018-05-28 01:00:00,985.8133433297324
2018-05-28 02:00:00,1133.343719470204
2018-05-28 03:00:00,1185.4758302031616
2018-05-28 04:00:00,1149.3661015909136
2018-05-28 05:00:00,1186.3623989550615
2018-05-28 06:00:00,1239.3179825392604
2018-05-28 07:00:00,1215.5772152543157
2018-05-28 08:00:00,1160.484733538769
2018-05-28 09:00:00,1167.403127068034
2018-05-28 10:00:00,1118.8634166220145
2018-05-28 11:00:00,940.961240212727
2018-05-28 12:00:00,1037.5010926629575
2018-05-28 13:00:00,973.6647788426435
2018-05-28 14:00:00,909.9015456380472
2018-05-28 15:00:00,887.2031117131949
2018-05-28 16:00:00,845.5521885206239
2018-05-28 17:00:00,873.2338824008726
2018-05-28 18:00:00,801.2563937417391
2018-05-28 19:00:00,815.7260719336632
2018-05-28 20:00:00,770.932387831341
2018-05-28 21:00:00,872.0340348468962
2018-05-28 22:00:00,930.9321636686199
2018-05-28 23:00:00,886.316082899183
2018-05-29 00:00:00,1026.3145158825382
2018-05-29 01:00:00,1023.8224962602322
2018-05-29 02:00:00,1163.724190330827
2018-05-29 03:00:00,1162.5461059563684
2018-05-29 04:00:00,1156.3597773161741
2018-05-29 05:00:00,1171.2650892696324
2018-05-29 06:00:00,1346.3996025321308
2018-05-29 07:00:00,1151.6481838588593
2018-05-29 08:00:00,1129.4002056119
2018-05-29 09:00:00,1146.8253480514493
2018-05-29 10:00:00,1066.391562677823
2018-05-29 11:00:00,1047.061811114517
2018-05-29 12:00:00,1168.5139250230504
2018-05-29 13:00:00,1031.7074641333454
2018-05-29 14:00:00,970.0733145749158
2018-05-29 15:00:00,913.9740939895278
2018-05-29 16:00:00,886.1872838132858
2018-05-29 17:00:00,807.482718354455
2018-05-29 18:00:00,795.6860116535512
2018-05-29 19:00:00,757.5474139836041
2018-05-29 20:00:00,852.249391753686
2018-05-29 21:00:00,878.1804321872964
2018-05-29 22:00:00,899.4684543047209
2018-05-29 23:00:00,842.5003878903105
2018-05-30 00:00:00,1065.1516299898108
2018-05-30 01:00:00,1090.6928892679832
2018-05-30 02:00:00,1078.868929927654
2018-05-30 03:00:00,1181.3684576957187
2018-05-30 04:00:00,1140.1501546048055
2018-05-30 05:00:00,1217.3838933659947
2018-05-30 06:00:00,1160.0415405663289
2018-05-30 07:00:00,1242.1212640660779
2018-05-30 08:00:00,1207.2889198179878
2018-05-30 09:00:00,1125.2984167447821
2018-05-30 10:00:00,1162.4255761993613
2018-05-30 11:00:00,1039.86168854982
2018-05-30 12:00:00,942.4359728678593
2018-05-30 13:00:00,921.1076039169724
2018-05-30 14:00:00,848.046696579253
2018-05-30 15:00:00,938.3419627978084
2018-05-30 16:00:00,832.4940774927459
2018-05-30 17:00:00,814.4051707925917
2018-05-30 18:00:00,839.2790665692173
2018-05-30 19:00:00,820.1746017185366
2018-05-30 20:00:00,843.0862522750297
2018-05-30 21:00:00,895.9681793674531
2018-05-30 22:00:00,966.0450249941299
2018-05-30 23:00:00,1025.6611513771275
2018-05-31 00:00:00,1053.079312366569
2018-05-31 01:00:00,1039.44853870359
2018-05-31 02:00:00,1064.5268344257017
2018-05-31 03:00:00,1156.2040745673412
2018-05-31 04:00:00,1094.3347631846239
2018-05-31 05:00:00,1121.253935296987
2018-05-31 06:00:00,1193.9006006933116
2018-05-31 07:00:00,1241.9441919337555
2018-05-31 08:00:00,1182.0260599720493
2018-05-31 09:00:00,1062.7799881088986
2018-05-31 10:00:00,985.3672431635824
2018-05-31 11:00:00,1026.4290609962666
2018-05-31 12:00:00,1047.8866493009891
2018-05-31 13:00:00,787.2065081767399
2018-05-31 14:00:00,794.2693450986617
2018-05-31 15:00:00,895.4301595175633
2018-05-31 16:00:00,863.3062516170565
2018-05-31 17:00:00,724.8633942270145
2018-05-31 18:00:00,834.4881758909091
2018-05-31 19:00:00,744.7946526870987
2018-05-31 20:00:00,850.9385390772374
2018-05-31 21:00:00,862.6788629851444
2018-05-31 22:00:00,827.3354714221996
2018-05-31 23:00:00,941.0668360270944
2018-06-01 00:00:00,1064.4164906768738
2018-06-01 01:00:00,928.9349689186304
2018-06-01 02:00:00,1060.4164058672873
2018-06-01 03:00:00,1195.2251684651487
2018-06-01 04:00:00,1223.0060719638786
2018-06-01 05:00:00,1207.546222876509
2018-06-01 06:00:00,1244.8614361363113
2018-06-01 07:00:00,1134.7854396770106
2018-06-01 08:00:00,1236.3078211252107
2018-06-01 09:00:00,1245.7557780216703
2018-06-01 10:00:00,1057.8033967981653
2018-06-01 11:00:00,1036.4703329803328
2018-06-01 12:00:00,969.0044005995603
2018-06-01 13:00:00,967.0530820240615
2018-06-01 14:00:00,863.0931751341373
2018-06-01 15:00:00,790.828745235742
2018-06-01 16:00:00,895.8323441780818
2018-06-01 17:00:00,752.4820684878672
2018-06-01 18:00:00,767.2938027936636
2018-06-01 19:00:00,824.7792499168062
2018-06-01 20:00:00,776.9423269417298
2018-06-01 21:00:00,781.9981055249735
2018-06-01 22:00:00,867.0532326779179
2018-06-01 23:00:00,932.4051394540485
2018-06-02 00:00:00,1023.0699503689322
2018-06-02 01:00:00,1078.4683126350683
2018-06-02 02:00:00,1000.3552023135866
2018-06-02 03:00:00,1144.1131725739313
2018-06-02 04:00:00,1162.4827664735742
2018-06-02 05:00:00,1171.1887892420718
2018-06-02 06:00:00,1222.2189404807173
2018-06-02 07:00:00,1158.261362486075
2018-06-02 08:00:00,1204.5667603318811
2018-06-02 09:00:00,1162.4818671599658
2018-06-02 10:00:00,1086.1951454137384
2018-06-02 11:00:00,995.5740647665249
2018-06-02 12:00:00,1001.9628997635394
2018-06-02 13:00:00,957.6367674874073
2018-06-02 14:00:00,923.226338080756
2018-06-02 15:00:00,863.3374300959014
2018-06-02 16:00:00,867.6895508869201
2018-06-02 17:00:00,755.6927572722038
2018-06-02 18:00:00,781.326783308434
2018-06-02 19:00:00,781.3708399510796
2018-06-02 20:00:00,793.8095979520521
2018-06-02 21:00:00,937.688026568366
2018-06-02 22:00:00,888.9836870658825
2018-06-02 23:00:00,958.3006882936777
2018-06-03 00:00:00,1029.9175750769314
2018-06-03 01:00:00,1019.088799095753
2018-06-03 02:00:00,1203.1670083416832
2018-06-03 03:00:00,1066.084231325778
2018-06-03 04:00:00,1140.1256007946658
2018-06-03 05:00:00,1204.0971836146175
2018-06-03 06:00:00,1164.456198954568
2018-06-03 07:00:00,1172.67308243221
2018-06-03 08:00:00,1196.11578947837
2018-06-03 09:00:00,1077.527236381123
2018-06-03 10:00:00,1159.5353621025638
2018-06-03 11:00:00,1080.9816953433897
2018-06-03 12:00:00,1025.7448627326964
2018-06-03 13:00:00,952.312656228998
2018-06-03 14:00:00,909.3880892701422
2018-06-03 15:00:00,836.3956749112675
2018-06-03 16:00:00,848.5712016809642
2018-06-03 17:00:00,802.3876994836531
2018-06-03 18:00:00,827.9318036207284
2018-06-03 19:00:00,803.1333401400234
2018-06-03 20:00:00,899.5399730921492
2018-06-03 21:00:00,813.355001141517
2018-06-03 22:00:00,839.0083845344321
2018-06-03 23:00:00,957.8875793353671
2018-06-04 00:00:00,1015.1226756822527
2018-06-04 01:00:00,1088.680770404798
2018-06-04 02:00:00,1045.1201876342109
2018-06-04 03:00:00,1136.5789098816526
2018-06-04 04:00:00,1150.0187156461336
2018-06-04 05:00:00,1157.8521036424731
2018-06-04 06:00:00,1204.6781482356896
2018-06-04 07:00:00,1246.893724592442
2018-06-04 08:00:00,1266.6676100238199
2018-06-04 09:00:00,1100.099206748415
2018-06-04 10:00:00,1161.3297791433279
2018-06-04 11:00:00,1069.4415896492715
2018-06-04 12:00:00,1031.642876484827
2018-06-04 13:00:00,955.0748789458024
2018-06-04 14:00:00,875.5516575855528
2018-06-04 15:00:00,887.909199677534
2018-06-04 16:00:00,797.899039540185
2018-06-04 17:00:00,770.1950854666292
2018-06-04 18:00:00,833.9126769996315
2018-06-04 19:00:00,801.4417763893332
2018-06-04 20:00:00,775.625082836254
2018-06-04 21:00:00,908.7008287562854
2018-06-04 22:00:00,912.8577977716144
2018-06-04 23:00:00,1002.9946085836882
2018-06-05 00:00:00,926.1222057254747
2018-06-05 01:00:00,1077.7480710675359
2018-06-05 02:00:00,1062.1718853849209
2018-06-05 03:00:00,1134.5043612074398
2018-06-05 04:00:00,1152.5537987007115
2018-06-05 05:00:00,1142.0526207921216
2018-06-05 06:00:00,1170.427650736055
2018-06-05 07:00:00,1187.181546902304
2018-06-05 08:00:00,1177.6668790242013
2018-06-05 09:00:00,1114.618006613461
2018-06-05 10:00:00,1135.8940954094048
2018-06-05 11:00:00,1081.7200597973278
2018-06-05 12:00:00,1047.8584700216456
2018-06-05 13:00:00,941.6015359340396
2018-06-05 14:00:00,902.8329983522034
2018-06-05 15:00:00,961.3601684171526
2018-06-05 16:00:00,836.8172277634036
2018-06-05 17:00:00,814.8065837364466
2018-06-05 18:00:00,828.44399365308
2018-06-05 19:00:00,764.7512814004298
2018-06-05 20:00:00,894.3884573820973
2018-06-05 21:00:00,806.8586671452556
2018-06-05 22:00:00,892.5515826398556
2018-06-05 23:00:00,1058.9769580940979
2018-06-06 00:00:00,952.5498633510218
2018-06-06 01:00:00,987.9224123694055
2018-06-06 02:00:00,1125.2947707053604
2018-06-06 03:00:00,1144.5168115955007
2018-06-06 04:00:00,1159.740921085154
2018-06-06 05:00:00,1219.219982880238
2018-06-06 06:00:00,1194.9343203382941
2018-06-06 07:00:00,1153.7239110589346
2018-06-06 08:00:00,1154.6023829790254
2018-06-06 09:00:00,1122.9952434327622
2018-06-06 10:00:00,1105.0953531895175
2018-06-06 11:00:00,1070.3972615077282
2018-06-06 12:00:00,983.2437505088133
2018-06-06 13:00:00,926.9111619990524
2018-06-06 14:00:00,887.030334894555
2018-06-06 15:00:00,928.5212057724882
2018-06-06 16:00:00,822.8834736386817
2018-06-06 17:00:00,816.7754750766084
2018-06-06 18:00:00,773.2921978519126
2018-06-06 19:00:00,884.0988926435855
2018-06-06 20:00:00,729.1363248622587
2018-06-06 21:00:00,847.6373231130426
2018-06-06 22:00:00,828.9430661372023
2018-06-06 23:00:00,905.548001135325
2018-06-07 00:00:00,1047.8275149071155
2018-06-07 01:00:00,1098.0006694299714
2018-06-07 02:00:00,1136.8317876249334
2018-06-07 03:00:00,1094.764842287167
2018-06-07 04:00:00,1193.5429640446246
2018-06-07 05:00:00,1148.3591577335803
2018-06-07 06:00:00,1274.9155555207265
2018-06-07 07:00:00,1292.8452211141446
2018-06-07 08:00:00,1156.492789029336
2018-06-07 09:00:00,1223.182560142561
2018-06-07 10:00:00,1061.51429040658
2018-06-07 11:00:00,1090.2654906513071
2018-06-07 12:00:00,1028.6576600919343
2018-06-07 13:00:00,1004.0199484348335
2018-06-07 14:00:00,899.8069295215216
2018-06-07 15:00:00,830.650255062982
2018-06-07 16:00:00,730.5783273655975
2018-06-07 17:00:00,827.357860587876
2018-06-07 18:00:00,859.6353858294999
2018-06-07 19:00:00,849.4482466044288
2018-06-07 20:00:00,785.1093016881268
2018-06-07 21:00:00,768.4656872230628
2018-06-07 22:00:00,873.1592508043167
2018-06-07 23:00:00,913.4722931115449
2018-06-08 00:00:00,963.579221269173
2018-06-08 01:00:00,1087.9233443146159
2018-06-08 02:00:00,1175.7334048445011
2018-06-08 03:00:00,1060.64902704942
2018-06-08 04:00:00,1190.2295603058374
2018-06-08 05:00:00,1172.1541311614208
2018-06-08 06:00:00,1323.5546670504054
2018-06-08 07:00:00,1140.444040762737
2018-06-08 08:00:00,1126.7825667094578
2018-06-08 09:00:00,1117.8318307099505
2018-06-08 10:00:00,1007.3774001406944
2018-06-08 11:00:00,1004.9408503096838
2018-06-08 12:00:00,939.1631085265572
2018-06-08 13:00:00,989.550972883856
2018-06-08 14:00:00,1013.9188039393049
2018-06-08 15:00:00,967.2282811951438
2018-06-08 16:00:00,753.9363882712081
2018-06-08 17:00:00,700.264822807746
2018-06-08 18:00:00,723.11204442105
2018-06-08 19:00:00,758.0411190478987
2018-06-08 20:00:00,773.29099600545
2018-06-08 21:00:00,835.1123251179508
2018-06-08 22:00:00,870.1228445064013
2018-06-08 23:00:00,922.366710165564
2018-06-09 00:00:00,1001.07562826795
2018-06-09 01:00:00,1059.692335305444
2018-06-09 02:00:00,1029.359305856227
2018-06-09 03:00:00,1129.3121470498531
2018-06-09 04:00:00,1185.485238203996
2018-06-09 05:00:00,1202.8169933995214
2018-06-09 06:00:00,1147.6533992542452
2018-06-09 07:00:00,1206.2970701135193
2018-06-09 08:00:00,1267.6165630051787
2018-06-09 09:00:00,1106.9897624641094
2018-06-09 10:00:00,1061.0082615633733
2018-06-09 11:00:00,1006.4055834562719
2018-06-09 12:00:00,1083.6360740900466
2018-06-09 13:00:00,841.1323737350576
2018-06-09 14:00:00,946.3376084490757
2018-06-09 15:00:00,854.2348681582049
2018-06-09 16:00:00,922.5113567620677
2018-06-09 17:00:00,793.5995444378476
2018-06-09 18:00:00,760.840636255451
2018-06-09 19:00:00,768.5296654243014
2018-06-09 20:00:00,820.8976027696184
2018-06-09 21:00:00,836.1548596753131
2018-06-09 22:00:00,935.3471907827217
2018-06-09 23:00:00,1002.538693316716
2018-06-10 00:00:00,925.0902739691828
2018-06-10 01:00:00,1049.38428541227
2018-06-10 02:00:00,1166.6503646412475
2018-06-10 03:00:00,1166.1394879696516
2018-06-10 04:00:00,1087.3493574545034
2018-06-10 05:00:00,1169.119684717861
2018-06-10 06:00:00,1190.5146993090402
2018-06-10 07:00:00,1187.6658978990909
2018-06-10 08:00:00,1130.1312652776323
2018-06-10 09:00:00,1112.0897507611762
2018-06-10 10:00:00,1125.1336873354717
2018-06-10 11:00:00,973.6073779888434
2018-06-10 12:00:00,1024.3072530519953
2018-06-10 13:00:00,1025.373981258801
2018-06-10 14:00:00,851.6579930674294
2018-06-10 15:00:00,860.9275141620752
2018-06-10 16:00:00,757.7394872492307
2018-06-10 17:00:00,846.4939911006345
2018-06-10 18:00:00,770.3590534645349
2018-06-10 19:00:00,848.7250347894135
2018-06-10 20:00:00,754.0613223932219
2018-06-10 21:00:00,834.6662263505164
2018-06-10 22:00:00,1006.1892123902587
2018-06-10 23:00:00,956.9515775880975
2018-06-11 00:00:00,1048.3966444515893
2018-06-11 01:00:00,1038.0903723835074
2018-06-11 02:00:00,1115.0900683653122
2018-06-11 03:00:00,1211.8468381684418
2018-06-11 04:00:00,1105.4377230066905
2018-06-11 05:00:00,1203.8941699360007
2018-06-11 06:00:00,1198.3253579803938
2018-06-11 07:00:00,1186.4136850133018
2018-06-11 08:00:00,1172.4340340293602
2018-06-11 09:00:00,1129.7210895045944
2018-06-11 10:00:00,1133.0962130140974
2018-06-11 11:00:00,1169.7240979232668
2018-06-11 12:00:00,1015.8832711988016
2018-06-11 13:00:00,931.9004096330399
2018-06-11 14:00:00,847.4794128474506
2018-06-11 15:00:00,892.1645870129206
2018-06-11 16:00:00,769.8242711907999
2018-06-11 17:00:00,839.0599612780485
2018-06-11 18:00:00,837.9635712895722
2018-06-11 19:00:00,869.2807125457764
2018-06-11 20:00:00,789.5343242646932
2018-06-11 21:00:00,831.3754137961442
2018-06-11 22:00:00,887.2114742106218
2018-06-11 23:00:00,990.2288260232106
2018-06-12 00:00:00,941.7006282810494
2018-06-12 01:00:00,1040.8032551147978
2018-06-12 02:00:00,1135.534925850867
2018-06-12 03:00:00,1177.2527972223754
2018-06-12 04:00:00,1186.1885884016444
2018-06-12 05:00:00,1196.3536225785354
2018-06-12 06:00:00,1239.6898099372465
2018-06-12 07:00:00,1230.5588195999617
2018-06-12 08:00:00,1163.4550155578024
2018-06-12 09:00:00,1054.8645155157292
2018-06-12 10:00:00,1166.1044596294473
2018-06-12 11:00:00,941.1324768808405
2018-06-12 12:00:00,1038.8315438554346
2018-06-12 13:00:00,999.3578189104502
2018-06-12 14:00:00,947.625588518195
2018-06-12 15:00:00,829.6515704281885
2018-06-12 16:00:00,775.6992692996804
2018-06-12 17:00:00,683.9438175246323
2018-06-12 18:00:00,795.4647057751323
2018-06-12 19:00:00,872.4271183909005
2018-06-12 20:00:00,877.0929788115736
2018-06-12 21:00:00,835.9809277488329
2018-06-12 22:00:00,887.7257507122256
2018-06-12 23:00:00,1014.196196699119
2018-06-13 00:00:00,991.183808972586
2018-06-13 01:00:00,1159.1208313561901
2018-06-13 02:00:00,1023.2314169344811
2018-06-13 03:00:00,1081.2734449993466
2018-06-13 04:00:00,1131.6423715699473
2018-06-13 05:00:00,1210.4275300114487
2018-06-13 06:00:00,1160.2329637649445
2018-06-13 07:00:00,1180.1463810895066
2018-06-13 08:00:00,1169.0730465143904
2018-06-13 09:00:00,1063.7994575942396
2018-06-13 10:00:00,1063.7960510870867
2018-06-13 11:00:00,1040.069277977331
2018-06-13 12:00:00,1098.009424026161
2018-06-13 13:00:00,989.8122378428645
2018-06-13 14:00:00,935.8424835710937
2018-06-13 15:00:00,829.765999162517
2018-06-13 16:00:00,750.3932200748087
2018-06-13 17:00:00,812.9725031296572
2018-06-13 18:00:00,850.8245807351494
2018-06-13 19:00:00,801.1746859906092
2018-06-13 20:00:00,807.5120281034887
2018-06-13 21:00:00,894.7654679462461
2018-06-13 22:00:00,994.2118218385348
2018-06-13 23:00:00,965.6001977714991
2018-06-14 00:00:00,992.8680068438102
2018-06-14 01:00:00,1081.1293029001754
2018-06-14 02:00:00,1095.865904241575
2018-06-14 03:00:00,1189.7095703503203
2018-06-14 04:00:00,1138.3375588140325
2018-06-14 05:00:00,1166.3204374206887
2018-06-14 06:00:00,1161.4910619857278
2018-06-14 07:00:00,1236.5918542602317
2018-06-14 08:00:00,1226.2581245011552
2018-06-14 09:00:00,1142.0995251381541
2018-06-14 10:00:00,1063.2848766970183
2018-06-14 11:00:00,1082.7628086257703
2018-06-14 12:00:00,972.1880361733281
2018-06-14 13:00:00,974.078931166047
2018-06-14 14:00:00,884.9061761452579
2018-06-14 15:00:00,886.551134118533
2018-06-14 16:00:00,826.8971732596485
2018-06-14 17:00:00,788.8966270113276
2018-06-14 18:00:00,839.9837268561761
2018-06-14 19:00:00,853.0321723120999
2018-06-14 20:00:00,749.9328678572529
2018-06-14 21:00:00,871.1634988095506
2018-06-14 22:00:00,858.6267358834968
2018-06-14 23:00:00,1008.8808991886292
2018-06-15 00:00:00,995.8702525706834
2018-06-15 01:00:00,986.8811867666146
2018-06-15 02:00:00,1027.35821962518
2018-06-15 03:00:00,1088.1002537162549
2018-06-15 04:00:00,1210.6803111336849
2018-06-15 05:00:00,1153.9188020799206
2018-06-15 06:00:00,1245.230376312066
2018-06-15 07:00:00,1142.148350332971
2018-06-15 08:00:00,1185.5599957600812
2018-06-15 09:00:00,1192.9811215406598
2018-06-15 10:00:00,1138.6794464011548
2018-06-15 11:00:00,1017.8535149624655
2018-06-15 12:00:00,994.4063939612406
2018-06-15 13:00:00,910.595929618065
2018-06-15 14:00:00,892.8095400953167
2018-06-15 15:00:00,922.2616555474001
2018-06-15 16:00:00,802.1570446945725
2018-06-15 17:00:00,837.5154711367165
2018-06-15 18:00:00,841.3380214356716
2018-06-15 19:00:00,753.6013079359143
2018-06-15 20:00:00,956.6301540910761
2018-06-15 21:00:00,898.0256187274404
2018-06-15 22:00:00,1034.606110751187
2018-06-15 23:00:00,985.8878021145057
2018-06-16 00:00:00,1013.3199451994064
2018-06-16 01:00:00,1028.2722273552856
2018-06-16 02:00:00,1091.3760359051014
2018-06-16 03:00:00,1085.5620690634607
2018-06-16 04:00:00,1254.4806675589793
2018-06-16 05:00:00,1223.9649023355946
2018-06-16 06:00:00,1232.9325530120923
2018-06-16 07:00:00,1211.8679017269894
2018-06-16 08:00:00,1186.1344779149902
2018-06-16 09:00:00,1048.1212237683621
2018-06-16 10:00:00,1079.9085170903534
2018-06-16 11:00:00,1068.884988151804
2018-06-16 12:00:00,994.5896330426417
2018-06-16 13:00:00,937.5152037090021
2018-06-16 14:00:00,914.8282304205396
2018-06-16 15:00:00,834.6548587081195
2018-06-16 16:00:00,823.8029719149048
2018-06-16 17:00:00,821.2540085790574
2018-06-16 18:00:00,744.1131757949925
2018-06-16 19:00:00,789.8309631975948
2018-06-16 20:00:00,798.1496572890737
2018-06-16 21:00:00,819.5604363415451
2018-06-16 22:00:00,882.8613708583233
2018-06-16 23:00:00,940.7961672731881
2018-06-17 00:00:00,1001.1120758684448
2018-06-17 01:00:00,1149.048344863893
2018-06-17 02:00:00,1117.4508780880494
2018-06-17 03:00:00,1085.8687935456735
2018-06-17 04:00:00,1129.6392580645988
2018-06-17 05:00:00,1194.4688261191418
2018-06-17 06:00:00,1181.2678222609475
2018-06-17 07:00:00,1193.3499784897697
2018-06-17 08:00:00,1029.3514215120574
2018-06-17 09:00:00,1140.1953061375207
2018-06-17 10:00:00,1098.2875983502681
2018-06-17 11:00:00,1027.673737300132
2018-06-17 12:00:00,1009.2481249031063
2018-06-17 13:00:00,944.5618486464941
2018-06-17 14:00:00,886.0783756591776
2018-06-17 15:00:00,905.8720632524463
2018-06-17 16:00:00,744.446029351854
2018-06-17 17:00:00,772.0188295361867
2018-06-17 18:00:00,788.5248259989
2018-06-17 19:00:00,778.9021027581878
2018-06-17 20:00:00,864.6373478018189
2018-06-17 21:00:00,885.4834189460289
2018-06-17 22:00:00,936.8832809253123
2018-06-17 23:00:00,1041.8283644016003
2018-06-18 00:00:00,1028.8719210150198
2018-06-18 01:00:00,1141.6288945129704
2018-06-18 02:00:00,1049.6285246005036
2018-06-18 03:00:00,1135.4232216673909
2018-06-18 04:00:00,1238.700852208812
2018-06-18 05:00:00,1153.4491784470376
2018-06-18 06:00:00,1220.4686888338144
2018-06-18 07:00:00,1218.6182712740654
2018-06-18 08:00:00,992.4971665368699
2018-06-18 09:00:00,1116.4440529387375
2018-06-18 10:00:00,1118.903106888997
2018-06-18 11:00:00,1166.8734834835618
2018-06-18 12:00:00,877.2105003231054
2018-06-18 13:00:00,925.218929574991
2018-06-18 14:00:00,910.7789872850295
2018-06-18 15:00:00,850.7309008994633
2018-06-18 16:00:00,784.4968405760618
2018-06-18 17:00:00,806.007787146583
2018-06-18 18:00:00,693.900156387265
2018-06-18 19:00:00,773.6069025342197
2018-06-18 20:00:00,833.0216967356172
2018-06-18 21:00:00,742.5331711498219
2018-06-18 22:00:00,954.4496291168475
2018-06-18 23:00:00,868.1240318297808
2018-06-19 00:00:00,978.1386566596129
2018-06-19 01:00:00,1032.8544897112406
2018-06-19 02:00:00,1149.8967199091026
2018-06-19 03:00:00,1212.500889673723
2018-06-19 04:00:00,1097.4523364137735
2018-06-19 05:00:00,1195.637247455538
2018-06-19 06:00:00,1196.6311755877252
2018-06-19 07:00:00,1247.4223430576772
2018-06-19 08:00:00,1270.806243380902
2018-06-19 09:00:00,1147.306334971252
2018-06-19 10:00:00,1154.3545240919075
2018-06-19 11:00:00,976.4445223291382
2018-06-19 12:00:00,1034.7989933636522
2018-06-19 13:00:00,986.3501879921188
2018-06-19 14:00:00,905.6221154344859
2018-06-19 15:00:00,909.3719575537556
2018-06-19 16:00:00,857.5274029795877
2018-06-19 17:00:00,855.0788102625934
2018-06-19 18:00:00,826.6946133152243
2018-06-19 19:00:00,784.8661484998445
2018-06-19 20:00:00,807.656462846557
2018-06-19 21:00:00,846.4994993038143
2018-06-19 22:00:00,889.7874045519475
2018-06-19 23:00:00,1042.3282496570953
2018-06-20 00:00:00,999.1478714385158
2018-06-20 01:00:00,1027.1533512564743
2018-06-20 02:00:00,1057.4107525667641
2018-06-20 03:00:00,1079.7600730204415
2018-06-20 04:00:00,1266.9241667044685
2018-06-20 05:00:00,1258.589771823917
2018-06-20 06:00:00,1170.1095701495422
2018-06-20 07:00:00,1178.599083310145
2018-06-20 08:00:00,1154.5176674381155
2018-06-20 09:00:00,1097.1516945111582
2018-06-20 10:00:00,1128.7953686404676
2018-06-20 11:00:00,1091.5062836724637
2018-06-20 12:00:00,1047.9829456524892
2018-06-20 13:00:00,983.7782974540338
2018-06-20 14:00:00,911.2250261125841
2018-06-20 15:00:00,864.6698001198787
2018-06-20 16:00:00,875.4915180495881
2018-06-20 17:00:00,791.7761007838707
2018-06-20 18:00:00,798.1279687701239
2018-06-20 19:00:00,836.6736172985998
2018-06-20 20:00:00,754.5710027084931
2018-06-20 21:00:00,892.8042587360134
2018-06-20 22:00:00,915.0758471222977
2018-06-20 23:00:00,927.8318303560374
2018-06-21 00:00:00,1041.741435356366
2018-06-21 01:00:00,1053.3679918441642
2018-06-21 02:00:00,1134.7737692047901
2018-06-21 03:00:00,1169.6758329162737
2018-06-21 04:00:00,1072.2247131750946
2018-06-21 05:00:00,1254.7849949923173
2018-06-21 06:00:00,1211.8532799148616
2018-06-21 07:00:00,1166.3095209253595
2018-06-21 08:00:00,1255.7860669413064
2018-06-21 09:00:00,1148.0401804772866
2018-06-21 10:00:00,1155.6554469501236
2018-06-21 11:00:00,1011.0055141133238
2018-06-21 12:00:00,1075.454456577441
2018-06-21 13:00:00,875.9992430074543
2018-06-21 14:00:00,880.13063395552
2018-06-21 15:00:00,803.6895484544876
2018-06-21 16:00:00,883.6340928632596
2018-06-21 17:00:00,746.4642385189325
2018-06-21 18:00:00,797.8540874167261
2018-06-21 19:00:00,744.7594225814776
2018-06-21 20:00:00,722.4056104786066
2018-06-21 21:00:00,853.9887484272159
2018-06-21 22:00:00,898.475182845999
2018-06-21 23:00:00,971.5216345055552
2018-06-22 00:00:00,1095.314833316855
2018-06-22 01:00:00,1038.8425294321435
2018-06-22 02:00:00,1251.9495434741582
2018-06-22 03:00:00,1191.9629475684362
2018-06-22 04:00:00,1100.3656422030028
2018-06-22 05:00:00,1224.8280730299643
2018-06-22 06:00:00,1177.519243533955
2018-06-22 07:00:00,1289.5577207103822
2018-06-22 08:00:00,1156.512616406849
2018-06-22 09:00:00,1197.3997914798072
2018-06-22 10:00:00,1067.252423626601
2018-06-22 11:00:00,993.9268504005912
2018-06-22 12:00:00,1016.1978183836799
2018-06-22 13:00:00,960.6508646071228
2018-06-22 14:00:00,1004.7997312245957
2018-06-22 15:00:00,935.0298250834768
2018-06-22 16:00:00,859.1163658446271
2018-06-22 17:00:00,789.7353620084639
2018-06-22 18:00:00,935.7855070442058
2018-06-22 19:00:00,755.3114545544549
2018-06-22 20:00:00,813.7055139841343
2018-06-22 21:00:00,908.949484746974
2018-06-22 22:00:00,920.9987084885479
2018-06-22 23:00:00,943.8728546126762
2018-06-23 00:00:00,943.0615069922061
2018-06-23 01:00:00,928.1232282419444
2018-06-23 02:00:00,1055.339463212947
2018-06-23 03:00:00,1159.6272384461472
2018-06-23 04:00:00,1203.8199190518071
2018-06-23 05:00:00,1203.0763645092973
2018-06-23 06:00:00,1241.8459801511603
2018-06-23 07:00:00,1278.8649799801435
2018-06-23 08:00:00,1179.6001928908279
2018-06-23 09:00:00,1126.836402966979
2018-06-23 10:00:00,1094.895776711105
2018-06-23 11:00:00,987.5817970899049
2018-06-23 12:00:00,1033.5433150245765
2018-06-23 13:00:00,906.9140013383793
2018-06-23 14:00:00,779.6732223057141
2018-06-23 15:00:00,862.1368989388822
2018-06-23 16:00:00,814.4047654339555
2018-06-23 17:00:00,796.2645146189143
2018-06-23 18:00:00,798.4798288761007
2018-06-23 19:00:00,796.9808435895543
2018-06-23 20:00:00,927.8297632833801
2018-06-23 21:00:00,797.5329290698719
2018-06-23 22:00:00,921.0168497039135
2018-06-23 23:00:00,953.8299813310908
2018-06-24 00:00:00,972.0363962720336
2018-06-24 01:00:00,1054.5727063288348
2018-06-24 02:00:00,983.6216035854563
2018-06-24 03:00:00,1156.959897387728
2018-06-24 04:00:00,1140.852309432217
2018-06-24 05:00:00,1196.3385153344946
2018-06-24 06:00:00,1164.3845325777927
2018-06-24 07:00:00,1205.8229784646007
2018-06-24 08:00:00,1191.7520193140576
2018-06-24 09:00:00,1142.293683196332
2018-06-24 10:00:00,1076.9724009838544
2018-06-24 11:00:00,1117.0115771633973
2018-06-24 12:00:00,1129.0142932944987
2018-06-24 13:00:00,940.96187695731
2018-06-24 14:00:00,880.1027638405084
2018-06-24 15:00:00,838.1280628038689
2018-06-24 16:00:00,774.8306970063817
2018-06-24 17:00:00,787.8019844682514
2018-06-24 18:00:00,828.2655930990434
2018-06-24 19:00:00,868.0787276218759
2018-06-24 20:00:00,889.1042799063234
2018-06-24 21:00:00,841.6623981908679
2018-06-24 22:00:00,945.303129173731
2018-06-24 23:00:00,1033.6722814092113
2018-06-25 00:00:00,1041.5877816778266
2018-06-25 01:00:00,1015.3904913850853
2018-06-25 02:00:00,1158.6356184662907
2018-06-25 03:00:00,1127.370817680833
2018-06-25 04:00:00,1202.832407122242
2018-06-25 05:00:00,1130.4367098922223
2018-06-25 06:00:00,1186.5230527245571
2018-06-25 07:00:00,1196.9548232828686
2018-06-25 08:00:00,1152.092191088314
2018-06-25 09:00:00,1136.7443222190866
2018-06-25 10:00:00,1118.7780866631465
2018-06-25 11:00:00,1050.5371843140256
2018-06-25 12:00:00,977.9917645051645
2018-06-25 13:00:00,922.9653140172283
2018-06-25 14:00:00,1001.2017759795915
2018-06-25 15:00:00,834.4405215461627
2018-06-25 16:00:00,946.2612487458064
2018-06-25 17:00:00,814.4797950065507
2018-06-25 18:00:00,836.6199393721341
2018-06-25 19:00:00,744.0763428436687
2018-06-25 20:00:00,875.7728231233878
2018-06-25 21:00:00,817.2314466876387
2018-06-25 22:00:00,926.204082325309
2018-06-25 23:00:00,987.1300196035284
2018-06-26 00:00:00,1062.330902663897
2018-06-26 01:00:00,1032.7576319907666
2018-06-26 02:00:00,1097.618491732288
2018-06-26 03:00:00,1152.0578681214154
2018-06-26 04:00:00,1238.0851888264863
2018-06-26 05:00:00,1318.9811992746147
2018-06-26 06:00:00,1274.9416665328608
2018-06-26 07:00:00,1202.2868202289042
2018-06-26 08:00:00,1110.441550354006
2018-06-26 09:00:00,1165.9944029818878
2018-06-26 10:00:00,1073.4410287528244
2018-06-26 11:00:00,1057.3556599967346
2018-06-26 12:00:00,1050.6135749323182
2018-06-26 13:00:00,921.9438984507705
2018-06-26 14:00:00,839.1649752264084
2018-06-26 15:00:00,856.7851440210806
2018-06-26 16:00:00,770.0766752513242
2018-06-26 17:00:00,765.7278603530308
2018-06-26 18:00:00,823.9539796023671
2018-06-26 19:00:00,819.8316607742133
2018-06-26 20:00:00,781.2184002385079
2018-06-26 21:00:00,939.5624391251752
2018-06-26 22:00:00,937.7803197208915
2018-06-26 23:00:00,876.4551521184353
2018-06-27 00:00:00,991.2440012546742
2018-06-27 01:00:00,928.8520423270596
2018-06-27 02:00:00,1061.7150443623225
2018-06-27 03:00:00,1118.0838514076438
2018-06-27 04:00:00,1179.8356195407082
2018-06-27 05:00:00,1250.151744962628
2018-06-27 06:00:00,1189.562278427791
2018-06-27 07:00:00,1174.2682051656057
2018-06-27 08:00:00,1108.7077893183928
2018-06-27 09:00:00,1057.4474729738997
2018-06-27 10:00:00,1122.9845098695987
2018-06-27 11:00:00,1016.7791397477127
2018-06-27 12:00:00,1106.0769020923765
2018-06-27 13:00:00,930.2275543571606
2018-06-27 14:00:00,846.7426060977107
2018-06-27 15:00:00,810.3790776489878
2018-06-27 16:00:00,826.2482103205876
2018-06-27 17:00:00,797.4283192528553
2018-06-27 18:00:00,887.5530132647907
2018-06-27 19:00:00,729.3849037148492
2018-06-27 20:00:00,913.6546573602843
2018-06-27 21:00:00,850.3569185942737
2018-06-27 22:00:00,850.6444602217628
2018-06-27 23:00:00,913.1778436042094
2018-06-28 00:00:00,1003.2387554973886
2018-06-28 01:00:00,1055.5760556399366
2018-06-28 02:00:00,1097.7837097688764
2018-06-28 03:00:00,1189.0037992805187
2018-06-28 04:00:00,1131.3383894510575
2018-06-28 05:00:00,1214.899679641378
2018-06-28 06:00:00,1176.4200580241338
2018-06-28 07:00:00,1184.6233059254378
2018-06-28 08:00:00,1228.2458898443078
2018-06-28 09:00:00,1187.3319568974416
2018-06-28 10:00:00,1127.7049264955617
2018-06-28 11:00:00,1054.1622043016766
2018-06-28 12:00:00,1061.2102601734455
2018-06-28 13:00:00,866.5544721731103
2018-06-28 14:00:00,875.4215037152123
2018-06-28 15:00:00,859.8127928653123
2018-06-28 16:00:00,792.1653117836513
2018-06-28 17:00:00,843.7700885288883
2018-06-28 18:00:00,826.7950830163727
2018-06-28 19:00:00,822.638646235074
2018-06-28 20:00:00,728.6372235037364
2018-06-28 21:00:00,857.4219479316805
2018-06-28 22:00:00,788.0459104014922
2018-06-28 23:00:00,1030.6223080739796
2018-06-29 00:00:00,1003.0522641888361
2018-06-29 01:00:00,988.6209491601926
2018-06-29 02:00:00,1090.5763020064762
2018-06-29 03:00:00,1283.4264361581254
2018-06-29 04:00:00,1189.9013106704233
2018-06-29 05:00:00,1204.984387817458
2018-06-29 06:00:00,1167.5749842725015
2018-06-29 07:00:00,1242.5485537665693
2018-06-29 08:00:00,1166.4166603343788
2018-06-29 09:00:00,1130.975177414013
2018-06-29 10:00:00,1033.7669344831397
2018-06-29 11:00:00,1042.6064330921452
2018-06-29 12:00:00,951.7344074965363
2018-06-29 13:00:00,1062.8818047429083
2018-06-29 14:00:00,905.5519473731982
2018-06-29 15:00:00,873.83285899791
2018-06-29 16:00:00,893.6144860801429
2018-06-29 17:00:00,793.6992899922037
2018-06-29 18:00:00,756.9955858578007
2018-06-29 19:00:00,808.089172930317
2018-06-29 20:00:00,775.0899333207984
2018-06-29 21:00:00,740.3025245848015
2018-06-29 22:00:00,913.0624988160527
2018-06-29 23:00:00,899.9240279264058
2018-06-30 00:00:00,1033.6233477216754
2018-06-30 01:00:00,1048.8476316848976
2018-06-30 02:00:00,1082.891547278578
2018-06-30 03:00:00,1126.8427136062658
2018-06-30 04:00:00,1207.1278354088388
2018-06-30 05:00:00,1211.4874494383678
2018-06-30 06:00:00,1197.3233309317254
2018-06-30 07:00:00,1200.6859683173382
2018-06-30 08:00:00,1177.6160979242477
2018-06-30 09:00:00,1084.9098652183793
2018-06-30 10:00:00,1090.8511363181046
2018-06-30 11:00:00,1066.5181608536927
2018-06-30 12:00:00,1069.3887823561188
2018-06-30 13:00:00,937.2282554969936
2018-06-30 14:00:00,968.4765186103114
2018-06-30 15:00:00,746.2416927805746
2018-06-30 16:00:00,955.3969723717089
2018-06-30 17:00:00,867.3208892402115
2018-06-30 18:00:00,796.7468776497759
2018-06-30 19:00:00,772.3657541758143
2018-06-30 20:00:00,772.9261243200996
2018-06-30 21:00:00,804.3140591428448
2018-06-30 22:00:00,844.6963824953882
2018-06-30 23:00:00,961.0935707769995
