timestamp,PJME_MW
2018-01-01 00:00:00,934.6709820729607
2018-01-01 01:00:00,1048.9761508919682
2018-01-01 02:00:00,1072.654716694948
2018-01-01 03:00:00,1162.328900505944
2018-01-01 04:00:00,1210.8452228293984
2018-01-01 05:00:00,1225.0225145581278
2018-01-01 06:00:00,1193.1452642178333
2018-01-01 07:00:00,1134.5231804890825
2018-01-01 08:00:00,1162.5255862553374
2018-01-01 09:00:00,1207.3463268657051
2018-01-01 10:00:00,1141.7293746674648
2018-01-01 11:00:00,1054.8925137527272
2018-01-01 12:00:00,971.3917340639441
2018-01-01 13:00:00,930.5359304545519
2018-01-01 14:00:00,952.0823847985714
2018-01-01 15:00:00,842.7417502738331
2018-01-01 16:00:00,810.0886320964352
2018-01-01 17:00:00,738.0731789996769
2018-01-01 18:00:00,691.8303832499032
2018-01-01 19:00:00,809.4444832689292
2018-01-01 20:00:00,819.5116556994567
2018-01-01 21:00:00,866.2514914697495
2018-01-01 22:00:00,901.5192316495145
2018-01-01 23:00:00,910.6450184079463
2018-01-02 00:00:00,1100.4650926903544
2018-01-02 01:00:00,1032.069883636108
2018-01-02 02:00:00,1103.4118022559308
2018-01-02 03:00:00,1110.4646415235122
2018-01-02 04:00:00,1108.7319951243962
2018-01-02 05:00:00,1213.8032198901935
2018-01-02 06:00:00,1186.8845940369092
2018-01-02 07:00:00,1185.7252685717888
2018-01-02 08:00:00,1227.2862955843648
2018-01-02 09:00:00,1119.4363187601723
2018-01-02 10:00:00,1081.5666162943785
2018-01-02 11:00:00,1044.8497498956726
2018-01-02 12:00:00,987.9849044798926
2018-01-02 13:00:00,988.7255878997888
2018-01-02 14:00:00,931.1662317474726
2018-01-02 15:00:00,877.8916492601004
2018-01-02 16:00:00,895.6815638535762
2018-01-02 17:00:00,812.05723635213
2018-01-02 18:00:00,910.5709533217324
2018-01-02 19:00:00,751.5108399768171
2018-01-02 20:00:00,826.7765615400076
2018-01-02 21:00:00,846.1067008458091
2018-01-02 22:00:00,862.313079665324
2018-01-02 23:00:00,854.0876194812304
2018-01-03 00:00:00,966.5620234887779
2018-01-03 01:00:00,1060.9900670124784
2018-01-03 02:00:00,1107.2838686378573
2018-01-03 03:00:00,1055.557189509823
2018-01-03 04:00:00,1261.809740910476
2018-01-03 05:00:00,1191.7040113656092
2018-01-03 06:00:00,1196.3960866355737
2018-01-03 07:00:00,1212.1253503791295
2018-01-03 08:00:00,1192.603106589188
2018-01-03 09:00:00,1140.12261249981
2018-01-03 10:00:00,1093.7100110431295
2018-01-03 11:00:00,1035.803794968989
2018-01-03 12:00:00,1032.6172930844484
2018-01-03 13:00:00,976.0042449169727
2018-01-03 14:00:00,909.9170293320567
2018-01-03 15:00:00,890.9248543294311
2018-01-03 16:00:00,813.9764148774561
2018-01-03 17:00:00,865.1984786294964
2018-01-03 18:00:00,835.1998416891292
2018-01-03 19:00:00,815.3448290753163
2018-01-03 20:00:00,895.6342678894407
2018-01-03 21:00:00,858.1219437259499
2018-01-03 22:00:00,944.2897487207143
2018-01-03 23:00:00,926.8908492802622
2018-01-04 00:00:00,981.1207087075396
2018-01-04 01:00:00,1041.4295814446662
2018-01-04 02:00:00,1166.602885551662
2018-01-04 03:00:00,1220.7028616003438
2018-01-04 04:00:00,1093.1353152573981
2018-01-04 05:00:00,1256.9437398297625
2018-01-04 06:00:00,1167.3487790283057
2018-01-04 07:00:00,1230.6169675752715
2018-01-04 08:00:00,1101.4699674139447
2018-01-04 09:00:00,1105.4562157588616
2018-01-04 10:00:00,1002.941368970342
2018-01-04 11:00:00,1018.8220450451013
2018-01-04 12:00:00,1098.1888079241162
2018-01-04 13:00:00,1044.4750032737643
2018-01-04 14:00:00,918.4125328442393
2018-01-04 15:00:00,865.7538021419225
2018-01-04 16:00:00,873.5705958742416
2018-01-04 17:00:00,891.0421563700487
2018-01-04 18:00:00,768.4013976448764
2018-01-04 19:00:00,826.2044580088007
2018-01-04 20:00:00,845.5994888346127
2018-01-04 21:00:00,975.703480858788
2018-01-04 22:00:00,819.3048127372409
2018-01-04 23:00:00,997.7037649375068
2018-01-05 00:00:00,997.1237991584123
2018-01-05 01:00:00,1090.4400831255614
2018-01-05 02:00:00,1083.2769463999778
2018-01-05 03:00:00,1186.6671543700754
2018-01-05 04:00:00,1150.8990340643793
2018-01-05 05:00:00,1112.4911248735232
2018-01-05 06:00:00,1209.2217608268172
2018-01-05 07:00:00,1144.6155883460183
2018-01-05 08:00:00,1199.0532425109197
2018-01-05 09:00:00,1239.4874065928088
2018-01-05 10:00:00,1030.6427493442002
2018-01-05 11:00:00,993.6362154156552
2018-01-05 12:00:00,1008.5260956518385
2018-01-05 13:00:00,980.8163765425129
2018-01-05 14:00:00,882.5221267664502
2018-01-05 15:00:00,822.5524702148491
2018-01-05 16:00:00,812.0339130433397
2018-01-05 17:00:00,742.9912742676657
2018-01-05 18:00:00,874.9280717895288
2018-01-05 19:00:00,756.5344713664934
2018-01-05 20:00:00,778.1981170028112
2018-01-05 21:00:00,864.6518694390182
2018-01-05 22:00:00,880.4371886890784
2018-01-05 23:00:00,1046.5771366821807
2018-01-06 00:00:00,1113.8808474415187
2018-01-06 01:00:00,1048.133987907743
2018-01-06 02:00:00,1091.787280347406
2018-01-06 03:00:00,1117.019670782899
2018-01-06 04:00:00,1235.909685690171
2018-01-06 05:00:00,1196.240027728497
2018-01-06 06:00:00,1201.699210821015
2018-01-06 07:00:00,1189.303693029797
2018-01-06 08:00:00,1192.8996347416767
2018-01-06 09:00:00,1189.8171123252473
2018-01-06 10:00:00,1123.7644043241435
2018-01-06 11:00:00,1083.142256927363
2018-01-06 12:00:00,957.5098017849209
2018-01-06 13:00:00,940.8318662587521
2018-01-06 14:00:00,947.5375616861447
2018-01-06 15:00:00,884.1244371720454
2018-01-06 16:00:00,847.4931237767224
2018-01-06 17:00:00,817.4687184372617
2018-01-06 18:00:00,777.9649752788966
2018-01-06 19:00:00,766.9781307587546
2018-01-06 20:00:00,904.8861325718575
2018-01-06 21:00:00,950.8400560647209
2018-01-06 22:00:00,810.1379815969998
2018-01-06 23:00:00,985.4308295425598
2018-01-07 00:00:00,1024.324136257178
2018-01-07 01:00:00,1059.2515226000846
2018-01-07 02:00:00,1085.914499932124
2018-01-07 03:00:00,1267.2018650562786
2018-01-07 04:00:00,1234.7965801314986
2018-01-07 05:00:00,1233.3600165866524
2018-01-07 06:00:00,1153.7836901380726
2018-01-07 07:00:00,1152.0630173651102
2018-01-07 08:00:00,1150.0215388374997
2018-01-07 09:00:00,1169.2175318313907
2018-01-07 10:00:00,1124.3254877456723
2018-01-07 11:00:00,1011.085175032149
2018-01-07 12:00:00,962.9528624024409
2018-01-07 13:00:00,842.0997199110512
2018-01-07 14:00:00,892.9473164466635
2018-01-07 15:00:00,816.3783870177803
2018-01-07 16:00:00,888.9847459216403
2018-01-07 17:00:00,821.378369767622
2018-01-07 18:00:00,776.5365421304008
2018-01-07 19:00:00,867.6754164345016
2018-01-07 20:00:00,795.1676338001645
2018-01-07 21:00:00,816.4257597159308
2018-01-07 22:00:00,954.3337747281813
2018-01-07 23:00:00,886.6049894490826
2018-01-08 00:00:00,1025.2246001764715
2018-01-08 01:00:00,1074.1508655184577
2018-01-08 02:00:00,1107.728102623917
2018-01-08 03:00:00,1131.650392536708
2018-01-08 04:00:00,1098.054001522607
2018-01-08 05:00:00,1249.0594813681057
2018-01-08 06:00:00,1144.9459706439166
2018-01-08 07:00:00,1121.6862583771735
2018-01-08 08:00:00,1169.2940636964554
2018-01-08 09:00:00,1085.807313901177
2018-01-08 10:00:00,1046.4959229464166
2018-01-08 11:00:00,1037.1350482119124
2018-01-08 12:00:00,945.8341283034295
2018-01-08 13:00:00,968.7899471941384
2018-01-08 14:00:00,926.5339860761358
2018-01-08 15:00:00,826.8652050053969
2018-01-08 16:00:00,916.7894006494586
2018-01-08 17:00:00,820.1210175600074
2018-01-08 18:00:00,837.5544485333388
2018-01-08 19:00:00,781.620840696014
2018-01-08 20:00:00,894.8862448702974
2018-01-08 21:00:00,853.4301519527653
2018-01-08 22:00:00,925.2940864106852
2018-01-08 23:00:00,1086.862664023398
2018-01-09 00:00:00,894.3953917982006
2018-01-09 01:00:00,1043.6385280231545
2018-01-09 02:00:00,1136.6168249309055
2018-01-09 03:00:00,1078.1626679254389
2018-01-09 04:00:00,1193.6134195397176
2018-01-09 05:00:00,1150.3779851882846
2018-01-09 06:00:00,1219.8378447444675
2018-01-09 07:00:00,1115.6361648095324
2018-01-09 08:00:00,1154.0201979948652
2018-01-09 09:00:00,1029.2507944294207
2018-01-09 10:00:00,1122.8460411880283
2018-01-09 11:00:00,1022.599125087261
2018-01-09 12:00:00,1074.137379253105
2018-01-09 13:00:00,979.9544453171312
2018-01-09 14:00:00,973.7132580202612
2018-01-09 15:00:00,861.6313918780626
2018-01-09 16:00:00,780.8378696792801
2018-01-09 17:00:00,831.852470146332
2018-01-09 18:00:00,685.3122374459937
2018-01-09 19:00:00,839.954981420277
2018-01-09 20:00:00,777.1674756329996
2018-01-09 21:00:00,889.2920591298406
2018-01-09 22:00:00,888.3875455617343
2018-01-09 23:00:00,927.3472089665648
2018-01-10 00:00:00,985.6891888847855
2018-01-10 01:00:00,1087.745736445295
2018-01-10 02:00:00,1013.5614859463521
2018-01-10 03:00:00,1160.055322273721
2018-01-10 04:00:00,1235.9528466885533
2018-01-10 05:00:00,1189.2302885381077
2018-01-10 06:00:00,1212.667677582858
2018-01-10 07:00:00,1251.1403677820665
2018-01-10 08:00:00,1132.0253341907128
2018-01-10 09:00:00,1190.7271943502426
2018-01-10 10:00:00,1126.0532073168192
2018-01-10 11:00:00,1073.7531366139933
2018-01-10 12:00:00,972.9971565684019
2018-01-10 13:00:00,971.5000914473027
2018-01-10 14:00:00,858.0079084948409
2018-01-10 15:00:00,829.1338445884729
2018-01-10 16:00:00,715.30149774759
2018-01-10 17:00:00,731.6660223230006
2018-01-10 18:00:00,834.6010532882259
2018-01-10 19:00:00,820.5048007431672
2018-01-10 20:00:00,790.944578962959
2018-01-10 21:00:00,915.9101524902893
2018-01-10 22:00:00,914.0861563759773
2018-01-10 23:00:00,908.1468387939493
2018-01-11 00:00:00,960.7494225768748
2018-01-11 01:00:00,1077.3575302248428
2018-01-11 02:00:00,1181.312354809374
2018-01-11 03:00:00,1106.7925629375636
2018-01-11 04:00:00,1222.0014933858552
2018-01-11 05:00:00,1219.732265356279
2018-01-11 06:00:00,1223.572912016555
2018-01-11 07:00:00,1129.420245167704
2018-01-11 08:00:00,1282.4337148754328
2018-01-11 09:00:00,1092.143654574877
2018-01-11 10:00:00,1219.5796441644852
2018-01-11 11:00:00,1053.0659337135623
2018-01-11 12:00:00,973.5061337797729
2018-01-11 13:00:00,951.8572030142287
2018-01-11 14:00:00,947.4855294400211
2018-01-11 15:00:00,851.8411091642365
2018-01-11 16:00:00,882.1939970222192
2018-01-11 17:00:00,805.4143744467239
2018-01-11 18:00:00,805.7652811110817
2018-01-11 19:00:00,843.0981415075454
2018-01-11 20:00:00,838.7687838128663
2018-01-11 21:00:00,861.4457571937372
2018-01-11 22:00:00,875.7574646175564
2018-01-11 23:00:00,875.503511102457
2018-01-12 00:00:00,955.6227238258193
2018-01-12 01:00:00,1011.8313616591761
2018-01-12 02:00:00,1146.5554289532079
2018-01-12 03:00:00,1241.0050888736448
2018-01-12 04:00:00,1138.2838925085641
2018-01-12 05:00:00,1143.3436860370114
2018-01-12 06:00:00,1173.6809952954522
2018-01-12 07:00:00,1225.0506440917516
2018-01-12 08:00:00,1190.1971786265938
2018-01-12 09:00:00,1134.7653752796257
2018-01-12 10:00:00,1068.6258712255492
2018-01-12 11:00:00,1038.3376594244708
2018-01-12 12:00:00,949.1147167927115
2018-01-12 13:00:00,979.522313415736
2018-01-12 14:00:00,809.4076281294849
2018-01-12 15:00:00,859.0520266130652
2018-01-12 16:00:00,858.6530134620604
2018-01-12 17:00:00,875.1496205190035
2018-01-12 18:00:00,856.7786598479989
2018-01-12 19:00:00,871.5018129003869
2018-01-12 20:00:00,850.9096835799614
2018-01-12 21:00:00,864.6296928277814
2018-01-12 22:00:00,901.8078272204258
2018-01-12 23:00:00,992.3251728186385
2018-01-13 00:00:00,996.1705753128226
2018-01-13 01:00:00,1154.9793734400168
2018-01-13 02:00:00,1125.8871369657043
2018-01-13 03:00:00,1164.0132501927249
2018-01-13 04:00:00,1238.245343640474
2018-01-13 05:00:00,1130.6873294524298
2018-01-13 06:00:00,1268.5534817631387
2018-01-13 07:00:00,1267.9363501098583
2018-01-13 08:00:00,1056.8171087018882
2018-01-13 09:00:00,1165.214873134145
2018-01-13 10:00:00,1127.256141543389
2018-01-13 11:00:00,985.3631260993002
2018-01-13 12:00:00,1140.267878534582
2018-01-13 13:00:00,912.702158080482
2018-01-13 14:00:00,892.619649954476
2018-01-13 15:00:00,913.4071219812602
2018-01-13 16:00:00,846.8713328591033
2018-01-13 17:00:00,765.3921693877683
2018-01-13 18:00:00,825.722705888892
2018-01-13 19:00:00,809.1914392636892
2018-01-13 20:00:00,885.1438065011132
2018-01-13 21:00:00,882.3004440993677
2018-01-13 22:00:00,898.9712441345918
2018-01-13 23:00:00,880.7857854780552
2018-01-14 00:00:00,1021.2835022290543
2018-01-14 01:00:00,1090.2359332141118
2018-01-14 02:00:00,923.9972522476407
2018-01-14 03:00:00,1117.7522408835061
2018-01-14 04:00:00,1215.2822379467036
2018-01-14 05:00:00,1106.8164217764304
2018-01-14 06:00:00,1240.789266413651
2018-01-14 07:00:00,1209.7770075547025
2018-01-14 08:00:00,1205.0596778987558
2018-01-14 09:00:00,1224.0167285211558
2018-01-14 10:00:00,1096.8358726846966
2018-01-14 11:00:00,1062.0323641513892
2018-01-14 12:00:00,1000.7600173991269
2018-01-14 13:00:00,938.1157410623018
2018-01-14 14:00:00,814.9957467975108
2018-01-14 15:00:00,874.4396011449437
2018-01-14 16:00:00,886.6787825260666
2018-01-14 17:00:00,788.9095915290769
2018-01-14 18:00:00,885.5804355739472
2018-01-14 19:00:00,720.3479628520794
2018-01-14 20:00:00,836.3461453736074
2018-01-14 21:00:00,937.317984438604
2018-01-14 22:00:00,858.6901438491402
2018-01-14 23:00:00,956.527584447613
2018-01-15 00:00:00,1036.2803886780678
2018-01-15 01:00:00,985.4719339822202
2018-01-15 02:00:00,1096.0621759998255
2018-01-15 03:00:00,1093.458687909855
2018-01-15 04:00:00,1209.4161868389515
2018-01-15 05:00:00,1160.9025524145811
2018-01-15 06:00:00,1133.2789696036214
2018-01-15 07:00:00,1185.6870792939328
2018-01-15 08:00:00,1139.536729997606
2018-01-15 09:00:00,1196.8889666353552
2018-01-15 10:00:00,1053.5518142160363
2018-01-15 11:00:00,1060.51385276745
2018-01-15 12:00:00,1012.0061972730163
2018-01-15 13:00:00,921.49343656669
2018-01-15 14:00:00,975.4778483585751
2018-01-15 15:00:00,836.8155857873547
2018-01-15 16:00:00,912.564201074181
2018-01-15 17:00:00,759.1805506881901
2018-01-15 18:00:00,834.7814458017843
2018-01-15 19:00:00,834.222395119001
2018-01-15 20:00:00,789.4996463680964
2018-01-15 21:00:00,901.5440558967758
2018-01-15 22:00:00,931.5138332194219
2018-01-15 23:00:00,989.4529980500619
2018-01-16 00:00:00,1033.5614052885169
2018-01-16 01:00:00,1037.2632570007356
2018-01-16 02:00:00,1093.8857497978763
2018-01-16 03:00:00,1114.6530929796363
2018-01-16 04:00:00,1151.8974894924704
2018-01-16 05:00:00,1194.4043671321158
2018-01-16 06:00:00,1160.0939295019584
2018-01-16 07:00:00,1205.2230376032023
2018-01-16 08:00:00,1139.3129408902282
2018-01-16 09:00:00,1104.7861177404632
2018-01-16 10:00:00,1076.4474084758567
2018-01-16 11:00:00,1049.2404474927612
2018-01-16 12:00:00,1042.550674545808
2018-01-16 13:00:00,929.0963906983293
2018-01-16 14:00:00,842.2887046240456
2018-01-16 15:00:00,854.0196507518186
2018-01-16 16:00:00,789.0936131205124
2018-01-16 17:00:00,842.6591449358667
2018-01-16 18:00:00,838.9336366182341
2018-01-16 19:00:00,807.8477142230587
2018-01-16 20:00:00,781.9672695118065
2018-01-16 21:00:00,917.5811236438598
2018-01-16 22:00:00,850.0506730622412
2018-01-16 23:00:00,1028.72206017008
2018-01-17 00:00:00,1017.6727396772085
2018-01-17 01:00:00,1042.2042470522554
2018-01-17 02:00:00,1129.9021353910443
2018-01-17 03:00:00,1210.1103771965052
2018-01-17 04:00:00,1183.1226469649737
2018-01-17 05:00:00,1238.5937324774907
2018-01-17 06:00:00,1218.2106740032589
2018-01-17 07:00:00,1189.5357203000174
2018-01-17 08:00:00,1225.4903477001246
2018-01-17 09:00:00,1047.6787730801648
2018-01-17 10:00:00,1136.393448422748
2018-01-17 11:00:00,1036.8591353250067
2018-01-17 12:00:00,1020.4105908533612
2018-01-17 13:00:00,913.8426038682748
2018-01-17 14:00:00,789.9000175391891
2018-01-17 15:00:00,874.5490817285538
2018-01-17 16:00:00,776.6082937709986
2018-01-17 17:00:00,859.0961175424869
2018-01-17 18:00:00,746.6847191486025
2018-01-17 19:00:00,775.2373060936009
2018-01-17 20:00:00,854.7378547581363
2018-01-17 21:00:00,815.1007609437222
2018-01-17 22:00:00,939.8944296259489
2018-01-17 23:00:00,997.841349888941
2018-01-18 00:00:00,982.293556047222
2018-01-18 01:00:00,1108.4896187877816
2018-01-18 02:00:00,1117.6850316130995
2018-01-18 03:00:00,1149.7439564450356
2018-01-18 04:00:00,1083.2576626480247
2018-01-18 05:00:00,1180.670159074933
2018-01-18 06:00:00,1167.305168970601
2018-01-18 07:00:00,1130.2668733449004
2018-01-18 08:00:00,1220.7175857703276
2018-01-18 09:00:00,1194.7266157908655
2018-01-18 10:00:00,1105.0174950713265
2018-01-18 11:00:00,990.0624821818628
2018-01-18 12:00:00,1034.6857180127804
2018-01-18 13:00:00,918.59901358607
2018-01-18 14:00:00,896.5991328882886
2018-01-18 15:00:00,904.0450076887956
2018-01-18 16:00:00,732.1825937238713
2018-01-18 17:00:00,762.015767326895
2018-01-18 18:00:00,828.0950560479637
2018-01-18 19:00:00,793.1672756008566
2018-01-18 20:00:00,808.8073476609356
2018-01-18 21:00:00,946.0969529555007
2018-01-18 22:00:00,843.347444249689
2018-01-18 23:00:00,975.0940785749227
2018-01-19 00:00:00,985.7146200886001
2018-01-19 01:00:00,1104.4492592174247
2018-01-19 02:00:00,1136.1443227484044
2018-01-19 03:00:00,1183.99426631856
2018-01-19 04:00:00,1263.3654139433715
2018-01-19 05:00:00,1186.1821517355113
2018-01-19 06:00:00,1265.0333448745532
2018-01-19 07:00:00,1176.7238054523114
2018-01-19 08:00:00,1193.0764873942076
2018-01-19 09:00:00,1220.6433501754084
2018-01-19 10:00:00,1100.3303757882743
2018-01-19 11:00:00,1044.2784067614334
2018-01-19 12:00:00,1049.1061554637006
2018-01-19 13:00:00,910.3871261412642
2018-01-19 14:00:00,778.1607536231054
2018-01-19 15:00:00,888.9236702478836
2018-01-19 16:00:00,697.8454880875722
2018-01-19 17:00:00,838.6546546372427
2018-01-19 18:00:00,824.7933031934015
2018-01-19 19:00:00,806.1528700568164
2018-01-19 20:00:00,905.9607746140261
2018-01-19 21:00:00,804.761772855449
2018-01-19 22:00:00,826.996748420634
2018-01-19 23:00:00,944.874131236331
2018-01-20 00:00:00,1016.6224595479374
2018-01-20 01:00:00,1002.1446069421662
2018-01-20 02:00:00,1065.7059917298675
2018-01-20 03:00:00,1203.1894384839952
2018-01-20 04:00:00,1222.8959997002114
2018-01-20 05:00:00,1274.6928918266626
2018-01-20 06:00:00,1145.8092178384607
2018-01-20 07:00:00,1238.4046212624894
2018-01-20 08:00:00,1192.7331664444089
2018-01-20 09:00:00,1092.6303468458846
2018-01-20 10:00:00,1119.9374623404387
2018-01-20 11:00:00,1051.4504059017281
2018-01-20 12:00:00,997.9161423858402
2018-01-20 13:00:00,912.2896435999129
2018-01-20 14:00:00,891.8709837373473
2018-01-20 15:00:00,889.67519112947
2018-01-20 16:00:00,874.2510085816268
2018-01-20 17:00:00,819.4643168830632
2018-01-20 18:00:00,785.2924070252122
2018-01-20 19:00:00,774.1591262442888
2018-01-20 20:00:00,831.572522278716
2018-01-20 21:00:00,934.3673408922645
2018-01-20 22:00:00,888.5195410414963
2018-01-20 23:00:00,912.8910777735738
2018-01-21 00:00:00,970.5141135219266
2018-01-21 01:00:00,1070.4845668275318
2018-01-21 02:00:00,1060.5241196886543
2018-01-21 03:00:00,1160.947583054804
2018-01-21 04:00:00,1229.4650093055836
2018-01-21 05:00:00,1193.6262062198734
2018-01-21 06:00:00,1226.2496045617308
2018-01-21 07:00:00,1167.1876750390234
2018-01-21 08:00:00,1181.3056006782117
2018-01-21 09:00:00,1184.4536973845818
2018-01-21 10:00:00,1123.9248448064914
2018-01-21 11:00:00,1073.9589132145747
2018-01-21 12:00:00,988.3771986505545
2018-01-21 13:00:00,873.9411181942693
2018-01-21 14:00:00,899.2731418386627
2018-01-21 15:00:00,882.246230219291
2018-01-21 16:00:00,850.971678695125
2018-01-21 17:00:00,777.4285968567364
2018-01-21 18:00:00,893.9113567906581
2018-01-21 19:00:00,898.4443060423363
2018-01-21 20:00:00,769.3136060398903
2018-01-21 21:00:00,843.5160924380286
2018-01-21 22:00:00,868.5616859266505
2018-01-21 23:00:00,994.4189763198401
2018-01-22 00:00:00,958.5090345735058
2018-01-22 01:00:00,1070.1726761864322
2018-01-22 02:00:00,1103.1550100319312
2018-01-22 03:00:00,1174.0729393813622
2018-01-22 04:00:00,1158.7260834810756
2018-01-22 05:00:00,1115.013121946917
2018-01-22 06:00:00,1252.4849533249583
2018-01-22 07:00:00,1164.3126970584879
2018-01-22 08:00:00,1209.5227311060532
2018-01-22 09:00:00,1176.536290891292
2018-01-22 10:00:00,1022.6741567995564
2018-01-22 11:00:00,1011.9316867516957
2018-01-22 12:00:00,974.9252452886041
2018-01-22 13:00:00,984.950376977501
2018-01-22 14:00:00,852.135284453715
2018-01-22 15:00:00,823.5056165619194
2018-01-22 16:00:00,845.3294398360733
2018-01-22 17:00:00,791.3159955447601
2018-01-22 18:00:00,805.4228473955475
2018-01-22 19:00:00,839.5940869584098
2018-01-22 20:00:00,893.3793592168862
2018-01-22 21:00:00,840.8837044911783
2018-01-22 22:00:00,861.3620285537161
2018-01-22 23:00:00,936.2369116012807
2018-01-23 00:00:00,966.7115184584645
2018-01-23 01:00:00,1060.0700738876467
2018-01-23 02:00:00,1098.8614329802674
2018-01-23 03:00:00,1113.951207869684
2018-01-23 04:00:00,1131.9698333785154
2018-01-23 05:00:00,1109.028262215791
2018-01-23 06:00:00,1124.6464571995464
2018-01-23 07:00:00,1189.2641432302796
2018-01-23 08:00:00,1196.7580922898067
2018-01-23 09:00:00,1158.937586554119
2018-01-23 10:00:00,1200.1528898139425
2018-01-23 11:00:00,1064.428283845488
2018-01-23 12:00:00,1060.9160870131388
2018-01-23 13:00:00,884.8729510679714
2018-01-23 14:00:00,827.4006437788993
2018-01-23 15:00:00,885.6355643164062
2018-01-23 16:00:00,816.3535802279742
2018-01-23 17:00:00,891.3134013579181
2018-01-23 18:00:00,777.2982190057681
2018-01-23 19:00:00,792.2188681037915
2018-01-23 20:00:00,837.2515356836766
2018-01-23 21:00:00,742.740322196648
2018-01-23 22:00:00,826.7454170548343
2018-01-23 23:00:00,982.0400867658132
2018-01-24 00:00:00,1031.0869862897416
2018-01-24 01:00:00,1060.2032614939176
2018-01-24 02:00:00,1080.696982618147
2018-01-24 03:00:00,1196.770776101469
2018-01-24 04:00:00,1159.039956257536
2018-01-24 05:00:00,1178.2911860286054
2018-01-24 06:00:00,1214.717163033525
2018-01-24 07:00:00,1154.9123886661932
2018-01-24 08:00:00,1180.4085379474616
2018-01-24 09:00:00,1143.0692622945244
2018-01-24 10:00:00,1142.5490242553299
2018-01-24 11:00:00,1096.3947941038678
2018-01-24 12:00:00,966.2656330066735
2018-01-24 13:00:00,975.6088237954007
2018-01-24 14:00:00,960.26497973713
2018-01-24 15:00:00,824.1911072397667
2018-01-24 16:00:00,827.6186657418298
2018-01-24 17:00:00,742.0469371419749
2018-01-24 18:00:00,778.3871672998168
2018-01-24 19:00:00,789.1566212607304
2018-01-24 20:00:00,801.2554985814495
2018-01-24 21:00:00,871.022567326522
2018-01-24 22:00:00,815.3617282857456
2018-01-24 23:00:00,866.5313505134615
2018-01-25 00:00:00,1005.8672522175023
2018-01-25 01:00:00,1076.04012033165
2018-01-25 02:00:00,1094.6486675993717
2018-01-25 03:00:00,1101.9741543783105
2018-01-25 04:00:00,1123.905499970246
2018-01-25 05:00:00,1201.6329866790677
2018-01-25 06:00:00,1190.3080114403244
2018-01-25 07:00:00,1160.0278247407157
2018-01-25 08:00:00,1113.618269553208
2018-01-25 09:00:00,1123.9830152268758
2018-01-25 10:00:00,1011.0323334684806
2018-01-25 11:00:00,1076.8764120177307
2018-01-25 12:00:00,990.1463731469645
2018-01-25 13:00:00,940.0959117250799
2018-01-25 14:00:00,943.9822216326866
2018-01-25 15:00:00,850.0298462983731
2018-01-25 16:00:00,858.5503600059799
2018-01-25 17:00:00,875.1071103770569
2018-01-25 18:00:00,881.0915733296491
2018-01-25 19:00:00,813.2844033736493
2018-01-25 20:00:00,818.0773506022938
2018-01-25 21:00:00,849.000921963011
2018-01-25 22:00:00,829.7475337153666
2018-01-25 23:00:00,944.1337443943954
2018-01-26 00:00:00,998.4932491316133
2018-01-26 01:00:00,1086.2439614459165
2018-01-26 02:00:00,1138.2466119255273
2018-01-26 03:00:00,1304.6570683860002
2018-01-26 04:00:00,1183.8104315798794
2018-01-26 05:00:00,1139.4617219861477
2018-01-26 06:00:00,1128.249692395552
2018-01-26 07:00:00,1142.8792762377493
2018-01-26 08:00:00,1151.0865930760556
2018-01-26 09:00:00,1242.4134663618559
2018-01-26 10:00:00,1085.9466167857636
2018-01-26 11:00:00,1060.373165185203
2018-01-26 12:00:00,1041.5576010571
2018-01-26 13:00:00,911.0672208304686
2018-01-26 14:00:00,920.4036119436414
2018-01-26 15:00:00,860.8459446629624
2018-01-26 16:00:00,765.5844140520635
2018-01-26 17:00:00,774.1823623093817
2018-01-26 18:00:00,807.8238219530733
2018-01-26 19:00:00,756.7899601360558
2018-01-26 20:00:00,808.620435678554
2018-01-26 21:00:00,999.5319128596451
2018-01-26 22:00:00,960.8286988020186
2018-01-26 23:00:00,974.3947518096792
2018-01-27 00:00:00,915.2430571259712
2018-01-27 01:00:00,1073.2611943625025
2018-01-27 02:00:00,1153.9525766490303
2018-01-27 03:00:00,1199.9327235235723
2018-01-27 04:00:00,1174.446388531966
2018-01-27 05:00:00,1235.4157271346314
2018-01-27 06:00:00,1183.2227312775585
2018-01-27 07:00:00,1137.9624336425209
2018-01-27 08:00:00,1151.0726554905045
2018-01-27 09:00:00,1103.5083429835488
2018-01-27 10:00:00,1134.9112137322495
2018-01-27 11:00:00,1156.6258828440257
2018-01-27 12:00:00,990.5397253352015
2018-01-27 13:00:00,985.3437354027643
2018-01-27 14:00:00,909.5095654870537
2018-01-27 15:00:00,812.3253554263634
2018-01-27 16:00:00,891.2992387005775
2018-01-27 17:00:00,758.9787636059059
2018-01-27 18:00:00,815.4076173743103
2018-01-27 19:00:00,803.6281654829899
2018-01-27 20:00:00,896.2217562220693
2018-01-27 21:00:00,848.6530781660947
2018-01-27 22:00:00,948.3397016295614
2018-01-27 23:00:00,975.6871655757363
2018-01-28 00:00:00,981.8183373489389
2018-01-28 01:00:00,1096.1686061955213
2018-01-28 02:00:00,1133.7003206272746
2018-01-28 03:00:00,1046.5828820765842
2018-01-28 04:00:00,1110.5964571541995
2018-01-28 05:00:00,1253.163364823056
2018-01-28 06:00:00,1187.3973483013517
2018-01-28 07:00:00,1267.4013905774323
2018-01-28 08:00:00,1204.6235988200049
2018-01-28 09:00:00,1111.3652098478906
2018-01-28 10:00:00,1063.8430152488402
2018-01-28 11:00:00,1075.2286355356614
2018-01-28 12:00:00,953.3448700924077
2018-01-28 13:00:00,821.9144157878283
2018-01-28 14:00:00,870.5443933949897
2018-01-28 15:00:00,840.966509848759
2018-01-28 16:00:00,796.6303743494491
2018-01-28 17:00:00,773.6280236963328
2018-01-28 18:00:00,768.3365189093245
2018-01-28 19:00:00,874.5805252345119
2018-01-28 20:00:00,801.8709381712453
2018-01-28 21:00:00,893.6271821186351
2018-01-28 22:00:00,922.989167899929
2018-01-28 23:00:00,862.6581305170791
2018-01-29 00:00:00,1131.6612020158466
2018-01-29 01:00:00,1104.0387704555922
2018-01-29 02:00:00,1128.6662997489298
2018-01-29 03:00:00,1082.6853213675442
2018-01-29 04:00:00,1165.6391526574384
2018-01-29 05:00:00,1240.4518083316852
2018-01-29 06:00:00,1240.879888537766
2018-01-29 07:00:00,1220.9990597083197
2018-01-29 08:00:00,1104.7190276513386
2018-01-29 09:00:00,1165.07192804715
2018-01-29 10:00:00,1114.8303970894406
2018-01-29 11:00:00,1040.0809063760757
2018-01-29 12:00:00,997.3949789867149
2018-01-29 13:00:00,1012.8882854350954
2018-01-29 14:00:00,1009.797422819237
2018-01-29 15:00:00,849.0269243999572
2018-01-29 16:00:00,788.6973232361946
2018-01-29 17:00:00,927.501333203017
2018-01-29 18:00:00,793.7177483919457
2018-01-29 19:00:00,848.6753314696527
2018-01-29 20:00:00,767.3099462300411
2018-01-29 21:00:00,838.6790603514413
2018-01-29 22:00:00,918.585201063632
2018-01-29 23:00:00,950.4464571308616
2018-01-30 00:00:00,1023.5248459924375
2018-01-30 01:00:00,1184.6661435058468
2018-01-30 02:00:00,1207.1313855255205
2018-01-30 03:00:00,1254.441034561507
2018-01-30 04:00:00,1183.0973613227861
2018-01-30 05:00:00,1184.3502630799014
2018-01-30 06:00:00,1264.1344670033857
2018-01-30 07:00:00,1096.4343915241218
2018-01-30 08:00:00,1161.204810889701
2018-01-30 09:00:00,1153.4446815588165
2018-01-30 10:00:00,1120.2983864801326
2018-01-30 11:00:00,1149.4133411092912
2018-01-30 12:00:00,1034.1653134675053
2018-01-30 13:00:00,893.5245172144545
2018-01-30 14:00:00,873.7972331066642
2018-01-30 15:00:00,821.2022813092045
2018-01-30 16:00:00,880.4959232157128
2018-01-30 17:00:00,849.9358931642851
2018-01-30 18:00:00,864.2687243915913
2018-01-30 19:00:00,852.3214927117663
2018-01-30 20:00:00,738.9810593705561
2018-01-30 21:00:00,833.2645144830087
2018-01-30 22:00:00,983.3082754889526
2018-01-30 23:00:00,976.3234881104518
2018-01-31 00:00:00,973.323563820191
2018-01-31 01:00:00,1042.7454265257793
2018-01-31 02:00:00,1131.8427063244558
2018-01-31 03:00:00,1145.9586947364762
2018-01-31 04:00:00,1199.3142225805043
2018-01-31 05:00:00,1215.5952917573727
2018-01-31 06:00:00,1160.2970863954174
2018-01-31 07:00:00,1166.9264295218863
2018-01-31 08:00:00,1191.446394840526
2018-01-31 09:00:00,1211.9459087175776
2018-01-31 10:00:00,1170.0596754187552
2018-01-31 11:00:00,1146.760505959224
2018-01-31 12:00:00,1005.1844635509765
2018-01-31 13:00:00,965.3636863424434
2018-01-31 14:00:00,897.8144606379378
2018-01-31 15:00:00,875.7687155609318
2018-01-31 16:00:00,822.7357711178179
2018-01-31 17:00:00,709.6796831041001
2018-01-31 18:00:00,863.4725676760886
2018-01-31 19:00:00,709.2057843914279
2018-01-31 20:00:00,784.6353920344274
2018-01-31 21:00:00,825.2260685333624
2018-01-31 22:00:00,987.5879056963483
2018-01-31 23:00:00,946.1844352011831
2018-02-01 00:00:00,1018.8311664172685
2018-02-01 01:00:00,1044.7225102333896
2018-02-01 02:00:00,1112.846341418546
2018-02-01 03:00:00,1148.4469448629632
2018-02-01 04:00:00,1256.8217129886482
2018-02-01 05:00:00,1209.1344305845253
2018-02-01 06:00:00,1181.6786285068258
2018-02-01 07:00:00,1245.1460082641497
2018-02-01 08:00:00,1215.0581429240165
2018-02-01 09:00:00,1046.9657187385078
2018-02-01 10:00:00,1040.9974145806912
2018-02-01 11:00:00,1000.3440191292855
2018-02-01 12:00:00,975.8390867311061
2018-02-01 13:00:00,1021.4094336483852
2018-02-01 14:00:00,886.0390527310473
2018-02-01 15:00:00,807.0186786486239
2018-02-01 16:00:00,860.6279432021427
2018-02-01 17:00:00,790.155935599025
2018-02-01 18:00:00,864.8153282902432
2018-02-01 19:00:00,765.2442943368159
2018-02-01 20:00:00,880.2134510003643
2018-02-01 21:00:00,956.3180521567537
2018-02-01 22:00:00,893.6607659443571
2018-02-01 23:00:00,970.5335537964421
2018-02-02 00:00:00,1035.0402260627798
2018-02-02 01:00:00,1046.7691828996442
2018-02-02 02:00:00,1066.7290931607238
2018-02-02 03:00:00,1163.9500855815681
2018-02-02 04:00:00,1193.6467616475227
2018-02-02 05:00:00,1160.1532427774384
2018-02-02 06:00:00,1213.0758290030928
2018-02-02 07:00:00,1269.0397812812391
2018-02-02 08:00:00,1151.9733161957963
2018-02-02 09:00:00,1087.8552956585447
2018-02-02 10:00:00,1084.5134247246008
2018-02-02 11:00:00,1052.159483796309
2018-02-02 12:00:00,1059.64998442992
2018-02-02 13:00:00,988.2639908628419
2018-02-02 14:00:00,913.0520877280736
2018-02-02 15:00:00,874.8189870730973
2018-02-02 16:00:00,865.6573183496869
2018-02-02 17:00:00,794.8637852503001
2018-02-02 18:00:00,925.0156559164594
2018-02-02 19:00:00,801.6782465951563
2018-02-02 20:00:00,762.9741647771492
2018-02-02 21:00:00,902.6629686481511
2018-02-02 22:00:00,909.7077840753393
2018-02-02 23:00:00,930.447975232255
2018-02-03 00:00:00,1012.05153158066
2018-02-03 01:00:00,973.9985831867632
2018-02-03 02:00:00,1042.161253566053
2018-02-03 03:00:00,1121.7246033654728
2018-02-03 04:00:00,1114.1400908378967
2018-02-03 05:00:00,1198.2989572521221
2018-02-03 06:00:00,1165.9879599008586
2018-02-03 07:00:00,1222.879043882483
2018-02-03 08:00:00,1328.4333292954957
2018-02-03 09:00:00,1100.2114679718725
2018-02-03 10:00:00,1133.6839130181218
2018-02-03 11:00:00,1026.0731693325429
2018-02-03 12:00:00,1017.5354609176375
2018-02-03 13:00:00,950.1753172667194
2018-02-03 14:00:00,930.3633922068047
2018-02-03 15:00:00,824.2965248154997
2018-02-03 16:00:00,900.7790175110069
2018-02-03 17:00:00,769.2063381313399
2018-02-03 18:00:00,841.7258828904271
2018-02-03 19:00:00,846.7846916071614
2018-02-03 20:00:00,806.1082915616219
2018-02-03 21:00:00,855.836181015936
2018-02-03 22:00:00,906.1270310849405
2018-02-03 23:00:00,963.3924483572406
2018-02-04 00:00:00,995.3218805653216
2018-02-04 01:00:00,1097.050669240961
2018-02-04 02:00:00,1091.8274948440314
2018-02-04 03:00:00,1147.1426101350514
2018-02-04 04:00:00,1180.3757191641394
2018-02-04 05:00:00,1194.9366323740517
2018-02-04 06:00:00,1278.4222844979404
2018-02-04 07:00:00,1048.6346871471324
2018-02-04 08:00:00,1074.1348716561454
2018-02-04 09:00:00,1203.9187334451492
2018-02-04 10:00:00,1011.7412056830896
2018-02-04 11:00:00,1079.359451121055
2018-02-04 12:00:00,1001.4623267802284
2018-02-04 13:00:00,888.6358688988227
2018-02-04 14:00:00,920.2580806211442
2018-02-04 15:00:00,781.6852256345859
2018-02-04 16:00:00,881.6713986099832
2018-02-04 17:00:00,780.9113356762791
2018-02-04 18:00:00,790.4882852288089
2018-02-04 19:00:00,663.1501125725354
2018-02-04 20:00:00,752.5967175413537
2018-02-04 21:00:00,883.0613932272695
2018-02-04 22:00:00,844.1643639720628
2018-02-04 23:00:00,974.2561645477681
2018-02-05 00:00:00,1021.2900118132486
2018-02-05 01:00:00,1050.8042558289637
2018-02-05 02:00:00,1213.6897359497518
2018-02-05 03:00:00,1180.2658128863864
2018-02-05 04:00:00,1245.75500317657
2018-02-05 05:00:00,1189.374271148943
2018-02-05 06:00:00,1220.4060674375785
2018-02-05 07:00:00,1093.8004683100867
2018-02-05 08:00:00,1198.8222815412842
2018-02-05 09:00:00,1189.706464640827
2018-02-05 10:00:00,1105.8492487833862
2018-02-05 11:00:00,1144.2799463437486
2018-02-05 12:00:00,1033.4343871759486
2018-02-05 13:00:00,992.7305649270216
2018-02-05 14:00:00,940.1868942912179
2018-02-05 15:00:00,855.7573117267951
2018-02-05 16:00:00,840.3758692087582
2018-02-05 17:00:00,707.9079099609827
2018-02-05 18:00:00,771.9992563100469
2018-02-05 19:00:00,855.9566330893813
2018-02-05 20:00:00,874.3150591666422
2018-02-05 21:00:00,839.6226804302426
2018-02-05 22:00:00,908.9871185195893
2018-02-05 23:00:00,951.1685728984372
2018-02-06 00:00:00,981.904477389926
2018-02-06 01:00:00,974.5260879260782
2018-02-06 02:00:00,1167.1416507107422
2018-02-06 03:00:00,1161.7819216657508
2018-02-06 04:00:00,1114.0760934284715
2018-02-06 05:00:00,1169.3303083859273
2018-02-06 06:00:00,1193.8409738763955
2018-02-06 07:00:00,1227.1993859106974
2018-02-06 08:00:00,1068.4411903614616
2018-02-06 09:00:00,1155.6650161224193
2018-02-06 10:00:00,1051.4436700981025
2018-02-06 11:00:00,983.9749694039097
2018-02-06 12:00:00,1046.620932760508
2018-02-06 13:00:00,960.4194912030798
2018-02-06 14:00:00,873.1486107799512
2018-02-06 15:00:00,793.4595968330564
2018-02-06 16:00:00,860.0787837052719
2018-02-06 17:00:00,915.3955142804102
2018-02-06 18:00:00,784.4778902905641
2018-02-06 19:00:00,773.7521930393706
2018-02-06 20:00:00,795.8600822364524
2018-02-06 21:00:00,954.4891715964545
2018-02-06 22:00:00,967.7436559614923
2018-02-06 23:00:00,849.7911205171494
2018-02-07 00:00:00,986.6545514328748
2018-02-07 01:00:00,1075.1128491735726
2018-02-07 02:00:00,1144.9445177321409
2018-02-07 03:00:00,1104.919370471898
2018-02-07 04:00:00,1089.2931717236602
2018-02-07 05:00:00,1167.6084019815582
2018-02-07 06:00:00,1147.5621848684289
2018-02-07 07:00:00,1161.189482371904
2018-02-07 08:00:00,1105.9830260279123
2018-02-07 09:00:00,1080.1323448332414
2018-02-07 10:00:00,1022.1826611157594
2018-02-07 11:00:00,1089.147958245896
2018-02-07 12:00:00,1048.1538168316824
2018-02-07 13:00:00,873.084021427395
2018-02-07 14:00:00,946.3040459585975
2018-02-07 15:00:00,873.2146806903894
2018-02-07 16:00:00,842.3674043433647
2018-02-07 17:00:00,853.7522774467438
2018-02-07 18:00:00,741.5297085136276
2018-02-07 19:00:00,922.8184305263227
2018-02-07 20:00:00,809.4910189124187
2018-02-07 21:00:00,784.5064639857553
2018-02-07 22:00:00,904.3013449661207
2018-02-07 23:00:00,946.9197971309384
2018-02-08 00:00:00,1096.885007229211
2018-02-08 01:00:00,1042.8559028676243
2018-02-08 02:00:00,1078.5616811159944
2018-02-08 03:00:00,1187.1273753865262
2018-02-08 04:00:00,1179.231752348463
2018-02-08 05:00:00,1176.718817999285
2018-02-08 06:00:00,1157.3334511947173
2018-02-08 07:00:00,1155.957627241237
2018-02-08 08:00:00,1171.7070288238692
2018-02-08 09:00:00,1237.08301362683
2018-02-08 10:00:00,1127.5208583476094
2018-02-08 11:00:00,1053.4810933116948
2018-02-08 12:00:00,958.8239576824445
2018-02-08 13:00:00,954.4391167300425
2018-02-08 14:00:00,938.8137315738418
2018-02-08 15:00:00,899.0880734555649
2018-02-08 16:00:00,839.2210004066781
2018-02-08 17:00:00,819.4645738910228
2018-02-08 18:00:00,820.0657640343264
2018-02-08 19:00:00,824.2792121809806
2018-02-08 20:00:00,824.2362158434764
2018-02-08 21:00:00,861.6536682439062
2018-02-08 22:00:00,907.4372740664651
2018-02-08 23:00:00,967.0053831474604
2018-02-09 00:00:00,924.2235035702819
2018-02-09 01:00:00,972.3728786361445
2018-02-09 02:00:00,1090.5469178891747
2018-02-09 03:00:00,1167.6793490899126
2018-02-09 04:00:00,1219.4688039673936
2018-02-09 05:00:00,1257.959992508866
2018-02-09 06:00:00,1203.057064551112
2018-02-09 07:00:00,1189.8175461527935
2018-02-09 08:00:00,1120.0403171001471
2018-02-09 09:00:00,1175.5627245346968
2018-02-09 10:00:00,1077.4510426651002
2018-02-09 11:00:00,992.80696383958
2018-02-09 12:00:00,999.1603637035704
2018-02-09 13:00:00,941.7535128652871
2018-02-09 14:00:00,828.2300767222121
2018-02-09 15:00:00,923.7322433757611
2018-02-09 16:00:00,895.1154077677627
2018-02-09 17:00:00,859.885399914694
2018-02-09 18:00:00,789.5020679941455
2018-02-09 19:00:00,817.8859180677222
2018-02-09 20:00:00,834.3856985429504
2018-02-09 21:00:00,892.9029881911719
2018-02-09 22:00:00,895.7123436399409
2018-02-09 23:00:00,955.9003759041698
2018-02-10 00:00:00,1010.3428063304518
2018-02-10 01:00:00,1128.0085250551786
2018-02-10 02:00:00,1066.709390788731
2018-02-10 03:00:00,1156.1691234473208
2018-02-10 04:00:00,1131.9608002566347
2018-02-10 05:00:00,1164.04667668577
2018-02-10 06:00:00,1164.0810703785744
2018-02-10 07:00:00,1217.9891289150085
2018-02-10 08:00:00,1181.7779234334942
2018-02-10 09:00:00,1146.4208321778528
2018-02-10 10:00:00,1097.8022312853436
2018-02-10 11:00:00,1055.9899970364875
2018-02-10 12:00:00,1078.339481798273
2018-02-10 13:00:00,917.3786320370675
2018-02-10 14:00:00,876.1152083437728
2018-02-10 15:00:00,741.4427560026145
2018-02-10 16:00:00,875.5200875760295
2018-02-10 17:00:00,804.7070701153998
2018-02-10 18:00:00,781.9129002352216
2018-02-10 19:00:00,851.3453717421115
2018-02-10 20:00:00,836.0607735972507
2018-02-10 21:00:00,831.7369326168736
2018-02-10 22:00:00,897.1851282580243
2018-02-10 23:00:00,1036.735759152274
2018-02-11 00:00:00,1092.7073612030285
2018-02-11 01:00:00,1068.3804069099037
2018-02-11 02:00:00,1111.6366996503968
2018-02-11 03:00:00,1210.8443658112897
2018-02-11 04:00:00,1227.4200158803362
2018-02-11 05:00:00,1244.151946225831
2018-02-11 06:00:00,1201.067528187576
2018-02-11 07:00:00,1157.0653363290232
2018-02-11 08:00:00,1166.336676012362
2018-02-11 09:00:00,1122.1743442842903
2018-02-11 10:00:00,1117.661254690221
2018-02-11 11:00:00,1151.833198271777
2018-02-11 12:00:00,1038.9777901799332
2018-02-11 13:00:00,944.4037777959687
2018-02-11 14:00:00,891.8264817595859
2018-02-11 15:00:00,921.9952303503251
2018-02-11 16:00:00,819.0885297221599
2018-02-11 17:00:00,786.1806754229896
2018-02-11 18:00:00,848.7520941583231
2018-02-11 19:00:00,820.4481726566843
2018-02-11 20:00:00,737.9788498694126
2018-02-11 21:00:00,918.594360756023
2018-02-11 22:00:00,774.8096415079079
2018-02-11 23:00:00,917.8899883268167
2018-02-12 00:00:00,1047.7893854406902
2018-02-12 01:00:00,969.896640852019
2018-02-12 02:00:00,1263.154506953454
2018-02-12 03:00:00,1129.222558600289
2018-02-12 04:00:00,1177.3974771536593
2018-02-12 05:00:00,1161.4115359943135
2018-02-12 06:00:00,1292.5385517721272
2018-02-12 07:00:00,1156.7276236102243
2018-02-12 08:00:00,1156.3112319650213
2018-02-12 09:00:00,1208.7935264051944
2018-02-12 10:00:00,1118.1529278561202
2018-02-12 11:00:00,1057.2489128911102
2018-02-12 12:00:00,995.421173634727
2018-02-12 13:00:00,982.6587045348075
2018-02-12 14:00:00,863.5104071224312
2018-02-12 15:00:00,863.1026852529021
2018-02-12 16:00:00,807.9820303401766
2018-02-12 17:00:00,830.8985578133437
2018-02-12 18:00:00,768.9490902869856
2018-02-12 19:00:00,772.3718306134833
2018-02-12 20:00:00,764.8491416644603
2018-02-12 21:00:00,851.0383777549133
2018-02-12 22:00:00,894.1287363648112
2018-02-12 23:00:00,1063.0346685960976
2018-02-13 00:00:00,1001.50468201783
2018-02-13 01:00:00,1135.8686279987394
2018-02-13 02:00:00,1148.3219234249796
2018-02-13 03:00:00,1137.488123820422
2018-02-13 04:00:00,1176.791741825186
2018-02-13 05:00:00,1309.545272572275
2018-02-13 06:00:00,1118.4879240302662
2018-02-13 07:00:00,1218.4900226275686
2018-02-13 08:00:00,1216.4052500596204
2018-02-13 09:00:00,1078.5770074945656
2018-02-13 10:00:00,1125.7977422909216
2018-02-13 11:00:00,1113.353165169518
2018-02-13 12:00:00,1084.1470688388429
2018-02-13 13:00:00,967.4505711844685
2018-02-13 14:00:00,863.2281651127208
2018-02-13 15:00:00,805.5492383300696
2018-02-13 16:00:00,756.3549637987863
2018-02-13 17:00:00,811.0146703525074
2018-02-13 18:00:00,782.6805741290491
2018-02-13 19:00:00,890.175347320643
2018-02-13 20:00:00,821.3460189142198
2018-02-13 21:00:00,814.2770708652497
2018-02-13 22:00:00,910.8848651014418
2018-02-13 23:00:00,1010.9063144367145
2018-02-14 00:00:00,998.3855484773669
2018-02-14 01:00:00,1006.3656975473189
2018-02-14 02:00:00,1097.8550183134582
2018-02-14 03:00:00,1085.9205731642346
2018-02-14 04:00:00,1133.612377506973
2018-02-14 05:00:00,1292.167682334563
2018-02-14 06:00:00,1204.2757200393653
2018-02-14 07:00:00,1281.0550519212304
2018-02-14 08:00:00,1246.3015011650002
2018-02-14 09:00:00,1135.2353867866889
2018-02-14 10:00:00,1057.98987985799
2018-02-14 11:00:00,1051.5092909571813
2018-02-14 12:00:00,935.6043598906057
2018-02-14 13:00:00,1044.3164317430076
2018-02-14 14:00:00,883.3934607086576
2018-02-14 15:00:00,919.4193621216672
2018-02-14 16:00:00,815.5669047126935
2018-02-14 17:00:00,791.3345229258965
2018-02-14 18:00:00,765.9707012881681
2018-02-14 19:00:00,747.3830588487939
2018-02-14 20:00:00,799.9827346198089
2018-02-14 21:00:00,870.2188364911981
2018-02-14 22:00:00,843.0563200493583
2018-02-14 23:00:00,951.2435319554211
2018-02-15 00:00:00,1007.7734503254933
2018-02-15 01:00:00,1033.5632855610363
2018-02-15 02:00:00,1026.6403309907223
2018-02-15 03:00:00,1156.058631658355
2018-02-15 04:00:00,1232.9542091814485
2018-02-15 05:00:00,1291.7577488741088
2018-02-15 06:00:00,1163.92272942878
2018-02-15 07:00:00,1228.1673672161348
2018-02-15 08:00:00,1147.073763902439
2018-02-15 09:00:00,1047.112835740219
2018-02-15 10:00:00,1048.1003554674014
2018-02-15 11:00:00,1109.4573827224199
2018-02-15 12:00:00,933.3263946878315
2018-02-15 13:00:00,974.191618390045
2018-02-15 14:00:00,968.8523863388045
2018-02-15 15:00:00,840.1770851811543
2018-02-15 16:00:00,892.922449998385
2018-02-15 17:00:00,834.582218837947
2018-02-15 18:00:00,767.4066924598858
2018-02-15 19:00:00,820.4766870772037
2018-02-15 20:00:00,825.27985459632
2018-02-15 21:00:00,813.6860395526115
2018-02-15 22:00:00,918.8191113884592
2018-02-15 23:00:00,957.6321043242056
2018-02-16 00:00:00,1045.5031305765717
2018-02-16 01:00:00,1078.4020504828673
2018-02-16 02:00:00,1193.0760365171643
2018-02-16 03:00:00,1184.3377699575658
2018-02-16 04:00:00,1138.9497982349023
2018-02-16 05:00:00,1136.5168724926218
2018-02-16 06:00:00,1186.8027133000887
2018-02-16 07:00:00,1189.9126711939557
2018-02-16 08:00:00,1172.951805077459
2018-02-16 09:00:00,1186.123083848599
2018-02-16 10:00:00,1088.9548406922722
2018-02-16 11:00:00,1046.013631194783
2018-02-16 12:00:00,973.8253335528203
2018-02-16 13:00:00,911.6595108634444
2018-02-16 14:00:00,900.63404321489
2018-02-16 15:00:00,840.5751134829649
2018-02-16 16:00:00,780.5573844255865
2018-02-16 17:00:00,798.1369180853407
2018-02-16 18:00:00,784.4491386354975
2018-02-16 19:00:00,812.7634385023719
2018-02-16 20:00:00,813.2438224552138
2018-02-16 21:00:00,813.8839968560882
2018-02-16 22:00:00,893.579313619261
2018-02-16 23:00:00,948.320377107161
2018-02-17 00:00:00,1009.131213132639
2018-02-17 01:00:00,1014.4604028084509
2018-02-17 02:00:00,1110.8123006373312
2018-02-17 03:00:00,1168.373199287057
2018-02-17 04:00:00,1234.7397454272186
2018-02-17 05:00:00,1185.4317801154168
2018-02-17 06:00:00,1195.1199102898086
2018-02-17 07:00:00,1115.1327873686555
2018-02-17 08:00:00,1208.0250863285519
2018-02-17 09:00:00,1179.4977744245373
2018-02-17 10:00:00,1155.6520338662567
2018-02-17 11:00:00,949.9951212455238
2018-02-17 12:00:00,835.6483068293223
2018-02-17 13:00:00,972.8954297809963
2018-02-17 14:00:00,972.5961893432487
2018-02-17 15:00:00,911.2939352849884
2018-02-17 16:00:00,801.9497329075048
2018-02-17 17:00:00,756.6602421861161
2018-02-17 18:00:00,781.6237899741768
2018-02-17 19:00:00,881.8580198041301
2018-02-17 20:00:00,882.2718263341238
2018-02-17 21:00:00,931.1054384693124
2018-02-17 22:00:00,809.152263483352
2018-02-17 23:00:00,968.0833768102892
2018-02-18 00:00:00,955.9016218367059
2018-02-18 01:00:00,1083.2696283597627
2018-02-18 02:00:00,1058.4693268876877
2018-02-18 03:00:00,1183.5685674531424
2018-02-18 04:00:00,1150.8805839314336
2018-02-18 05:00:00,1085.5502467483109
2018-02-18 06:00:00,1252.3331267944307
2018-02-18 07:00:00,1109.5450701695906
2018-02-18 08:00:00,1102.9879310107146
2018-02-18 09:00:00,1112.5709507910683
2018-02-18 10:00:00,1079.3576744910154
2018-02-18 11:00:00,1035.905189228533
2018-02-18 12:00:00,1096.7704989140145
2018-02-18 13:00:00,986.1835791576617
2018-02-18 14:00:00,948.3740520383396
2018-02-18 15:00:00,802.7945375680671
2018-02-18 16:00:00,792.260159339252
2018-02-18 17:00:00,781.3814840281426
2018-02-18 18:00:00,766.0825368149777
2018-02-18 19:00:00,873.9910152618575
2018-02-18 20:00:00,790.5647034858733
2018-02-18 21:00:00,898.7331142357167
2018-02-18 22:00:00,894.6271831909587
2018-02-18 23:00:00,914.8020411335704
2018-02-19 00:00:00,1059.1063474855932
2018-02-19 01:00:00,989.3765013867435
2018-02-19 02:00:00,1016.7788716942589
2018-02-19 03:00:00,1160.217085675103
2018-02-19 04:00:00,1112.1627358950614
2018-02-19 05:00:00,1133.8137499518004
2018-02-19 06:00:00,1252.5446303111628
2018-02-19 07:00:00,1255.7031347973339
2018-02-19 08:00:00,1175.344735836426
2018-02-19 09:00:00,1098.4765722107347
2018-02-19 10:00:00,1040.9882043350003
2018-02-19 11:00:00,1020.0246074641049
2018-02-19 12:00:00,1017.4337037179091
2018-02-19 13:00:00,940.8093403295317
2018-02-19 14:00:00,875.8594838388651
2018-02-19 15:00:00,902.8031813508675
2018-02-19 16:00:00,802.0143996500414
2018-02-19 17:00:00,780.5014682188962
2018-02-19 18:00:00,667.1422345670042
2018-02-19 19:00:00,811.6229685790569
2018-02-19 20:00:00,797.8950166360021
2018-02-19 21:00:00,907.3715259072906
2018-02-19 22:00:00,854.881872746519
2018-02-19 23:00:00,1035.972737874694
2018-02-20 00:00:00,999.6134142427287
2018-02-20 01:00:00,955.9311735949997
2018-02-20 02:00:00,1126.3801904286136
2018-02-20 03:00:00,1111.7173920203393
2018-02-20 04:00:00,1144.776992055889
2018-02-20 05:00:00,1227.1161406724168
2018-02-20 06:00:00,1193.8531084168599
2018-02-20 07:00:00,1185.507841907116
2018-02-20 08:00:00,1132.5076929268464
2018-02-20 09:00:00,1161.5654393883754
2018-02-20 10:00:00,1054.0852451841715
2018-02-20 11:00:00,1002.4019386888002
2018-02-20 12:00:00,962.5381145304545
2018-02-20 13:00:00,956.1982159377611
2018-02-20 14:00:00,890.6222084251394
2018-02-20 15:00:00,798.2110895823891
2018-02-20 16:00:00,799.4805674254887
2018-02-20 17:00:00,767.4599272533965
2018-02-20 18:00:00,853.9893484207242
2018-02-20 19:00:00,784.7890185610125
2018-02-20 20:00:00,767.0267787959089
2018-02-20 21:00:00,911.8908394650774
2018-02-20 22:00:00,940.7964487941383
2018-02-20 23:00:00,884.7408767130131
2018-02-21 00:00:00,976.3790256757915
2018-02-21 01:00:00,1104.3912416292442
2018-02-21 02:00:00,1054.0930537763636
2018-02-21 03:00:00,1082.491956113218
2018-02-21 04:00:00,1250.851436285284
2018-02-21 05:00:00,1260.104079281555
2018-02-21 06:00:00,1173.4276106217565
2018-02-21 07:00:00,1162.6545649718025
2018-02-21 08:00:00,1208.9357301600082
2018-02-21 09:00:00,1068.5089262972822
2018-02-21 10:00:00,1117.671966860962
2018-02-21 11:00:00,1075.4461131142166
2018-02-21 12:00:00,965.953459838269
2018-02-21 13:00:00,848.2332477816065
2018-02-21 14:00:00,915.3019841823694
2018-02-21 15:00:00,840.4146572029521
2018-02-21 16:00:00,736.8777743051255
2018-02-21 17:00:00,883.1117023406052
2018-02-21 18:00:00,714.798049829156
2018-02-21 19:00:00,704.921200186922
2018-02-21 20:00:00,777.0465464397626
2018-02-21 21:00:00,839.838248414465
2018-02-21 22:00:00,898.9578996899506
2018-02-21 23:00:00,893.2887115230927
2018-02-22 00:00:00,1150.7748744324097
2018-02-22 01:00:00,941.1478833867282
2018-02-22 02:00:00,1180.3279642855516
2018-02-22 03:00:00,1138.3247116845316
2018-02-22 04:00:00,1266.5927073747625
2018-02-22 05:00:00,1251.0760165702247
2018-02-22 06:00:00,1183.5701686707373
2018-02-22 07:00:00,1143.2029391043277
2018-02-22 08:00:00,1177.4861573230557
2018-02-22 09:00:00,1130.986843007342
2018-02-22 10:00:00,1036.7743581153027
2018-02-22 11:00:00,1053.4810078296125
2018-02-22 12:00:00,1111.559439653641
2018-02-22 13:00:00,913.5780778868854
2018-02-22 14:00:00,959.9105949074351
2018-02-22 15:00:00,786.2610008853884
2018-02-22 16:00:00,790.9414014489349
2018-02-22 17:00:00,848.1076487744281
2018-02-22 18:00:00,845.0898071604603
2018-02-22 19:00:00,772.5053531472778
2018-02-22 20:00:00,916.7650481347126
2018-02-22 21:00:00,848.8802821177779
2018-02-22 22:00:00,895.847280737758
2018-02-22 23:00:00,917.1230795193511
2018-02-23 00:00:00,940.1860411008184
2018-02-23 01:00:00,984.563040268466
2018-02-23 02:00:00,1085.0390800753446
2018-02-23 03:00:00,1121.4516850519003
2018-02-23 04:00:00,1187.5743596906336
2018-02-23 05:00:00,1181.110833015323
2018-02-23 06:00:00,1172.763163844817
2018-02-23 07:00:00,1136.0020779303845
2018-02-23 08:00:00,1170.425027176115
2018-02-23 09:00:00,1031.0563122026638
2018-02-23 10:00:00,1067.9918712740275
2018-02-23 11:00:00,1034.602510724882
2018-02-23 12:00:00,1019.9125632942994
2018-02-23 13:00:00,922.1364137958728
2018-02-23 14:00:00,1014.9319620422712
2018-02-23 15:00:00,904.7133300826829
2018-02-23 16:00:00,848.4694599273089
2018-02-23 17:00:00,727.2394072162883
2018-02-23 18:00:00,865.7028181859039
2018-02-23 19:00:00,894.4052859424133
2018-02-23 20:00:00,916.3016943546291
2018-02-23 21:00:00,830.8357821241658
2018-02-23 22:00:00,902.4160313438522
2018-02-23 23:00:00,939.466794398083
2018-02-24 00:00:00,989.4487904046731
2018-02-24 01:00:00,1007.4123538022144
2018-02-24 02:00:00,1095.9239416308583
2018-02-24 03:00:00,1107.693736454767
2018-02-24 04:00:00,1217.9261382965142
2018-02-24 05:00:00,1202.3252311359402
2018-02-24 06:00:00,1210.5577068788355
2018-02-24 07:00:00,1204.090285142378
2018-02-24 08:00:00,1255.5378650862624
2018-02-24 09:00:00,1098.2933289758464
2018-02-24 10:00:00,1028.318583795382
2018-02-24 11:00:00,1075.5977365929389
2018-02-24 12:00:00,1057.1723337243084
2018-02-24 13:00:00,843.6238538795667
2018-02-24 14:00:00,804.1416945576916
2018-02-24 15:00:00,819.7378054114237
2018-02-24 16:00:00,839.5640129363749
2018-02-24 17:00:00,763.9743094069911
2018-02-24 18:00:00,808.8448953425187
2018-02-24 19:00:00,824.8886318467336
2018-02-24 20:00:00,865.5159932489208
2018-02-24 21:00:00,840.703552403052
2018-02-24 22:00:00,827.8669969572499
2018-02-24 23:00:00,1063.4452377131968
2018-02-25 00:00:00,1086.7101014624673
2018-02-25 01:00:00,1068.4293562454875
2018-02-25 02:00:00,1105.317688124873
2018-02-25 03:00:00,1139.7736709827757
2018-02-25 04:00:00,1078.0633817657647
2018-02-25 05:00:00,1144.374739788794
2018-02-25 06:00:00,1158.2223498208714
2018-02-25 07:00:00,1262.4662573164435
2018-02-25 08:00:00,1131.0284768772053
2018-02-25 09:00:00,1189.2340093638
2018-02-25 10:00:00,1079.7492886243688
2018-02-25 11:00:00,941.9430346376138
2018-02-25 12:00:00,1013.5676763561358
2018-02-25 13:00:00,938.7714077620902
2018-02-25 14:00:00,896.0130791048578
2018-02-25 15:00:00,849.4879230800483
2018-02-25 16:00:00,739.300296948378
2018-02-25 17:00:00,830.7226557142429
2018-02-25 18:00:00,750.1069345841903
2018-02-25 19:00:00,789.5259736244961
2018-02-25 20:00:00,824.1269914040545
2018-02-25 21:00:00,823.6982980654358
2018-02-25 22:00:00,927.5290300816116
2018-02-25 23:00:00,993.2415574381552
2018-02-26 00:00:00,1089.1325433600778
2018-02-26 01:00:00,1012.446568229787
2018-02-26 02:00:00,1058.4741335970011
2018-02-26 03:00:00,1141.5396980685766
2018-02-26 04:00:00,1154.1366118075266
2018-02-26 05:00:00,1182.6001983822791
2018-02-26 06:00:00,1198.1287981929133
2018-02-26 07:00:00,1148.0960132188102
2018-02-26 08:00:00,1177.4080327545385
2018-02-26 09:00:00,1154.2986294873315
2018-02-26 10:00:00,1016.0970620147162
2018-02-26 11:00:00,1062.1153755125085
2018-02-26 12:00:00,933.0724914564877
2018-02-26 13:00:00,917.404853617848
2018-02-26 14:00:00,777.7224374131779
2018-02-26 15:00:00,851.322293306737
2018-02-26 16:00:00,842.1885433290478
2018-02-26 17:00:00,815.086225245965
2018-02-26 18:00:00,841.4377984649421
2018-02-26 19:00:00,837.863053232271
2018-02-26 20:00:00,874.4881162533673
2018-02-26 21:00:00,924.4853115519638
2018-02-26 22:00:00,871.7504122314093
2018-02-26 23:00:00,1024.4809583863482
2018-02-27 00:00:00,1120.9612506460426
2018-02-27 01:00:00,1140.730703002022
2018-02-27 02:00:00,1040.0756217882724
2018-02-27 03:00:00,1148.0652159004392
2018-02-27 04:00:00,1157.3105625115195
2018-02-27 05:00:00,1242.7325041437607
2018-02-27 06:00:00,1200.1796464898225
2018-02-27 07:00:00,1230.950171488277
2018-02-27 08:00:00,1192.767148842979
2018-02-27 09:00:00,1126.8874639215207
2018-02-27 10:00:00,1110.1860453636843
2018-02-27 11:00:00,1109.7909662279965
2018-02-27 12:00:00,976.1966968298833
2018-02-27 13:00:00,905.4204497946045
2018-02-27 14:00:00,965.0796718191847
2018-02-27 15:00:00,904.2459692461294
2018-02-27 16:00:00,840.006165668877
2018-02-27 17:00:00,897.7020013742891
2018-02-27 18:00:00,714.7498032323524
2018-02-27 19:00:00,778.0063843213735
2018-02-27 20:00:00,892.2348469701881
2018-02-27 21:00:00,908.0149402888819
2018-02-27 22:00:00,876.614813689163
2018-02-27 23:00:00,939.1736379184365
2018-02-28 00:00:00,970.9034279697883
2018-02-28 01:00:00,1059.2865827208473
2018-02-28 02:00:00,1083.715218957598
2018-02-28 03:00:00,1191.011348689087
2018-02-28 04:00:00,1219.775260071563
2018-02-28 05:00:00,1217.7794557610305
2018-02-28 06:00:00,1199.3815336878183
2018-02-28 07:00:00,1233.3274021818297
2018-02-28 08:00:00,1179.4828268821007
2018-02-28 09:00:00,1026.5936658822845
2018-02-28 10:00:00,1084.4975631448974
2018-02-28 11:00:00,1068.202476557484
2018-02-28 12:00:00,992.0131699260559
2018-02-28 13:00:00,1024.3477231288045
2018-02-28 14:00:00,811.9344516763169
2018-02-28 15:00:00,885.6796510053348
2018-02-28 16:00:00,784.0717943038924
2018-02-28 17:00:00,829.4280926629971
2018-02-28 18:00:00,688.6863099031505
2018-02-28 19:00:00,713.3958930333404
2018-02-28 20:00:00,765.3107342736214
2018-02-28 21:00:00,889.9648296566281
2018-02-28 22:00:00,999.8298843526045
2018-02-28 23:00:00,993.7447801582612
2018-03-01 00:00:00,1029.9351715442556
2018-03-01 01:00:00,981.0874949740248
2018-03-01 02:00:00,1093.9142923170643
2018-03-01 03:00:00,1192.057490349895
2018-03-01 04:00:00,1180.7384679292368
2018-03-01 05:00:00,1072.4836938430474
2018-03-01 06:00:00,1154.7226621414648
2018-03-01 07:00:00,1176.0178358543847
2018-03-01 08:00:00,1122.9358936722963
2018-03-01 09:00:00,1116.7475680372318
2018-03-01 10:00:00,1228.446790097237
2018-03-01 11:00:00,944.6087135852206
2018-03-01 12:00:00,948.4097812149197
2018-03-01 13:00:00,858.9286569016539
2018-03-01 14:00:00,997.6077171575741
2018-03-01 15:00:00,834.8143190890627
2018-03-01 16:00:00,796.939551052715
2018-03-01 17:00:00,868.05872404545
2018-03-01 18:00:00,815.6572540541359
2018-03-01 19:00:00,743.4791724674362
2018-03-01 20:00:00,791.7772455664573
2018-03-01 21:00:00,863.2538067471381
2018-03-01 22:00:00,799.1998930692109
2018-03-01 23:00:00,934.4342724100683
2018-03-02 00:00:00,1006.7228358358976
2018-03-02 01:00:00,1011.6567759879641
2018-03-02 02:00:00,1169.2152514615593
2018-03-02 03:00:00,1136.920760689426
2018-03-02 04:00:00,1179.3738900444703
2018-03-02 05:00:00,1103.7992523791615
2018-03-02 06:00:00,1224.0242312294542
2018-03-02 07:00:00,1204.6264009156848
2018-03-02 08:00:00,1192.214850854199
2018-03-02 09:00:00,1119.302027838722
2018-03-02 10:00:00,981.1650498361876
2018-03-02 11:00:00,1049.016419457022
2018-03-02 12:00:00,1073.6051482434293
2018-03-02 13:00:00,999.3446008506028
2018-03-02 14:00:00,855.5566966136914
2018-03-02 15:00:00,822.2515978475918
2018-03-02 16:00:00,814.6852045587339
2018-03-02 17:00:00,797.7277429648702
2018-03-02 18:00:00,789.1215868239813
2018-03-02 19:00:00,762.877289777523
2018-03-02 20:00:00,820.3849735137998
2018-03-02 21:00:00,820.2969401921384
2018-03-02 22:00:00,963.7273821637748
2018-03-02 23:00:00,1005.4690861220369
2018-03-03 00:00:00,995.266586940587
2018-03-03 01:00:00,1032.7011348656756
2018-03-03 02:00:00,1120.2125268716964
2018-03-03 03:00:00,1126.8764475333332
2018-03-03 04:00:00,1162.860911534471
2018-03-03 05:00:00,1146.9045523316886
2018-03-03 06:00:00,1190.6066833390598
2018-03-03 07:00:00,1177.5597362802282
2018-03-03 08:00:00,1151.9035746727134
2018-03-03 09:00:00,1164.8249863777858
2018-03-03 10:00:00,1096.753612240685
2018-03-03 11:00:00,1095.2176043115105
2018-03-03 12:00:00,954.7059366549796
2018-03-03 13:00:00,949.7555917611547
2018-03-03 14:00:00,972.7445461615687
2018-03-03 15:00:00,858.8148264466428
2018-03-03 16:00:00,820.9820147898101
2018-03-03 17:00:00,811.6480549261389
2018-03-03 18:00:00,841.8708062668107
2018-03-03 19:00:00,876.2455777542568
2018-03-03 20:00:00,815.8294276594789
2018-03-03 21:00:00,826.766398737492
2018-03-03 22:00:00,941.6754519855502
2018-03-03 23:00:00,971.2788765363716
2018-03-04 00:00:00,1077.8436546745397
2018-03-04 01:00:00,1063.2036951634677
2018-03-04 02:00:00,1115.3671486933488
2018-03-04 03:00:00,1187.8032628773933
2018-03-04 04:00:00,1173.5194604289138
2018-03-04 05:00:00,1165.2931872242102
2018-03-04 06:00:00,1236.257800249078
2018-03-04 07:00:00,1120.9297959376026
2018-03-04 08:00:00,1173.3172251541303
2018-03-04 09:00:00,1134.908058362195
2018-03-04 10:00:00,1111.0183085076858
2018-03-04 11:00:00,984.0111247216189
2018-03-04 12:00:00,1067.1736932107697
2018-03-04 13:00:00,1086.1255288859943
2018-03-04 14:00:00,788.0605924650612
2018-03-04 15:00:00,757.5907480642419
2018-03-04 16:00:00,938.6405466954233
2018-03-04 17:00:00,779.3477909546618
2018-03-04 18:00:00,842.5168738462958
2018-03-04 19:00:00,786.7064380330283
2018-03-04 20:00:00,786.1786846978582
2018-03-04 21:00:00,787.2376512550127
2018-03-04 22:00:00,867.3855135722893
2018-03-04 23:00:00,1044.30955156845
2018-03-05 00:00:00,988.0421400782502
2018-03-05 01:00:00,1134.000947497993
2018-03-05 02:00:00,1132.739197552518
2018-03-05 03:00:00,1133.0246013995475
2018-03-05 04:00:00,1213.0700161915693
2018-03-05 05:00:00,1179.3173803750865
2018-03-05 06:00:00,1209.2834181600017
2018-03-05 07:00:00,1290.1925909552074
2018-03-05 08:00:00,1160.9812714731568
2018-03-05 09:00:00,1056.4424806166671
2018-03-05 10:00:00,1053.548993495414
2018-03-05 11:00:00,1037.766700880086
2018-03-05 12:00:00,1056.7886266009714
2018-03-05 13:00:00,941.5225285208655
2018-03-05 14:00:00,855.8461512381925
2018-03-05 15:00:00,780.060187518892
2018-03-05 16:00:00,879.6369093908226
2018-03-05 17:00:00,898.2279106383999
2018-03-05 18:00:00,839.5068351969086
2018-03-05 19:00:00,794.9293668035708
2018-03-05 20:00:00,934.6011629143932
2018-03-05 21:00:00,873.1234079083172
2018-03-05 22:00:00,955.5030624323682
2018-03-05 23:00:00,1015.7804838408441
2018-03-06 00:00:00,1003.8832079160106
2018-03-06 01:00:00,1131.6416347840088
2018-03-06 02:00:00,1050.8010815988641
2018-03-06 03:00:00,1140.972339812869
2018-03-06 04:00:00,1095.4189682410229
2018-03-06 05:00:00,1158.2437777497673
2018-03-06 06:00:00,1143.9933295694116
2018-03-06 07:00:00,1092.3793270056228
2018-03-06 08:00:00,1172.3536822390981
2018-03-06 09:00:00,1089.352486959292
2018-03-06 10:00:00,1134.645377317911
2018-03-06 11:00:00,999.781023739987
2018-03-06 12:00:00,1063.8423222747301
2018-03-06 13:00:00,927.4632888611161
2018-03-06 14:00:00,887.9108053824706
2018-03-06 15:00:00,865.574083717242
2018-03-06 16:00:00,728.3640565588591
2018-03-06 17:00:00,758.5775324028142
2018-03-06 18:00:00,823.1454261113946
2018-03-06 19:00:00,821.9374737986284
2018-03-06 20:00:00,921.4176572557574
2018-03-06 21:00:00,790.697551837051
2018-03-06 22:00:00,899.9176491978712
2018-03-06 23:00:00,925.2665864821546
2018-03-07 00:00:00,1033.752712315873
2018-03-07 01:00:00,1087.478373625696
2018-03-07 02:00:00,1053.0907887918336
2018-03-07 03:00:00,1188.4165867269141
2018-03-07 04:00:00,1226.3281662156653
2018-03-07 05:00:00,1236.894596125349
2018-03-07 06:00:00,1303.8615595157935
2018-03-07 07:00:00,1223.8839909071116
2018-03-07 08:00:00,1157.5910209184815
2018-03-07 09:00:00,1130.650771148218
2018-03-07 10:00:00,1125.877578652376
2018-03-07 11:00:00,1010.9424781559009
2018-03-07 12:00:00,933.8926868307278
2018-03-07 13:00:00,915.1234005357533
2018-03-07 14:00:00,918.0543148996109
2018-03-07 15:00:00,849.674513803739
2018-03-07 16:00:00,841.7307753894493
2018-03-07 17:00:00,821.9343595517543
2018-03-07 18:00:00,817.8827128851776
2018-03-07 19:00:00,789.6697825356698
2018-03-07 20:00:00,908.0730548900244
2018-03-07 21:00:00,806.31441370943
2018-03-07 22:00:00,916.895153825985
2018-03-07 23:00:00,973.076662205555
2018-03-08 00:00:00,1033.1221002037175
2018-03-08 01:00:00,1093.260814863221
2018-03-08 02:00:00,1114.449621752973
2018-03-08 03:00:00,1182.3609825536637
2018-03-08 04:00:00,1213.9210063473045
2018-03-08 05:00:00,1123.6305812551045
2018-03-08 06:00:00,1225.0860570701102
2018-03-08 07:00:00,1171.5181907959363
2018-03-08 08:00:00,1192.8302136492293
2018-03-08 09:00:00,1239.3363218083477
2018-03-08 10:00:00,1151.6516946592312
2018-03-08 11:00:00,1003.9136641075536
2018-03-08 12:00:00,1123.806821789567
2018-03-08 13:00:00,1019.2307646678914
2018-03-08 14:00:00,894.5828584072252
2018-03-08 15:00:00,839.0801861335873
2018-03-08 16:00:00,790.0403632947362
2018-03-08 17:00:00,745.0040745687679
2018-03-08 18:00:00,809.6912752464516
2018-03-08 19:00:00,774.9206911233797
2018-03-08 20:00:00,824.3120254998053
2018-03-08 21:00:00,928.0089426267494
2018-03-08 22:00:00,837.5152217274625
2018-03-08 23:00:00,853.2671581364009
2018-03-09 00:00:00,1059.0224107915885
2018-03-09 01:00:00,1061.3410125120954
2018-03-09 02:00:00,1093.3780927385617
2018-03-09 03:00:00,1163.204774260145
2018-03-09 04:00:00,1182.2053715388565
2018-03-09 05:00:00,1191.7025207326435
2018-03-09 06:00:00,1223.5930608751712
2018-03-09 07:00:00,1123.731510484037
2018-03-09 08:00:00,1153.8178466870966
2018-03-09 09:00:00,1109.39713521413
2018-03-09 10:00:00,1136.19464946716
2018-03-09 11:00:00,1066.5655426361523
2018-03-09 12:00:00,936.7170000010933
2018-03-09 13:00:00,1041.7688146604828
2018-03-09 14:00:00,949.2015683004128
2018-03-09 15:00:00,785.1216849708617
2018-03-09 16:00:00,778.9693243770474
2018-03-09 17:00:00,752.33021301091
2018-03-09 18:00:00,774.6644604545533
2018-03-09 19:00:00,893.769870508625
2018-03-09 20:00:00,775.3478936328709
2018-03-09 21:00:00,926.5771545483007
2018-03-09 22:00:00,976.5541083151037
2018-03-09 23:00:00,896.9491446929244
2018-03-10 00:00:00,898.7347102168089
2018-03-10 01:00:00,966.3690123391908
2018-03-10 02:00:00,1129.5034935313006
2018-03-10 03:00:00,1203.786661043463
2018-03-10 04:00:00,1127.5967258536907
2018-03-10 05:00:00,1250.9849698561025
2018-03-10 06:00:00,1160.2914520384506
2018-03-10 07:00:00,1224.3094123248084
2018-03-10 08:00:00,1222.6949000291067
2018-03-10 09:00:00,1109.396944844338
2018-03-10 10:00:00,1190.9769355638061
2018-03-10 11:00:00,1061.7352435450255
2018-03-10 12:00:00,950.9570310813544
2018-03-10 13:00:00,946.2752827153422
2018-03-10 14:00:00,904.9731282656428
2018-03-10 15:00:00,818.0789809398176
2018-03-10 16:00:00,768.7540538298733
2018-03-10 17:00:00,848.3337288809214
2018-03-10 18:00:00,753.445122424294
2018-03-10 19:00:00,795.8225467253362
2018-03-10 20:00:00,887.1463085184855
2018-03-10 21:00:00,802.5617848761884
2018-03-10 22:00:00,838.2297321471821
2018-03-10 23:00:00,951.2381320410819
2018-03-11 00:00:00,1075.0348184858344
2018-03-11 01:00:00,1043.5440595528182
2018-03-11 02:00:00,1151.7603040665774
2018-03-11 03:00:00,1129.3135099005976
2018-03-11 04:00:00,1123.2919594065838
2018-03-11 05:00:00,1133.2345076779634
2018-03-11 06:00:00,1233.2835884895665
2018-03-11 07:00:00,1149.6069207975968
2018-03-11 08:00:00,1307.9977290233796
2018-03-11 09:00:00,1132.2955812975636
2018-03-11 10:00:00,1184.684218254751
2018-03-11 11:00:00,947.7666511712061
2018-03-11 12:00:00,1070.8903918457581
2018-03-11 13:00:00,918.5105439065395
2018-03-11 14:00:00,923.8027051326987
2018-03-11 15:00:00,839.1183897971262
2018-03-11 16:00:00,773.4358535469564
2018-03-11 17:00:00,819.5217858146722
2018-03-11 18:00:00,796.7574628620006
2018-03-11 19:00:00,781.192288040813
2018-03-11 20:00:00,796.6424222507231
2018-03-11 21:00:00,900.472581901322
2018-03-11 22:00:00,916.7720561881595
2018-03-11 23:00:00,930.0152209454433
2018-03-12 00:00:00,1026.2018996294157
2018-03-12 01:00:00,1116.2919223323631
2018-03-12 02:00:00,1087.7998384108005
2018-03-12 03:00:00,1201.58007998396
2018-03-12 04:00:00,1148.167501826647
2018-03-12 05:00:00,1175.1513342941296
2018-03-12 06:00:00,1180.0179453442545
2018-03-12 07:00:00,1118.1491096245636
2018-03-12 08:00:00,1110.4863057349153
2018-03-12 09:00:00,1143.7046554808617
2018-03-12 10:00:00,1121.8767925670675
2018-03-12 11:00:00,1029.3319909095528
2018-03-12 12:00:00,1013.2220372438907
2018-03-12 13:00:00,926.0989526597616
2018-03-12 14:00:00,956.8524712679433
2018-03-12 15:00:00,792.937778674183
2018-03-12 16:00:00,791.8180937028001
2018-03-12 17:00:00,875.5751581419102
2018-03-12 18:00:00,805.0738921448644
2018-03-12 19:00:00,855.0176305781416
2018-03-12 20:00:00,867.1343240415501
2018-03-12 21:00:00,901.5704760100621
2018-03-12 22:00:00,882.7031932822854
2018-03-12 23:00:00,938.8831762094891
2018-03-13 00:00:00,937.4135981470582
2018-03-13 01:00:00,1063.4137020312216
2018-03-13 02:00:00,1206.8441019251281
2018-03-13 03:00:00,1232.0058488768823
2018-03-13 04:00:00,1216.4216803122797
2018-03-13 05:00:00,1124.5828304795673
2018-03-13 06:00:00,1311.6156623006002
2018-03-13 07:00:00,1294.4078742224422
2018-03-13 08:00:00,1140.1649525191563
2018-03-13 09:00:00,1082.6403685305727
2018-03-13 10:00:00,1180.842886561679
2018-03-13 11:00:00,1125.503147751875
2018-03-13 12:00:00,958.2891484062527
2018-03-13 13:00:00,920.8550476244468
2018-03-13 14:00:00,875.9998149203957
2018-03-13 15:00:00,884.4470244647791
2018-03-13 16:00:00,812.6315794912595
2018-03-13 17:00:00,786.184911316429
2018-03-13 18:00:00,894.9176713929141
2018-03-13 19:00:00,904.7277982739329
2018-03-13 20:00:00,903.5863005367811
2018-03-13 21:00:00,910.5590217815743
2018-03-13 22:00:00,999.4137250725788
2018-03-13 23:00:00,1065.034251058913
2018-03-14 00:00:00,1129.614909186729
2018-03-14 01:00:00,1117.6588499610414
2018-03-14 02:00:00,1139.6480692643477
2018-03-14 03:00:00,1109.6136653062013
2018-03-14 04:00:00,1179.8946090282602
2018-03-14 05:00:00,1207.5462751263974
2018-03-14 06:00:00,1243.3514990696306
2018-03-14 07:00:00,1172.6427486864088
2018-03-14 08:00:00,1182.8631276399892
2018-03-14 09:00:00,1260.5322214819919
2018-03-14 10:00:00,1075.208640170377
2018-03-14 11:00:00,1085.5400451176629
2018-03-14 12:00:00,1041.9523549060318
2018-03-14 13:00:00,902.8971647964797
2018-03-14 14:00:00,836.3347048384225
2018-03-14 15:00:00,864.9363384498708
2018-03-14 16:00:00,854.9762512859468
2018-03-14 17:00:00,835.9153739262335
2018-03-14 18:00:00,794.6687899514266
2018-03-14 19:00:00,771.4010495537499
2018-03-14 20:00:00,882.0133631988879
2018-03-14 21:00:00,933.0420735859677
2018-03-14 22:00:00,915.7087670142395
2018-03-14 23:00:00,952.2997380801
2018-03-15 00:00:00,991.6138889247748
2018-03-15 01:00:00,1019.0058069317103
2018-03-15 02:00:00,1076.2427851789648
2018-03-15 03:00:00,1128.6901506612776
2018-03-15 04:00:00,1235.017195103279
2018-03-15 05:00:00,1270.1904024239866
2018-03-15 06:00:00,1279.2834917313214
2018-03-15 07:00:00,1093.7477973134794
2018-03-15 08:00:00,1104.322394420125
2018-03-15 09:00:00,1125.4689180068744
2018-03-15 10:00:00,1072.653850481689
2018-03-15 11:00:00,1035.5282387087898
2018-03-15 12:00:00,971.5447068842295
2018-03-15 13:00:00,981.8568431333258
2018-03-15 14:00:00,881.8791720787459
2018-03-15 15:00:00,810.147461090817
2018-03-15 16:00:00,919.0730026271724
2018-03-15 17:00:00,754.8226279660681
2018-03-15 18:00:00,699.8552864872248
2018-03-15 19:00:00,873.385149146877
2018-03-15 20:00:00,772.0811743814093
2018-03-15 21:00:00,825.6796684721993
2018-03-15 22:00:00,805.5223559982526
2018-03-15 23:00:00,1003.3179635491925
2018-03-16 00:00:00,993.9302769597646
2018-03-16 01:00:00,1069.6400148817531
2018-03-16 02:00:00,1188.3094259061652
2018-03-16 03:00:00,1009.4154265395425
2018-03-16 04:00:00,1141.1273002144892
2018-03-16 05:00:00,1226.0713610357795
2018-03-16 06:00:00,1227.2984813907099
2018-03-16 07:00:00,1151.5008932836172
2018-03-16 08:00:00,1190.5504387057076
2018-03-16 09:00:00,1125.4228670291056
2018-03-16 10:00:00,1155.1024186097063
2018-03-16 11:00:00,1120.698644328625
2018-03-16 12:00:00,1026.3437409129847
2018-03-16 13:00:00,896.6378064364162
2018-03-16 14:00:00,855.0862322307024
2018-03-16 15:00:00,873.9687168685803
2018-03-16 16:00:00,816.4316634741127
2018-03-16 17:00:00,815.963484621996
2018-03-16 18:00:00,756.2704003464461
2018-03-16 19:00:00,787.3780056900022
2018-03-16 20:00:00,777.5686042156632
2018-03-16 21:00:00,849.3260463882082
2018-03-16 22:00:00,934.7086950953425
2018-03-16 23:00:00,1020.3315836673006
2018-03-17 00:00:00,1136.637228512987
2018-03-17 01:00:00,1042.1422338107382
2018-03-17 02:00:00,1065.7057728402074
2018-03-17 03:00:00,1186.941703985318
2018-03-17 04:00:00,1172.1230859994712
2018-03-17 05:00:00,1225.5282869917532
2018-03-17 06:00:00,1200.4863361613393
2018-03-17 07:00:00,1270.4602252906889
2018-03-17 08:00:00,1180.5352816093723
2018-03-17 09:00:00,1086.8707248345645
2018-03-17 10:00:00,1083.0766500412549
2018-03-17 11:00:00,1015.6937144339098
2018-03-17 12:00:00,968.2424555958994
2018-03-17 13:00:00,891.8468309317333
2018-03-17 14:00:00,880.2844464653742
2018-03-17 15:00:00,781.6539497493568
2018-03-17 16:00:00,841.6259901063453
2018-03-17 17:00:00,814.7655328316944
2018-03-17 18:00:00,850.4461167515134
2018-03-17 19:00:00,799.8890009105778
2018-03-17 20:00:00,775.8095678988741
2018-03-17 21:00:00,805.2632359303827
2018-03-17 22:00:00,950.0980561847877
2018-03-17 23:00:00,996.8731018202976
2018-03-18 00:00:00,972.6661420095716
2018-03-18 01:00:00,1065.1766569821766
2018-03-18 02:00:00,1102.0225497596932
2018-03-18 03:00:00,1129.4727688973344
2018-03-18 04:00:00,1105.119767235656
2018-03-18 05:00:00,1200.6687850534477
2018-03-18 06:00:00,1218.4254615389486
2018-03-18 07:00:00,1039.5660711016976
2018-03-18 08:00:00,1203.446704593466
2018-03-18 09:00:00,1062.55890532076
2018-03-18 10:00:00,1190.2691390728392
2018-03-18 11:00:00,1058.2322622375139
2018-03-18 12:00:00,992.3255724353945
2018-03-18 13:00:00,1039.322626050463
2018-03-18 14:00:00,929.9337851634342
2018-03-18 15:00:00,853.8844347537284
2018-03-18 16:00:00,816.8051331179038
2018-03-18 17:00:00,827.7121679090018
2018-03-18 18:00:00,812.0855670072439
2018-03-18 19:00:00,805.5011428267019
2018-03-18 20:00:00,829.7983503816298
2018-03-18 21:00:00,879.855729133636
2018-03-18 22:00:00,954.8032816921854
2018-03-18 23:00:00,937.6187504710094
2018-03-19 00:00:00,1020.5122680289494
2018-03-19 01:00:00,1103.2971666437636
2018-03-19 02:00:00,1082.9586373159248
2018-03-19 03:00:00,1171.2153234368282
2018-03-19 04:00:00,1167.7056339415599
2018-03-19 05:00:00,1223.9833757111453
2018-03-19 06:00:00,1214.4404873931503
2018-03-19 07:00:00,1154.5999392940382
2018-03-19 08:00:00,1131.3753530043941
2018-03-19 09:00:00,1223.8744748675997
2018-03-19 10:00:00,1194.90741438844
2018-03-19 11:00:00,1041.9818277386764
2018-03-19 12:00:00,1019.666368824112
2018-03-19 13:00:00,899.504360328262
2018-03-19 14:00:00,825.9825287137338
2018-03-19 15:00:00,845.6542586976731
2018-03-19 16:00:00,821.0152365619862
2018-03-19 17:00:00,832.2528389645809
2018-03-19 18:00:00,704.8246732853306
2018-03-19 19:00:00,808.9280247125793
2018-03-19 20:00:00,700.379050931369
2018-03-19 21:00:00,786.1125829059968
2018-03-19 22:00:00,823.3505642468488
2018-03-19 23:00:00,922.5050179738055
2018-03-20 00:00:00,879.7910800579691
2018-03-20 01:00:00,1031.28810173984
2018-03-20 02:00:00,1172.9959180973729
2018-03-20 03:00:00,1193.4190098033453
2018-03-20 04:00:00,1205.0705784932397
2018-03-20 05:00:00,1238.6753581252876
2018-03-20 06:00:00,1264.2136313923545
2018-03-20 07:00:00,1157.12554187972
2018-03-20 08:00:00,1221.449895418163
2018-03-20 09:00:00,1212.307795175845
2018-03-20 10:00:00,1070.6671061519314
2018-03-20 11:00:00,1150.389975154527
2018-03-20 12:00:00,957.7005192748422
2018-03-20 13:00:00,912.2263534296329
2018-03-20 14:00:00,963.0005428079476
2018-03-20 15:00:00,892.136394188648
2018-03-20 16:00:00,803.3076786366745
2018-03-20 17:00:00,893.5717870628306
2018-03-20 18:00:00,774.1118124245492
2018-03-20 19:00:00,718.4483796248855
2018-03-20 20:00:00,727.6081942740077
2018-03-20 21:00:00,938.0029241871565
2018-03-20 22:00:00,899.5295596451406
2018-03-20 23:00:00,940.6517005128514
2018-03-21 00:00:00,1043.2381595535314
2018-03-21 01:00:00,997.4655566118279
2018-03-21 02:00:00,1040.8421788839191
2018-03-21 03:00:00,1148.425605746226
2018-03-21 04:00:00,1225.6354579087513
2018-03-21 05:00:00,1255.5864376258155
2018-03-21 06:00:00,1181.5117921916863
2018-03-21 07:00:00,1169.8417626989578
2018-03-21 08:00:00,1298.6720477926178
2018-03-21 09:00:00,1213.1642966548218
2018-03-21 10:00:00,1098.888207138727
2018-03-21 11:00:00,1090.0068441931753
2018-03-21 12:00:00,1019.2332781604739
2018-03-21 13:00:00,1023.1414473215013
2018-03-21 14:00:00,841.156494968272
2018-03-21 15:00:00,855.8238844734129
2018-03-21 16:00:00,841.5053125065252
2018-03-21 17:00:00,756.121389140759
2018-03-21 18:00:00,827.1962695902821
2018-03-21 19:00:00,819.7286559860922
2018-03-21 20:00:00,891.6133130191603
2018-03-21 21:00:00,869.1862640499414
2018-03-21 22:00:00,928.5622747530903
2018-03-21 23:00:00,894.1160143035725
2018-03-22 00:00:00,1023.5268644782736
2018-03-22 01:00:00,974.7908892027878
2018-03-22 02:00:00,1078.8495561999553
2018-03-22 03:00:00,1061.931193125759
2018-03-22 04:00:00,1192.70660420248
2018-03-22 05:00:00,1205.726627237143
2018-03-22 06:00:00,1217.4320412844154
2018-03-22 07:00:00,1224.1604686464057
2018-03-22 08:00:00,1106.214420986325
2018-03-22 09:00:00,1160.6943947012303
2018-03-22 10:00:00,1063.0325733606512
2018-03-22 11:00:00,1001.0129669503024
2018-03-22 12:00:00,1031.0223843293197
2018-03-22 13:00:00,963.8336571570773
2018-03-22 14:00:00,913.4950316443424
2018-03-22 15:00:00,913.2918461120707
2018-03-22 16:00:00,867.435226796436
2018-03-22 17:00:00,837.0307210215084
2018-03-22 18:00:00,768.5012763380665
2018-03-22 19:00:00,794.7341008089683
2018-03-22 20:00:00,761.6827541263538
2018-03-22 21:00:00,867.9823895561976
2018-03-22 22:00:00,903.3825524986714
2018-03-22 23:00:00,955.522315162021
2018-03-23 00:00:00,1063.4261878785142
2018-03-23 01:00:00,951.7148112088969
2018-03-23 02:00:00,1076.0535093366454
2018-03-23 03:00:00,1135.5994001451704
2018-03-23 04:00:00,1145.046403237492
2018-03-23 05:00:00,1137.5599078524087
2018-03-23 06:00:00,1182.3285547361236
2018-03-23 07:00:00,1193.6292082965642
2018-03-23 08:00:00,1261.7231631010313
2018-03-23 09:00:00,1185.399268698106
2018-03-23 10:00:00,1088.7926971777647
2018-03-23 11:00:00,1080.012755652763
2018-03-23 12:00:00,1042.0092899797567
2018-03-23 13:00:00,1026.0348855832497
2018-03-23 14:00:00,833.3196907110903
2018-03-23 15:00:00,886.404133299224
2018-03-23 16:00:00,710.9129898672421
2018-03-23 17:00:00,823.0102958321481
2018-03-23 18:00:00,744.762878183065
2018-03-23 19:00:00,787.3131133709356
2018-03-23 20:00:00,798.5231516935887
2018-03-23 21:00:00,889.3863027348085
2018-03-23 22:00:00,858.7555907685546
2018-03-23 23:00:00,963.0099898644622
2018-03-24 00:00:00,1073.2994686888533
2018-03-24 01:00:00,1042.9347027735002
2018-03-24 02:00:00,1149.5980545836198
2018-03-24 03:00:00,1209.9278076676171
2018-03-24 04:00:00,1147.894895657147
2018-03-24 05:00:00,1166.353611383922
2018-03-24 06:00:00,1109.1558628268929
2018-03-24 07:00:00,1161.6878310896727
2018-03-24 08:00:00,1211.103008721006
2018-03-24 09:00:00,1074.2453483494646
2018-03-24 10:00:00,1079.7837436380105
2018-03-24 11:00:00,993.6951581781022
2018-03-24 12:00:00,1027.6571248627386
2018-03-24 13:00:00,959.0677971867774
2018-03-24 14:00:00,959.6449815556095
2018-03-24 15:00:00,770.4266801967636
2018-03-24 16:00:00,806.8713595187236
2018-03-24 17:00:00,776.4833812250012
2018-03-24 18:00:00,831.0593653220294
2018-03-24 19:00:00,758.7365880285215
2018-03-24 20:00:00,796.1104115978618
2018-03-24 21:00:00,811.6614137172417
2018-03-24 22:00:00,867.9692187251508
2018-03-24 23:00:00,970.4214346014401
2018-03-25 00:00:00,993.3289094919699
2018-03-25 01:00:00,1068.8608760297686
2018-03-25 02:00:00,1088.8810734562762
2018-03-25 03:00:00,1159.8307085899155
2018-03-25 04:00:00,1126.768126759795
2018-03-25 05:00:00,1157.1563631256304
2018-03-25 06:00:00,1253.1801500473325
2018-03-25 07:00:00,1274.207990028609
2018-03-25 08:00:00,1068.8289631586656
2018-03-25 09:00:00,1135.3258942740933
2018-03-25 10:00:00,1162.7791237753142
2018-03-25 11:00:00,1061.2288562732053
2018-03-25 12:00:00,1006.0731700279036
2018-03-25 13:00:00,924.9561050775352
2018-03-25 14:00:00,997.2336700008543
2018-03-25 15:00:00,840.441718487876
2018-03-25 16:00:00,808.1566878630832
2018-03-25 17:00:00,793.2911737338269
2018-03-25 18:00:00,846.1036051380776
2018-03-25 19:00:00,829.7793420133165
2018-03-25 20:00:00,902.1957863845305
2018-03-25 21:00:00,874.775651466748
2018-03-25 22:00:00,840.4385700137487
2018-03-25 23:00:00,960.8946869021988
2018-03-26 00:00:00,1056.2595135471465
2018-03-26 01:00:00,1098.800177637255
2018-03-26 02:00:00,1079.4570805834394
2018-03-26 03:00:00,1173.9307416516635
2018-03-26 04:00:00,1130.2233828313892
2018-03-26 05:00:00,1191.3908793472112
2018-03-26 06:00:00,1292.0739788109981
2018-03-26 07:00:00,1135.8552698039957
2018-03-26 08:00:00,1098.992869919795
2018-03-26 09:00:00,1115.3209425329933
2018-03-26 10:00:00,1094.0439520454331
2018-03-26 11:00:00,1012.7756601229792
2018-03-26 12:00:00,960.2071263909746
2018-03-26 13:00:00,895.7335998713139
2018-03-26 14:00:00,862.90746581934
2018-03-26 15:00:00,838.1655232124458
2018-03-26 16:00:00,825.0679146234751
2018-03-26 17:00:00,707.0948203369863
2018-03-26 18:00:00,804.9441913758643
2018-03-26 19:00:00,783.4735630337002
2018-03-26 20:00:00,917.5550584182098
2018-03-26 21:00:00,925.0841151471172
2018-03-26 22:00:00,872.5746516343086
2018-03-26 23:00:00,962.1670182402466
2018-03-27 00:00:00,1028.1325929704103
2018-03-27 01:00:00,1048.1408526333653
2018-03-27 02:00:00,1157.0922990337308
2018-03-27 03:00:00,1226.8794724087575
2018-03-27 04:00:00,1160.1366455329219
2018-03-27 05:00:00,1248.4599674191445
2018-03-27 06:00:00,1192.3577675526953
2018-03-27 07:00:00,1288.6447519537833
2018-03-27 08:00:00,1144.718264130017
2018-03-27 09:00:00,1129.9640439658224
2018-03-27 10:00:00,1077.4365722788525
2018-03-27 11:00:00,1150.4296810318815
2018-03-27 12:00:00,1036.272997878956
2018-03-27 13:00:00,929.1759343745605
2018-03-27 14:00:00,868.2181324610609
2018-03-27 15:00:00,915.3377647803828
2018-03-27 16:00:00,883.6498631194836
2018-03-27 17:00:00,832.1561085610085
2018-03-27 18:00:00,742.6483336145521
2018-03-27 19:00:00,819.7356083417345
2018-03-27 20:00:00,784.4160850054556
2018-03-27 21:00:00,861.830779914953
2018-03-27 22:00:00,909.7214587858629
2018-03-27 23:00:00,1025.872713936438
2018-03-28 00:00:00,872.1429198965616
2018-03-28 01:00:00,1033.1910229417247
2018-03-28 02:00:00,1039.9330154314441
2018-03-28 03:00:00,1101.465415645624
2018-03-28 04:00:00,1115.1266733029704
2018-03-28 05:00:00,1207.0870930753129
2018-03-28 06:00:00,1217.7547986415398
2018-03-28 07:00:00,1212.07738251897
2018-03-28 08:00:00,1242.3065263611663
2018-03-28 09:00:00,1158.5802153905518
2018-03-28 10:00:00,1103.1511762657651
2018-03-28 11:00:00,981.7833494613599
2018-03-28 12:00:00,959.7107541291563
2018-03-28 13:00:00,816.0112338944838
2018-03-28 14:00:00,889.4587074684549
2018-03-28 15:00:00,866.5516750130861
2018-03-28 16:00:00,866.605094588821
2018-03-28 17:00:00,839.6315340235703
2018-03-28 18:00:00,797.3329224440688
2018-03-28 19:00:00,738.9042337421364
2018-03-28 20:00:00,834.5407320014114
2018-03-28 21:00:00,868.0492200993432
2018-03-28 22:00:00,937.2173714420329
2018-03-28 23:00:00,941.4205258662486
2018-03-29 00:00:00,909.7589210276365
2018-03-29 01:00:00,1026.3211518780777
2018-03-29 02:00:00,1089.4433486344637
2018-03-29 03:00:00,1220.990063410357
2018-03-29 04:00:00,1144.9259499687914
2018-03-29 05:00:00,1180.218073988076
2018-03-29 06:00:00,1161.366886735876
2018-03-29 07:00:00,1183.4751626612676
2018-03-29 08:00:00,1098.7494962026383
2018-03-29 09:00:00,1233.1305231050837
2018-03-29 10:00:00,1116.4723213653635
2018-03-29 11:00:00,1046.251668237397
2018-03-29 12:00:00,998.0548156495104
2018-03-29 13:00:00,919.3748598113687
2018-03-29 14:00:00,905.0908936496309
2018-03-29 15:00:00,915.2737895785789
2018-03-29 16:00:00,868.1902437922562
2018-03-29 17:00:00,852.1732190287033
2018-03-29 18:00:00,922.9396912679272
2018-03-29 19:00:00,881.0043229802237
2018-03-29 20:00:00,775.8744724918275
2018-03-29 21:00:00,878.3772696565336
2018-03-29 22:00:00,891.1924756970137
2018-03-29 23:00:00,878.184189019935
2018-03-30 00:00:00,981.6188861418199
2018-03-30 01:00:00,1127.1592476228275
2018-03-30 02:00:00,1055.5644907293517
2018-03-30 03:00:00,1048.078781645416
2018-03-30 04:00:00,1131.6031537855033
2018-03-30 05:00:00,1224.1757077528512
2018-03-30 06:00:00,1204.0459472005912
2018-03-30 07:00:00,1134.3542972185123
2018-03-30 08:00:00,1147.46803043995
2018-03-30 09:00:00,1150.2757791026643
2018-03-30 10:00:00,1120.3081112926081
2018-03-30 11:00:00,1027.0563334916412
2018-03-30 12:00:00,931.1789889170229
2018-03-30 13:00:00,853.4485722052082
2018-03-30 14:00:00,905.0281699802708
2018-03-30 15:00:00,881.6120952475712
2018-03-30 16:00:00,773.4430305680147
2018-03-30 17:00:00,743.326169777561
2018-03-30 18:00:00,885.3169054623907
2018-03-30 19:00:00,892.883175778643
2018-03-30 20:00:00,804.8261177390527
2018-03-30 21:00:00,766.7830982903616
2018-03-30 22:00:00,962.4526186952161
2018-03-30 23:00:00,1013.3378170814881
2018-03-31 00:00:00,1048.6766623579283
2018-03-31 01:00:00,953.4973689640674
2018-03-31 02:00:00,1084.951701276765
2018-03-31 03:00:00,1178.8198919505926
2018-03-31 04:00:00,1139.2251820034674
2018-03-31 05:00:00,1183.636986487534
2018-03-31 06:00:00,1126.8542311615963
2018-03-31 07:00:00,1121.1441310893938
2018-03-31 08:00:00,1168.3261086718705
2018-03-31 09:00:00,1118.3428121202505
2018-03-31 10:00:00,1030.7374861502012
2018-03-31 11:00:00,1003.6334325385875
2018-03-31 12:00:00,837.6934112900839
2018-03-31 13:00:00,950.5407168382056
2018-03-31 14:00:00,1010.8011992996109
2018-03-31 15:00:00,849.3760684774534
2018-03-31 16:00:00,875.5993665787233
2018-03-31 17:00:00,816.0283160979309
2018-03-31 18:00:00,793.6810311744468
2018-03-31 19:00:00,787.4659880104473
2018-03-31 20:00:00,871.6485700722232
2018-03-31 21:00:00,877.173520740879
2018-03-31 22:00:00,900.5071477862721
2018-03-31 23:00:00,919.0173493540876
2018-04-01 00:00:00,1026.0168208418174
2018-04-01 01:00:00,1084.1847260321774
2018-04-01 02:00:00,1020.7992861127177
2018-04-01 03:00:00,1127.255893087084
2018-04-01 04:00:00,1170.9434434015543
2018-04-01 05:00:00,1112.7815773480108
2018-04-01 06:00:00,1251.4532252322774
2018-04-01 07:00:00,1164.2713045703397
2018-04-01 08:00:00,1180.584676453642
2018-04-01 09:00:00,1086.8717902102771
2018-04-01 10:00:00,1040.342400785524
2018-04-01 11:00:00,1034.9557844690619
2018-04-01 12:00:00,1015.3410406043441
2018-04-01 13:00:00,983.9643096913082
2018-04-01 14:00:00,927.3912597861013
2018-04-01 15:00:00,784.5545754042104
2018-04-01 16:00:00,928.3455415663026
2018-04-01 17:00:00,762.0794789285236
2018-04-01 18:00:00,772.9117162970621
2018-04-01 19:00:00,778.8452047588064
2018-04-01 20:00:00,753.8542921524962
2018-04-01 21:00:00,846.0787272758272
2018-04-01 22:00:00,958.5500481166774
2018-04-01 23:00:00,940.3878432481918
2018-04-02 00:00:00,973.8995552757292
2018-04-02 01:00:00,1037.1663895398287
2018-04-02 02:00:00,987.871805224542
2018-04-02 03:00:00,1131.7736384427578
2018-04-02 04:00:00,1169.234398806349
2018-04-02 05:00:00,1154.5156596363022
2018-04-02 06:00:00,1245.179695692072
2018-04-02 07:00:00,1193.7108774251615
2018-04-02 08:00:00,1141.672092178405
2018-04-02 09:00:00,1110.9112751783198
2018-04-02 10:00:00,1100.8569106380514
2018-04-02 11:00:00,1039.2562036020272
2018-04-02 12:00:00,986.4554104951023
2018-04-02 13:00:00,969.5211363984422
2018-04-02 14:00:00,925.0561150256692
2018-04-02 15:00:00,775.4659645576099
2018-04-02 16:00:00,714.5095420776541
2018-04-02 17:00:00,844.632384319417
2018-04-02 18:00:00,837.2892651492724
2018-04-02 19:00:00,805.7505361282266
2018-04-02 20:00:00,824.6641298703823
2018-04-02 21:00:00,850.5582906480157
2018-04-02 22:00:00,961.0365084352779
2018-04-02 23:00:00,1035.7076242670912
2018-04-03 00:00:00,998.869006469563
2018-04-03 01:00:00,991.2593353035261
2018-04-03 02:00:00,1180.2325038418326
2018-04-03 03:00:00,1103.2397008987198
2018-04-03 04:00:00,1243.5057726698308
2018-04-03 05:00:00,1244.0151584898078
2018-04-03 06:00:00,1158.5802649738905
2018-04-03 07:00:00,1125.347363409474
2018-04-03 08:00:00,1197.452630839278
2018-04-03 09:00:00,1143.0835456338668
2018-04-03 10:00:00,1119.6624558405813
2018-04-03 11:00:00,1102.291260927944
2018-04-03 12:00:00,804.5513257794582
2018-04-03 13:00:00,965.1786561568085
2018-04-03 14:00:00,918.1366745746744
2018-04-03 15:00:00,733.3195093939225
2018-04-03 16:00:00,876.0106905670822
2018-04-03 17:00:00,878.4041855199384
2018-04-03 18:00:00,855.8368128153614
2018-04-03 19:00:00,802.7029695774743
2018-04-03 20:00:00,843.8790678975965
2018-04-03 21:00:00,826.1133813263991
2018-04-03 22:00:00,892.4927858496387
2018-04-03 23:00:00,978.9970140736798
2018-04-04 00:00:00,1069.1774375601965
2018-04-04 01:00:00,1010.5653379719928
2018-04-04 02:00:00,1081.3985263823229
2018-04-04 03:00:00,1124.7094611248858
2018-04-04 04:00:00,1209.5986457413385
2018-04-04 05:00:00,1149.447470354526
2018-04-04 06:00:00,1184.7103930585301
2018-04-04 07:00:00,1230.6040709647514
2018-04-04 08:00:00,1170.9984471716195
2018-04-04 09:00:00,1158.5357150053642
2018-04-04 10:00:00,1060.4439871107597
2018-04-04 11:00:00,1155.6974336371936
2018-04-04 12:00:00,1083.0056218959908
2018-04-04 13:00:00,1033.665765469005
2018-04-04 14:00:00,849.4892598762252
2018-04-04 15:00:00,896.3819767746387
2018-04-04 16:00:00,772.8344968979377
2018-04-04 17:00:00,757.711454586643
2018-04-04 18:00:00,835.3786775913388
2018-04-04 19:00:00,803.0516470557027
2018-04-04 20:00:00,830.8065206253401
2018-04-04 21:00:00,807.4940446110733
2018-04-04 22:00:00,885.6386729105857
2018-04-04 23:00:00,841.1225825649826
2018-04-05 00:00:00,1021.9136393029553
2018-04-05 01:00:00,1049.234325436061
2018-04-05 02:00:00,1122.8142347892954
2018-04-05 03:00:00,1191.9317742416779
2018-04-05 04:00:00,1199.1870414721682
2018-04-05 05:00:00,1158.6415955583416
2018-04-05 06:00:00,1245.9464488419412
2018-04-05 07:00:00,1185.6408604468677
2018-04-05 08:00:00,1122.665631906555
2018-04-05 09:00:00,1212.4199280860607
2018-04-05 10:00:00,1167.966339500802
2018-04-05 11:00:00,1038.996536418626
2018-04-05 12:00:00,1003.6164270706043
2018-04-05 13:00:00,1035.4941046309655
2018-04-05 14:00:00,860.9418676415651
2018-04-05 15:00:00,820.4157242293861
2018-04-05 16:00:00,878.9681500701627
2018-04-05 17:00:00,737.1356623391692
2018-04-05 18:00:00,812.9274517631047
2018-04-05 19:00:00,701.8979623236362
2018-04-05 20:00:00,838.1645731265767
2018-04-05 21:00:00,924.9104065077995
2018-04-05 22:00:00,899.6303269127667
2018-04-05 23:00:00,978.5306219084521
2018-04-06 00:00:00,929.0366790365174
2018-04-06 01:00:00,1009.9377008686224
2018-04-06 02:00:00,1123.4172816082985
2018-04-06 03:00:00,1114.3993932215462
2018-04-06 04:00:00,1089.1586812773962
2018-04-06 05:00:00,1201.1814680931548
2018-04-06 06:00:00,1170.9251519086815
2018-04-06 07:00:00,1234.2313678860746
2018-04-06 08:00:00,1227.1042152772625
2018-04-06 09:00:00,1295.5388012705762
2018-04-06 10:00:00,1082.9363992645624
2018-04-06 11:00:00,955.9109290104698
2018-04-06 12:00:00,907.0662898075196
2018-04-06 13:00:00,913.0347581145044
2018-04-06 14:00:00,833.0116758398016
2018-04-06 15:00:00,813.9343076949373
2018-04-06 16:00:00,859.6737939092812
2018-04-06 17:00:00,857.9583201050872
2018-04-06 18:00:00,767.4491961754662
2018-04-06 19:00:00,858.4877752185895
2018-04-06 20:00:00,837.954324601522
2018-04-06 21:00:00,920.8029459813305
2018-04-06 22:00:00,871.1481083443313
2018-04-06 23:00:00,975.4202415347014
2018-04-07 00:00:00,1092.0281267747905
2018-04-07 01:00:00,1092.7754118491932
2018-04-07 02:00:00,1061.8719726355384
2018-04-07 03:00:00,1233.5960630854183
2018-04-07 04:00:00,1130.4621974518848
2018-04-07 05:00:00,1222.2801266934405
2018-04-07 06:00:00,1249.8042117692735
2018-04-07 07:00:00,1170.4813452596081
2018-04-07 08:00:00,1074.0956928253834
2018-04-07 09:00:00,1236.7752049404646
2018-04-07 10:00:00,1043.0333454523934
2018-04-07 11:00:00,962.24137852417
2018-04-07 12:00:00,984.25285872135
2018-04-07 13:00:00,923.2970755536663
2018-04-07 14:00:00,925.715325845014
2018-04-07 15:00:00,788.4480260867622
2018-04-07 16:00:00,834.6629944318125
2018-04-07 17:00:00,774.3151222601275
2018-04-07 18:00:00,841.4976251376459
2018-04-07 19:00:00,810.7491064018695
2018-04-07 20:00:00,861.4976973776679
2018-04-07 21:00:00,878.0841873808523
2018-04-07 22:00:00,826.1293209708538
2018-04-07 23:00:00,1002.7783017216983
2018-04-08 00:00:00,1024.2094010435394
2018-04-08 01:00:00,1052.6042093691576
2018-04-08 02:00:00,1004.6071062297575
2018-04-08 03:00:00,1146.7491164924909
2018-04-08 04:00:00,1099.4467954639995
2018-04-08 05:00:00,1105.7353310002766
2018-04-08 06:00:00,1190.6463132375584
2018-04-08 07:00:00,1209.4193333164662
2018-04-08 08:00:00,1205.0481594116643
2018-04-08 09:00:00,1092.2900715869291
2018-04-08 10:00:00,1028.4312941743965
2018-04-08 11:00:00,1020.7038986844082
2018-04-08 12:00:00,1047.286593714184
2018-04-08 13:00:00,951.7367124328055
2018-04-08 14:00:00,960.250024222701
2018-04-08 15:00:00,844.5407920133774
2018-04-08 16:00:00,841.1601524280488
2018-04-08 17:00:00,817.2208496326475
2018-04-08 18:00:00,707.0180887392646
2018-04-08 19:00:00,776.9991984631271
2018-04-08 20:00:00,813.4022485667616
2018-04-08 21:00:00,887.0401894679211
2018-04-08 22:00:00,929.1577978177608
2018-04-08 23:00:00,955.9260295243045
2018-04-09 00:00:00,887.1339434949194
2018-04-09 01:00:00,1124.6614377867784
2018-04-09 02:00:00,1115.956016298864
2018-04-09 03:00:00,1130.228120468338
2018-04-09 04:00:00,1171.1465094317034
2018-04-09 05:00:00,1286.9696224693587
2018-04-09 06:00:00,1178.5092566233518
2018-04-09 07:00:00,1214.907552827476
2018-04-09 08:00:00,1083.663799994305
2018-04-09 09:00:00,1187.8926726188765
2018-04-09 10:00:00,1053.401386138033
2018-04-09 11:00:00,1071.4222743460923
2018-04-09 12:00:00,1001.9855989291374
2018-04-09 13:00:00,984.4656969188438
2018-04-09 14:00:00,922.8159729565136
2018-04-09 15:00:00,940.22609169859
2018-04-09 16:00:00,907.0817201725855
2018-04-09 17:00:00,857.492999761711
2018-04-09 18:00:00,793.6786591107136
2018-04-09 19:00:00,785.2567009223438
2018-04-09 20:00:00,890.3836269615405
2018-04-09 21:00:00,877.8155665872927
2018-04-09 22:00:00,905.9061132126045
2018-04-09 23:00:00,975.8311306794125
2018-04-10 00:00:00,1012.4511901698174
2018-04-10 01:00:00,968.5228560420434
2018-04-10 02:00:00,1135.4454314860045
2018-04-10 03:00:00,1085.142060874074
2018-04-10 04:00:00,1107.101699940896
2018-04-10 05:00:00,1198.438628879123
2018-04-10 06:00:00,1150.1998295901572
2018-04-10 07:00:00,1201.4332596096547
2018-04-10 08:00:00,1134.1623641850872
2018-04-10 09:00:00,1043.348866863077
2018-04-10 10:00:00,1092.6381173010857
2018-04-10 11:00:00,1096.3571097672138
2018-04-10 12:00:00,953.0903818574602
2018-04-10 13:00:00,841.4835897025441
2018-04-10 14:00:00,860.197171632399
2018-04-10 15:00:00,865.9043760831329
2018-04-10 16:00:00,791.102677062909
2018-04-10 17:00:00,781.9370430609262
2018-04-10 18:00:00,789.469316858181
2018-04-10 19:00:00,808.7940952622217
2018-04-10 20:00:00,782.6235799244091
2018-04-10 21:00:00,903.5765717205965
2018-04-10 22:00:00,853.7681564932702
2018-04-10 23:00:00,922.2510283553781
2018-04-11 00:00:00,1056.9185002221136
2018-04-11 01:00:00,1078.4574072273151
2018-04-11 02:00:00,1182.8435510949555
2018-04-11 03:00:00,1040.8468210501937
2018-04-11 04:00:00,1214.8262270619714
2018-04-11 05:00:00,1172.4176049775572
2018-04-11 06:00:00,1265.8119882400938
2018-04-11 07:00:00,1126.742020844251
2018-04-11 08:00:00,1202.5235884218164
2018-04-11 09:00:00,1191.9749169826516
2018-04-11 10:00:00,1109.0518749017374
2018-04-11 11:00:00,1036.1526776941446
2018-04-11 12:00:00,963.4953044014698
2018-04-11 13:00:00,848.1036695218405
2018-04-11 14:00:00,881.4914220389196
2018-04-11 15:00:00,951.2567290438939
2018-04-11 16:00:00,813.8160134190078
2018-04-11 17:00:00,793.6745602534322
2018-04-11 18:00:00,882.4149723810164
2018-04-11 19:00:00,849.8693207248305
2018-04-11 20:00:00,829.3673047077024
2018-04-11 21:00:00,825.6777685878839
2018-04-11 22:00:00,865.3999861876491
2018-04-11 23:00:00,998.6905559640796
2018-04-12 00:00:00,1005.3602461852943
2018-04-12 01:00:00,1074.0042750813075
2018-04-12 02:00:00,1139.1968650380359
2018-04-12 03:00:00,1132.6381668973372
2018-04-12 04:00:00,1100.6703934255058
2018-04-12 05:00:00,1234.2928712080118
2018-04-12 06:00:00,1332.0682335239248
2018-04-12 07:00:00,1165.3616689857658
2018-04-12 08:00:00,1194.429089352133
2018-04-12 09:00:00,1203.6951961312584
2018-04-12 10:00:00,1057.0275705506808
2018-04-12 11:00:00,1004.9105937559
2018-04-12 12:00:00,986.9063927904725
2018-04-12 13:00:00,960.0294005572562
2018-04-12 14:00:00,897.1378696716291
2018-04-12 15:00:00,760.2647055089071
2018-04-12 16:00:00,848.1523183295543
2018-04-12 17:00:00,786.5864528024108
2018-04-12 18:00:00,784.1940055625189
2018-04-12 19:00:00,816.7630987002551
2018-04-12 20:00:00,756.2209111258114
2018-04-12 21:00:00,826.6027657648692
2018-04-12 22:00:00,900.366544471478
2018-04-12 23:00:00,931.258952465891
2018-04-13 00:00:00,969.0870285724228
2018-04-13 01:00:00,1117.296911564401
2018-04-13 02:00:00,1136.8736110505936
2018-04-13 03:00:00,1133.7476328695284
2018-04-13 04:00:00,1154.256010451696
2018-04-13 05:00:00,1219.958224975924
2018-04-13 06:00:00,1148.8598912998698
2018-04-13 07:00:00,1161.8912407248934
2018-04-13 08:00:00,1183.837997867421
2018-04-13 09:00:00,1180.9430015878797
2018-04-13 10:00:00,1177.6021189421035
2018-04-13 11:00:00,1035.3189223465736
2018-04-13 12:00:00,1051.2589091454272
2018-04-13 13:00:00,1025.7608487590408
2018-04-13 14:00:00,840.5144130509407
2018-04-13 15:00:00,885.5224011370733
2018-04-13 16:00:00,816.1635895282838
2018-04-13 17:00:00,782.3263789318437
2018-04-13 18:00:00,777.9869154551556
2018-04-13 19:00:00,872.3983379766822
2018-04-13 20:00:00,809.1950633326832
2018-04-13 21:00:00,839.0701637383477
2018-04-13 22:00:00,1007.5883414224658
2018-04-13 23:00:00,884.7649350029957
2018-04-14 00:00:00,960.8301887922935
2018-04-14 01:00:00,1016.7421954443281
2018-04-14 02:00:00,1088.1624867773332
2018-04-14 03:00:00,1191.4869340562623
2018-04-14 04:00:00,1135.4693761780143
2018-04-14 05:00:00,1259.9152027708951
2018-04-14 06:00:00,1171.25571827015
2018-04-14 07:00:00,1258.0305007542745
2018-04-14 08:00:00,1192.8224396324517
2018-04-14 09:00:00,1104.439818625719
2018-04-14 10:00:00,1103.7411313040693
2018-04-14 11:00:00,966.3577790422971
2018-04-14 12:00:00,948.9495043016566
2018-04-14 13:00:00,839.478468665281
2018-04-14 14:00:00,836.9889933368258
2018-04-14 15:00:00,904.4309908309804
2018-04-14 16:00:00,768.5649020509102
2018-04-14 17:00:00,802.9861753494242
2018-04-14 18:00:00,914.199012127338
2018-04-14 19:00:00,721.4842074760963
2018-04-14 20:00:00,834.0510507192054
2018-04-14 21:00:00,809.814572258445
2018-04-14 22:00:00,911.2759176613866
2018-04-14 23:00:00,888.2231805332908
2018-04-15 00:00:00,1069.1540283413253
2018-04-15 01:00:00,1014.2270274667417
2018-04-15 02:00:00,1156.6511839270197
2018-04-15 03:00:00,1185.2182352734792
2018-04-15 04:00:00,1231.7526555915067
2018-04-15 05:00:00,1245.678764060572
2018-04-15 06:00:00,1115.2449990612868
2018-04-15 07:00:00,1221.7162427660335
2018-04-15 08:00:00,1204.7752652992572
2018-04-15 09:00:00,1101.5270581344535
2018-04-15 10:00:00,1081.0800493068934
2018-04-15 11:00:00,963.6621645968438
2018-04-15 12:00:00,1002.9969942520084
2018-04-15 13:00:00,889.4337600246213
2018-04-15 14:00:00,920.1384781273607
2018-04-15 15:00:00,828.2321869033723
2018-04-15 16:00:00,845.8487155306249
2018-04-15 17:00:00,852.0406973150882
2018-04-15 18:00:00,838.2060218472785
2018-04-15 19:00:00,749.4408952920852
2018-04-15 20:00:00,812.3834931494891
2018-04-15 21:00:00,882.3930515596986
2018-04-15 22:00:00,842.4897029784771
2018-04-15 23:00:00,921.5981257515136
2018-04-16 00:00:00,1033.635672175215
2018-04-16 01:00:00,1104.6565907073764
2018-04-16 02:00:00,1067.8269367663347
2018-04-16 03:00:00,1091.47153841151
2018-04-16 04:00:00,1280.6682632837446
2018-04-16 05:00:00,1220.2053401619132
2018-04-16 06:00:00,1169.5625691246066
2018-04-16 07:00:00,1121.4003057006992
2018-04-16 08:00:00,1173.951951670553
2018-04-16 09:00:00,1218.1519901745394
2018-04-16 10:00:00,1048.1436179078355
2018-04-16 11:00:00,1017.8358528153963
2018-04-16 12:00:00,944.9621213095368
2018-04-16 13:00:00,978.8628514150578
2018-04-16 14:00:00,936.321814863936
2018-04-16 15:00:00,923.3892606001695
2018-04-16 16:00:00,780.8841164678662
2018-04-16 17:00:00,847.0501910088318
2018-04-16 18:00:00,866.8302581729778
2018-04-16 19:00:00,878.79089306272
2018-04-16 20:00:00,817.5988268748949
2018-04-16 21:00:00,904.1368007715389
2018-04-16 22:00:00,921.1153430429114
2018-04-16 23:00:00,951.7400247927935
2018-04-17 00:00:00,1004.5380433447108
2018-04-17 01:00:00,1165.274544147249
2018-04-17 02:00:00,1132.3725481912384
2018-04-17 03:00:00,1044.5875343908633
2018-04-17 04:00:00,1157.4761343649873
2018-04-17 05:00:00,1276.1201116004067
2018-04-17 06:00:00,1190.9795393443158
2018-04-17 07:00:00,1238.573983524897
2018-04-17 08:00:00,1156.0118230958458
2018-04-17 09:00:00,1158.350078468749
2018-04-17 10:00:00,1083.7475505123944
2018-04-17 11:00:00,1061.915738036428
2018-04-17 12:00:00,974.6469136312886
2018-04-17 13:00:00,997.1831051474643
2018-04-17 14:00:00,882.7187229928445
2018-04-17 15:00:00,874.4416545981886
2018-04-17 16:00:00,812.6662028399963
2018-04-17 17:00:00,831.2518147764139
2018-04-17 18:00:00,777.3920111956959
2018-04-17 19:00:00,819.8613178078806
2018-04-17 20:00:00,839.0748342815415
2018-04-17 21:00:00,810.8754702765403
2018-04-17 22:00:00,861.2573015443907
2018-04-17 23:00:00,932.7750686023896
2018-04-18 00:00:00,980.2642150185543
2018-04-18 01:00:00,1108.4924488854188
2018-04-18 02:00:00,1045.0267705221686
2018-04-18 03:00:00,1163.9794162497922
2018-04-18 04:00:00,1097.8099950691374
2018-04-18 05:00:00,1225.3776563127894
2018-04-18 06:00:00,1243.5089015743733
2018-04-18 07:00:00,1177.5851799290779
2018-04-18 08:00:00,1031.5397058942592
2018-04-18 09:00:00,1157.1597439776228
2018-04-18 10:00:00,1169.6252782347367
2018-04-18 11:00:00,1034.5923108532932
2018-04-18 12:00:00,999.4565484746902
2018-04-18 13:00:00,965.3786283132498
2018-04-18 14:00:00,835.076216117832
2018-04-18 15:00:00,825.6226430288386
2018-04-18 16:00:00,782.8053998967372
2018-04-18 17:00:00,806.475495370426
2018-04-18 18:00:00,763.949868923675
2018-04-18 19:00:00,865.8210639853445
2018-04-18 20:00:00,858.6288566370149
2018-04-18 21:00:00,836.9445187087969
2018-04-18 22:00:00,862.6336641065989
2018-04-18 23:00:00,925.504867324318
2018-04-19 00:00:00,1047.6932161665552
2018-04-19 01:00:00,1041.6153119180694
2018-04-19 02:00:00,1084.7252943947526
2018-04-19 03:00:00,1189.287468461458
2018-04-19 04:00:00,1174.9387522440466
2018-04-19 05:00:00,1074.9510165195748
2018-04-19 06:00:00,1274.4539392295376
2018-04-19 07:00:00,1242.093248751119
2018-04-19 08:00:00,1221.6704556684163
2018-04-19 09:00:00,1189.2874329649387
2018-04-19 10:00:00,1073.4395666836633
2018-04-19 11:00:00,1048.239958487747
2018-04-19 12:00:00,1046.010484244443
2018-04-19 13:00:00,917.0187685903588
2018-04-19 14:00:00,810.7466132394858
2018-04-19 15:00:00,824.5510384693146
2018-04-19 16:00:00,867.5616025136462
2018-04-19 17:00:00,823.2688784042733
2018-04-19 18:00:00,815.4183391208963
2018-04-19 19:00:00,776.818727689109
2018-04-19 20:00:00,834.6990215611701
2018-04-19 21:00:00,960.6721444068471
2018-04-19 22:00:00,1032.9022827058284
2018-04-19 23:00:00,953.2604430454609
2018-04-20 00:00:00,1060.6340259775382
2018-04-20 01:00:00,1002.5712194435341
2018-04-20 02:00:00,1086.8390211832384
2018-04-20 03:00:00,1127.8441063538976
2018-04-20 04:00:00,1201.7595169117262
2018-04-20 05:00:00,1134.2434914197781
2018-04-20 06:00:00,1163.2070203918713
2018-04-20 07:00:00,1286.416375694752
2018-04-20 08:00:00,1105.379078174794
2018-04-20 09:00:00,1175.2397732443928
2018-04-20 10:00:00,1137.7515769726454
2018-04-20 11:00:00,1030.1513692678095
2018-04-20 12:00:00,1044.4516227433446
2018-04-20 13:00:00,922.0583858483975
2018-04-20 14:00:00,899.9363187028456
2018-04-20 15:00:00,787.6526030019661
2018-04-20 16:00:00,801.3729124845596
2018-04-20 17:00:00,826.5626932671863
2018-04-20 18:00:00,881.4281195505671
2018-04-20 19:00:00,795.7570519088164
2018-04-20 20:00:00,798.443190230267
2018-04-20 21:00:00,882.7516953008053
2018-04-20 22:00:00,927.5110626719337
2018-04-20 23:00:00,958.5400655627808
2018-04-21 00:00:00,965.1247366303772
2018-04-21 01:00:00,1082.9486544768645
2018-04-21 02:00:00,1146.8565106766569
2018-04-21 03:00:00,1196.853071581666
2018-04-21 04:00:00,1174.7997255143891
2018-04-21 05:00:00,1321.8479781149445
2018-04-21 06:00:00,1199.4716187936663
2018-04-21 07:00:00,1170.4002970357565
2018-04-21 08:00:00,1160.1973160412879
2018-04-21 09:00:00,1112.9247979873976
2018-04-21 10:00:00,1077.344205593005
2018-04-21 11:00:00,991.3577520047844
2018-04-21 12:00:00,980.7151380064832
2018-04-21 13:00:00,1016.4550080666668
2018-04-21 14:00:00,884.319195050885
2018-04-21 15:00:00,862.7910753126052
2018-04-21 16:00:00,768.6476040718701
2018-04-21 17:00:00,769.0947282571396
2018-04-21 18:00:00,789.1551119672794
2018-04-21 19:00:00,880.7630874221036
2018-04-21 20:00:00,824.5149679333686
2018-04-21 21:00:00,914.0769544627123
2018-04-21 22:00:00,901.0656843873127
2018-04-21 23:00:00,1001.547036394045
2018-04-22 00:00:00,988.5487036156235
2018-04-22 01:00:00,1044.868419372197
2018-04-22 02:00:00,1150.7382077329687
2018-04-22 03:00:00,1199.7024761872767
2018-04-22 04:00:00,1247.690962918266
2018-04-22 05:00:00,1268.983180621978
2018-04-22 06:00:00,1300.0515091070736
2018-04-22 07:00:00,1192.180224410566
2018-04-22 08:00:00,1196.854710308895
2018-04-22 09:00:00,1174.798809222281
2018-04-22 10:00:00,1105.3490495785786
2018-04-22 11:00:00,1060.8967634215344
2018-04-22 12:00:00,1060.0197034650407
2018-04-22 13:00:00,963.6119633123385
2018-04-22 14:00:00,922.7058328515847
2018-04-22 15:00:00,827.2151412669016
2018-04-22 16:00:00,890.927301252522
2018-04-22 17:00:00,800.1514194266268
2018-04-22 18:00:00,793.572564346499
2018-04-22 19:00:00,828.8913439349753
2018-04-22 20:00:00,882.7886313449011
2018-04-22 21:00:00,865.5402994780674
2018-04-22 22:00:00,918.775424221449
2018-04-22 23:00:00,963.7018702064266
2018-04-23 00:00:00,990.6640534628469
2018-04-23 01:00:00,1084.4330017945388
2018-04-23 02:00:00,1257.1540571775597
2018-04-23 03:00:00,1171.4855618421268
2018-04-23 04:00:00,1135.776525428007
2018-04-23 05:00:00,1233.6145887310647
2018-04-23 06:00:00,1215.4290396851102
2018-04-23 07:00:00,1113.0490940078917
2018-04-23 08:00:00,1111.4166478527663
2018-04-23 09:00:00,1133.2599489956322
2018-04-23 10:00:00,1145.8827713710705
2018-04-23 11:00:00,1045.174430045952
2018-04-23 12:00:00,975.9976022719345
2018-04-23 13:00:00,895.3372123467254
2018-04-23 14:00:00,822.9327797156885
2018-04-23 15:00:00,900.8021918330604
2018-04-23 16:00:00,817.5327183555088
2018-04-23 17:00:00,852.3694198077454
2018-04-23 18:00:00,773.1061290024685
2018-04-23 19:00:00,761.530448621351
2018-04-23 20:00:00,938.0231614096047
2018-04-23 21:00:00,849.1322977688734
2018-04-23 22:00:00,938.3143018438186
2018-04-23 23:00:00,877.3482938918306
2018-04-24 00:00:00,1023.3601693920702
2018-04-24 01:00:00,1078.0882221200625
2018-04-24 02:00:00,1036.8948603184322
2018-04-24 03:00:00,1176.8407308639119
2018-04-24 04:00:00,1136.5262104103185
2018-04-24 05:00:00,1166.8104298174428
2018-04-24 06:00:00,1192.4806625002684
2018-04-24 07:00:00,1115.880940682173
2018-04-24 08:00:00,1222.8576379277288
2018-04-24 09:00:00,1189.5141268731763
2018-04-24 10:00:00,981.2257311020412
2018-04-24 11:00:00,1106.8236958327818
2018-04-24 12:00:00,990.4055326932895
2018-04-24 13:00:00,970.6125729287827
2018-04-24 14:00:00,921.3203527653357
2018-04-24 15:00:00,879.7446128208119
2018-04-24 16:00:00,915.1915744763344
2018-04-24 17:00:00,786.4589900509756
2018-04-24 18:00:00,780.3808159865767
2018-04-24 19:00:00,824.0075364166792
2018-04-24 20:00:00,726.0730179616057
2018-04-24 21:00:00,834.3342532695442
2018-04-24 22:00:00,880.6421754384191
2018-04-24 23:00:00,906.8006224008793
2018-04-25 00:00:00,1040.6688886936136
2018-04-25 01:00:00,1093.7955729857347
2018-04-25 02:00:00,1106.3180615029014
2018-04-25 03:00:00,1023.9708752718605
2018-04-25 04:00:00,1153.8265300894
2018-04-25 05:00:00,1219.4436662765736
2018-04-25 06:00:00,1165.4362966727233
2018-04-25 07:00:00,1247.4296388488037
2018-04-25 08:00:00,1148.2175982473382
2018-04-25 09:00:00,1223.881399783693
2018-04-25 10:00:00,1139.7380329736718
2018-04-25 11:00:00,1059.985626841523
2018-04-25 12:00:00,1012.9156404336584
2018-04-25 13:00:00,925.8991256562605
2018-04-25 14:00:00,932.6559524037573
2018-04-25 15:00:00,830.6232571294245
2018-04-25 16:00:00,788.7411488121907
2018-04-25 17:00:00,885.1603811374135
2018-04-25 18:00:00,828.7350754377519
2018-04-25 19:00:00,780.3245788172794
2018-04-25 20:00:00,817.3317710195489
2018-04-25 21:00:00,915.6414924190912
2018-04-25 22:00:00,744.5238799691577
2018-04-25 23:00:00,928.2866354025736
2018-04-26 00:00:00,1031.6557388795845
2018-04-26 01:00:00,1072.8826596785705
2018-04-26 02:00:00,1168.7837976560027
2018-04-26 03:00:00,1135.3873064566437
2018-04-26 04:00:00,1145.5009069500265
2018-04-26 05:00:00,1140.6637759791981
2018-04-26 06:00:00,1113.370563029966
2018-04-26 07:00:00,1273.7897382998842
2018-04-26 08:00:00,1216.6949210994385
2018-04-26 09:00:00,1115.0909147830937
2018-04-26 10:00:00,1201.223182425102
2018-04-26 11:00:00,1012.9890180614673
2018-04-26 12:00:00,1032.938850218616
2018-04-26 13:00:00,927.585886988637
2018-04-26 14:00:00,968.608988159311
2018-04-26 15:00:00,814.2828804013991
2018-04-26 16:00:00,738.2156567418954
2018-04-26 17:00:00,857.6751891101635
2018-04-26 18:00:00,799.6180805295049
2018-04-26 19:00:00,809.8121475500554
2018-04-26 20:00:00,847.9338808527214
2018-04-26 21:00:00,897.6493473304591
2018-04-26 22:00:00,997.6030165691164
2018-04-26 23:00:00,892.4452111139799
2018-04-27 00:00:00,1044.6878689407224
2018-04-27 01:00:00,1052.3600772133339
2018-04-27 02:00:00,1047.142366595126
2018-04-27 03:00:00,1181.535273399718
2018-04-27 04:00:00,1203.7634711996081
2018-04-27 05:00:00,1104.900660233248
2018-04-27 06:00:00,1173.6162519885193
2018-04-27 07:00:00,1218.2880699955417
2018-04-27 08:00:00,1170.9352162391128
2018-04-27 09:00:00,1127.4026363420767
2018-04-27 10:00:00,1097.4737176899484
2018-04-27 11:00:00,1045.8036161613027
2018-04-27 12:00:00,1022.8004410625772
2018-04-27 13:00:00,805.6433412427239
2018-04-27 14:00:00,889.3733424228093
2018-04-27 15:00:00,968.2300736631726
2018-04-27 16:00:00,824.9320909138114
2018-04-27 17:00:00,822.3208673702505
2018-04-27 18:00:00,759.9899641074671
2018-04-27 19:00:00,862.0710376369118
2018-04-27 20:00:00,780.3363553515778
2018-04-27 21:00:00,808.6294347546245
2018-04-27 22:00:00,918.6407509500649
2018-04-27 23:00:00,979.1507077055937
2018-04-28 00:00:00,878.8821205614267
2018-04-28 01:00:00,1030.5353211570364
2018-04-28 02:00:00,1049.7264757936498
2018-04-28 03:00:00,1077.1645809618078
2018-04-28 04:00:00,1253.5719125620699
2018-04-28 05:00:00,1191.0340334720943
2018-04-28 06:00:00,1231.7283137064162
2018-04-28 07:00:00,1214.3487093608737
2018-04-28 08:00:00,1209.0349122836612
2018-04-28 09:00:00,1134.2219597962112
2018-04-28 10:00:00,1079.581665575186
2018-04-28 11:00:00,1030.4900545206667
2018-04-28 12:00:00,988.8004615226646
2018-04-28 13:00:00,1055.9779501598682
2018-04-28 14:00:00,864.5874676661153
2018-04-28 15:00:00,932.1133395478106
2018-04-28 16:00:00,871.7881389695916
2018-04-28 17:00:00,788.691512943554
2018-04-28 18:00:00,774.4718968099876
2018-04-28 19:00:00,797.7129603911923
2018-04-28 20:00:00,757.1646405473523
2018-04-28 21:00:00,861.6653062772432
2018-04-28 22:00:00,914.6629464588843
2018-04-28 23:00:00,1000.7135326510652
2018-04-29 00:00:00,965.4171709206475
2018-04-29 01:00:00,1181.5962283820966
2018-04-29 02:00:00,997.3877552130344
2018-04-29 03:00:00,1156.4514357109358
2018-04-29 04:00:00,1208.7392492640872
2018-04-29 05:00:00,1208.139320763466
2018-04-29 06:00:00,1100.3690717840875
2018-04-29 07:00:00,1184.3339559476528
2018-04-29 08:00:00,1135.081413303044
2018-04-29 09:00:00,1093.1878832955483
2018-04-29 10:00:00,1176.1785354446977
2018-04-29 11:00:00,1049.0037111045017
2018-04-29 12:00:00,1006.9809355981911
2018-04-29 13:00:00,978.7149836956113
2018-04-29 14:00:00,897.1964900930135
2018-04-29 15:00:00,1015.0177584495011
2018-04-29 16:00:00,756.0319141907594
2018-04-29 17:00:00,838.1538020707757
2018-04-29 18:00:00,781.7485629857136
2018-04-29 19:00:00,659.3562101094506
2018-04-29 20:00:00,856.2555035044605
2018-04-29 21:00:00,889.0349280784538
2018-04-29 22:00:00,880.4802227856067
2018-04-29 23:00:00,929.8659668780923
2018-04-30 00:00:00,954.2883975083627
2018-04-30 01:00:00,1107.846234905967
2018-04-30 02:00:00,1110.7666714976597
2018-04-30 03:00:00,1207.0672587651518
2018-04-30 04:00:00,1192.99636763889
2018-04-30 05:00:00,1280.7395328097787
2018-04-30 06:00:00,1198.868541287079
2018-04-30 07:00:00,1170.034317214658
2018-04-30 08:00:00,1185.835451928992
2018-04-30 09:00:00,1070.5602051510587
2018-04-30 10:00:00,1174.6315105244173
2018-04-30 11:00:00,1110.2876458185203
2018-04-30 12:00:00,988.676327534867
2018-04-30 13:00:00,941.3176241776333
2018-04-30 14:00:00,844.8287246190346
2018-04-30 15:00:00,950.7020629859751
2018-04-30 16:00:00,785.9367157425778
2018-04-30 17:00:00,766.1860010333605
2018-04-30 18:00:00,797.7502937719712
2018-04-30 19:00:00,788.9134009704105
2018-04-30 20:00:00,882.0007468510717
2018-04-30 21:00:00,852.5168096419442
2018-04-30 22:00:00,870.4428045960121
2018-04-30 23:00:00,1000.7315200981699
2018-05-01 00:00:00,1020.1730666196001
2018-05-01 01:00:00,1018.6970896683068
2018-05-01 02:00:00,1102.6432533631694
2018-05-01 03:00:00,1099.7780631250255
2018-05-01 04:00:00,1162.0237658642618
2018-05-01 05:00:00,1209.7568862492055
2018-05-01 06:00:00,1168.2938687115575
2018-05-01 07:00:00,1154.239524237341
2018-05-01 08:00:00,1211.3672957829394
2018-05-01 09:00:00,1102.4906337352534
2018-05-01 10:00:00,1082.8426278286263
2018-05-01 11:00:00,1050.645492510319
2018-05-01 12:00:00,977.8726614603382
2018-05-01 13:00:00,943.0081069302383
2018-05-01 14:00:00,844.2747143662104
2018-05-01 15:00:00,846.362502701699
2018-05-01 16:00:00,828.7302214276409
2018-05-01 17:00:00,849.9556262238796
2018-05-01 18:00:00,791.5126229449994
2018-05-01 19:00:00,804.3592927882864
2018-05-01 20:00:00,794.3306694118207
2018-05-01 21:00:00,903.8029133417883
2018-05-01 22:00:00,937.5763091887837
2018-05-01 23:00:00,913.0391776601169
2018-05-02 00:00:00,933.901900648377
2018-05-02 01:00:00,1058.62660614814
2018-05-02 02:00:00,1131.628532277847
2018-05-02 03:00:00,1118.0958776982434
2018-05-02 04:00:00,1155.849553183013
2018-05-02 05:00:00,1151.6382005637731
2018-05-02 06:00:00,1274.7640656011115
2018-05-02 07:00:00,1205.074191172913
2018-05-02 08:00:00,1111.9912834308902
2018-05-02 09:00:00,1145.1629189166645
2018-05-02 10:00:00,1157.1011439423266
2018-05-02 11:00:00,1037.8416088324914
2018-05-02 12:00:00,1002.8806796962705
2018-05-02 13:00:00,824.3942013153304
2018-05-02 14:00:00,1002.1187550627762
2018-05-02 15:00:00,783.9223860029517
2018-05-02 16:00:00,943.1556383770886
2018-05-02 17:00:00,844.416628203177
2018-05-02 18:00:00,774.6834565448809
2018-05-02 19:00:00,818.5341652180867
2018-05-02 20:00:00,867.1290649703863
2018-05-02 21:00:00,940.6016464978622
2018-05-02 22:00:00,978.6538385106319
2018-05-02 23:00:00,981.2211240481519
2018-05-03 00:00:00,1041.4709795365522
2018-05-03 01:00:00,953.115973925262
2018-05-03 02:00:00,1139.6199536127685
2018-05-03 03:00:00,1224.2253267716942
2018-05-03 04:00:00,1163.151481924052
2018-05-03 05:00:00,1123.4213719932395
2018-05-03 06:00:00,1219.721490174439
2018-05-03 07:00:00,1168.1534760959833
2018-05-03 08:00:00,1152.435619555532
2018-05-03 09:00:00,1090.123806310489
2018-05-03 10:00:00,1100.2312135171046
2018-05-03 11:00:00,1036.5328475750534
2018-05-03 12:00:00,1059.1198532390197
2018-05-03 13:00:00,962.9684481305803
2018-05-03 14:00:00,772.2175801008614
2018-05-03 15:00:00,902.0749450816446
2018-05-03 16:00:00,813.4505080284775
2018-05-03 17:00:00,906.2826531399605
2018-05-03 18:00:00,844.7108302090037
2018-05-03 19:00:00,810.160629683996
2018-05-03 20:00:00,776.9163031900118
2018-05-03 21:00:00,826.3543133839479
2018-05-03 22:00:00,1009.473928323769
2018-05-03 23:00:00,981.3501019009664
2018-05-04 00:00:00,1027.8545889594927
2018-05-04 01:00:00,1030.932372913404
2018-05-04 02:00:00,1084.9098600788464
2018-05-04 03:00:00,1165.7201091559327
2018-05-04 04:00:00,1309.095086310842
2018-05-04 05:00:00,1214.8091354206565
2018-05-04 06:00:00,1175.7695853765151
2018-05-04 07:00:00,1256.1691566965574
2018-05-04 08:00:00,1143.5102324037587
2018-05-04 09:00:00,1156.09261168214
2018-05-04 10:00:00,1003.7989821562463
2018-05-04 11:00:00,969.7796997887363
2018-05-04 12:00:00,954.4139162146972
2018-05-04 13:00:00,881.0782154534006
2018-05-04 14:00:00,854.4423931783275
2018-05-04 15:00:00,825.7070965112966
2018-05-04 16:00:00,861.0330471223227
2018-05-04 17:00:00,743.8661746180105
2018-05-04 18:00:00,782.5933161794728
2018-05-04 19:00:00,766.059918140812
2018-05-04 20:00:00,764.9810567170715
2018-05-04 21:00:00,819.2111360920983
2018-05-04 22:00:00,881.5467750272988
2018-05-04 23:00:00,967.9071403719561
2018-05-05 00:00:00,920.1167253157455
2018-05-05 01:00:00,1075.5617332949007
2018-05-05 02:00:00,1182.7976721237985
2018-05-05 03:00:00,1139.0484451098223
2018-05-05 04:00:00,1183.0132811155265
2018-05-05 05:00:00,1126.8811035833278
2018-05-05 06:00:00,1182.3001013457801
2018-05-05 07:00:00,1181.6103382800973
2018-05-05 08:00:00,1259.1551327317168
2018-05-05 09:00:00,1206.9344382800095
2018-05-05 10:00:00,1100.5102786964876
2018-05-05 11:00:00,1077.3954045819212
2018-05-05 12:00:00,1072.1182547418753
2018-05-05 13:00:00,896.4532416385549
2018-05-05 14:00:00,892.6101668417184
2018-05-05 15:00:00,968.5037014291595
2018-05-05 16:00:00,798.5768446312242
2018-05-05 17:00:00,836.8745164828126
2018-05-05 18:00:00,761.0523373438898
2018-05-05 19:00:00,861.269988866854
2018-05-05 20:00:00,701.5647319584768
2018-05-05 21:00:00,819.6687937309282
2018-05-05 22:00:00,857.9347460297902
2018-05-05 23:00:00,953.0470398083821
2018-05-06 00:00:00,1008.5973369149818
2018-05-06 01:00:00,994.5210121130812
2018-05-06 02:00:00,1044.1682190395113
2018-05-06 03:00:00,993.9663420371754
2018-05-06 04:00:00,1126.7523481416004
2018-05-06 05:00:00,1239.389385131147
2018-05-06 06:00:00,1183.1058617408357
2018-05-06 07:00:00,1190.227255777476
2018-05-06 08:00:00,1175.8853420991982
2018-05-06 09:00:00,1165.8279804863885
2018-05-06 10:00:00,1058.9196883878565
2018-05-06 11:00:00,1136.3457022647517
2018-05-06 12:00:00,1097.4552383903101
2018-05-06 13:00:00,900.8651643517959
2018-05-06 14:00:00,874.8604175126106
2018-05-06 15:00:00,835.1109531130353
2018-05-06 16:00:00,825.2170296205568
2018-05-06 17:00:00,845.8812599757664
2018-05-06 18:00:00,765.5316420717102
2018-05-06 19:00:00,812.4386224349322
2018-05-06 20:00:00,832.041889004051
2018-05-06 21:00:00,862.8405703008693
2018-05-06 22:00:00,902.5483596439074
2018-05-06 23:00:00,980.059835275514
2018-05-07 00:00:00,928.6205019912986
2018-05-07 01:00:00,1097.4527813305986
2018-05-07 02:00:00,1118.9481909288652
2018-05-07 03:00:00,1121.2106626596444
2018-05-07 04:00:00,1148.1825129035683
2018-05-07 05:00:00,1145.050694991447
2018-05-07 06:00:00,1174.3527584434357
2018-05-07 07:00:00,1111.1171814108857
2018-05-07 08:00:00,1140.428916802831
2018-05-07 09:00:00,1130.9493512117294
2018-05-07 10:00:00,1116.032098252469
2018-05-07 11:00:00,891.3648105704524
2018-05-07 12:00:00,920.9366192828377
2018-05-07 13:00:00,968.4366566044368
2018-05-07 14:00:00,886.2691887681189
2018-05-07 15:00:00,841.0136400578922
2018-05-07 16:00:00,833.2188873025896
2018-05-07 17:00:00,812.6286856160723
2018-05-07 18:00:00,757.4690540455749
2018-05-07 19:00:00,803.7966401499783
2018-05-07 20:00:00,918.423619603183
2018-05-07 21:00:00,889.7991901671505
2018-05-07 22:00:00,950.1144113889552
2018-05-07 23:00:00,848.6998153893738
2018-05-08 00:00:00,1105.8784324683716
2018-05-08 01:00:00,985.6170578536857
2018-05-08 02:00:00,1041.9338965352617
2018-05-08 03:00:00,1134.3314140785178
2018-05-08 04:00:00,1167.0735133411847
2018-05-08 05:00:00,1211.7314042512603
2018-05-08 06:00:00,1192.2726667496204
2018-05-08 07:00:00,1124.759264191928
2018-05-08 08:00:00,1148.5882113278801
2018-05-08 09:00:00,1244.4304035821576
2018-05-08 10:00:00,1110.9429436626601
2018-05-08 11:00:00,1027.6498619175493
2018-05-08 12:00:00,986.4379421499079
2018-05-08 13:00:00,1047.8708100580332
2018-05-08 14:00:00,847.9008301881069
2018-05-08 15:00:00,825.8805963175199
2018-05-08 16:00:00,894.0107773330265
2018-05-08 17:00:00,842.3937116689151
2018-05-08 18:00:00,715.7268818353488
2018-05-08 19:00:00,794.6556047650461
2018-05-08 20:00:00,874.8711759018432
2018-05-08 21:00:00,874.6560644184983
2018-05-08 22:00:00,908.8945645062407
2018-05-08 23:00:00,932.8035200746012
2018-05-09 00:00:00,1095.1879384434326
2018-05-09 01:00:00,1089.2104754299653
2018-05-09 02:00:00,1028.6750268858448
2018-05-09 03:00:00,1090.9047518080813
2018-05-09 04:00:00,1232.1172194493367
2018-05-09 05:00:00,1200.9971925237182
2018-05-09 06:00:00,1173.2452102809966
2018-05-09 07:00:00,1302.1392739272887
2018-05-09 08:00:00,1152.7313222925138
2018-05-09 09:00:00,1126.6852464507515
2018-05-09 10:00:00,1105.0990714455663
2018-05-09 11:00:00,1086.321945003416
2018-05-09 12:00:00,1053.2431538257022
2018-05-09 13:00:00,966.3579238934134
2018-05-09 14:00:00,900.7716176323052
2018-05-09 15:00:00,917.8290450160296
2018-05-09 16:00:00,799.2207710396034
2018-05-09 17:00:00,708.7574344609451
2018-05-09 18:00:00,936.422254567882
2018-05-09 19:00:00,866.5189612895543
2018-05-09 20:00:00,800.0224819539893
2018-05-09 21:00:00,841.7422525933688
2018-05-09 22:00:00,863.3680413516095
2018-05-09 23:00:00,1074.7043545965755
2018-05-10 00:00:00,927.8171097644145
2018-05-10 01:00:00,1026.8379272896213
2018-05-10 02:00:00,1147.7648248828743
2018-05-10 03:00:00,1135.0657337278342
2018-05-10 04:00:00,1221.9374009358721
2018-05-10 05:00:00,1188.4080659206618
2018-05-10 06:00:00,1203.0588733596421
2018-05-10 07:00:00,1248.7711330456343
2018-05-10 08:00:00,1186.61807599711
2018-05-10 09:00:00,1059.9767294867802
2018-05-10 10:00:00,1071.3226532133895
2018-05-10 11:00:00,1052.195170201867
2018-05-10 12:00:00,1088.329802840724
2018-05-10 13:00:00,886.1985887907786
2018-05-10 14:00:00,896.4770307152645
2018-05-10 15:00:00,906.2314414434494
2018-05-10 16:00:00,891.2039521709145
2018-05-10 17:00:00,838.500348878606
2018-05-10 18:00:00,718.4132791835825
2018-05-10 19:00:00,801.6548567131364
2018-05-10 20:00:00,794.8840646833196
2018-05-10 21:00:00,901.7580384249687
2018-05-10 22:00:00,943.811541675494
2018-05-10 23:00:00,865.3131675718648
2018-05-11 00:00:00,966.3269258076733
2018-05-11 01:00:00,1024.38772551296
2018-05-11 02:00:00,1097.1703993623853
2018-05-11 03:00:00,1136.3078134021825
2018-05-11 04:00:00,1200.8043604885556
2018-05-11 05:00:00,1212.7257752446774
2018-05-11 06:00:00,1172.3615074469624
2018-05-11 07:00:00,1296.1076447916773
2018-05-11 08:00:00,1150.5641131577777
2018-05-11 09:00:00,1190.8699629777589
2018-05-11 10:00:00,1135.5570008202835
2018-05-11 11:00:00,1002.4900297978163
2018-05-11 12:00:00,1027.6554774986978
2018-05-11 13:00:00,930.427349679854
2018-05-11 14:00:00,853.3679731576854
2018-05-11 15:00:00,873.5650878773605
2018-05-11 16:00:00,813.6977190855923
2018-05-11 17:00:00,764.989792547812
2018-05-11 18:00:00,787.857369781828
2018-05-11 19:00:00,765.852405670354
2018-05-11 20:00:00,807.5180771762502
2018-05-11 21:00:00,823.1368355755999
2018-05-11 22:00:00,933.2540587494261
2018-05-11 23:00:00,930.3197978324042
2018-05-12 00:00:00,1048.2791578053989
2018-05-12 01:00:00,1055.3794530581752
2018-05-12 02:00:00,1034.6779351416817
2018-05-12 03:00:00,1169.3562291679732
2018-05-12 04:00:00,1185.9103495354877
2018-05-12 05:00:00,1319.8732535712
2018-05-12 06:00:00,1230.9395559522713
2018-05-12 07:00:00,1195.374103868154
2018-05-12 08:00:00,1183.8771357344926
2018-05-12 09:00:00,1210.9167286994305
2018-05-12 10:00:00,1158.6454909929803
2018-05-12 11:00:00,967.4021648953491
2018-05-12 12:00:00,1021.9098795949708
2018-05-12 13:00:00,971.8009375475183
2018-05-12 14:00:00,873.8465611283065
2018-05-12 15:00:00,858.6844959491789
2018-05-12 16:00:00,784.9560736366168
2018-05-12 17:00:00,865.2557932625634
2018-05-12 18:00:00,826.5754930710826
2018-05-12 19:00:00,782.6257285726897
2018-05-12 20:00:00,892.748759361624
2018-05-12 21:00:00,891.4605493834305
2018-05-12 22:00:00,997.5760795130956
2018-05-12 23:00:00,987.0293592239541
2018-05-13 00:00:00,950.6881102887008
2018-05-13 01:00:00,1014.514408511238
2018-05-13 02:00:00,1112.237171189743
2018-05-13 03:00:00,1180.4805765801161
2018-05-13 04:00:00,1156.8439062745372
2018-05-13 05:00:00,1220.654241482025
2018-05-13 06:00:00,1251.3184607691983
2018-05-13 07:00:00,1137.1991676971513
2018-05-13 08:00:00,1217.0366618004505
2018-05-13 09:00:00,1061.3684013339177
2018-05-13 10:00:00,1020.0262996042931
2018-05-13 11:00:00,1066.8068899534492
2018-05-13 12:00:00,1016.3277777980186
2018-05-13 13:00:00,1002.9759117145906
2018-05-13 14:00:00,908.1775403158886
2018-05-13 15:00:00,855.5961299940002
2018-05-13 16:00:00,847.5548672153599
2018-05-13 17:00:00,800.1269527656464
2018-05-13 18:00:00,771.4434912723581
2018-05-13 19:00:00,762.874154417303
2018-05-13 20:00:00,848.4128362905087
2018-05-13 21:00:00,745.5641595180776
2018-05-13 22:00:00,823.6806034502486
2018-05-13 23:00:00,1014.9157949040309
2018-05-14 00:00:00,970.9178098258177
2018-05-14 01:00:00,1003.2311459862499
2018-05-14 02:00:00,1106.0902575494306
2018-05-14 03:00:00,1206.3185287938516
2018-05-14 04:00:00,1211.3862488390262
2018-05-14 05:00:00,1260.0486979866955
2018-05-14 06:00:00,1264.2714642103574
2018-05-14 07:00:00,1260.5170478787575
2018-05-14 08:00:00,1096.411405541513
2018-05-14 09:00:00,1160.4782203460347
2018-05-14 10:00:00,1030.5445195473171
2018-05-14 11:00:00,1027.7469905193877
2018-05-14 12:00:00,997.6101061333486
2018-05-14 13:00:00,889.2079182455196
2018-05-14 14:00:00,921.9241754667424
2018-05-14 15:00:00,839.4323575557995
2018-05-14 16:00:00,825.7122237087751
2018-05-14 17:00:00,839.8924650390044
2018-05-14 18:00:00,813.1790802216454
2018-05-14 19:00:00,887.0344258558273
2018-05-14 20:00:00,870.7035961242455
2018-05-14 21:00:00,874.6981298303771
2018-05-14 22:00:00,810.3203585973165
2018-05-14 23:00:00,925.7616837849789
2018-05-15 00:00:00,1030.827967271384
2018-05-15 01:00:00,1046.3097480012152
2018-05-15 02:00:00,1112.848500152088
2018-05-15 03:00:00,1128.4171507035614
2018-05-15 04:00:00,1223.0776310627139
2018-05-15 05:00:00,1193.643124656638
2018-05-15 06:00:00,1241.396049451726
2018-05-15 07:00:00,1138.570429568666
2018-05-15 08:00:00,1149.8774245455115
2018-05-15 09:00:00,1115.9866025183258
2018-05-15 10:00:00,1202.5978387853718
2018-05-15 11:00:00,1052.1182006734698
2018-05-15 12:00:00,976.8350631964207
2018-05-15 13:00:00,979.3430555024169
2018-05-15 14:00:00,951.5500302418773
2018-05-15 15:00:00,882.1220057368478
2018-05-15 16:00:00,856.3400623225859
2018-05-15 17:00:00,796.775310619877
2018-05-15 18:00:00,870.4816780504871
2018-05-15 19:00:00,828.9985083847038
2018-05-15 20:00:00,739.7509457974903
2018-05-15 21:00:00,858.5064457609496
2018-05-15 22:00:00,891.9276934956108
2018-05-15 23:00:00,1019.1403680177837
2018-05-16 00:00:00,973.863389465664
2018-05-16 01:00:00,1145.1364786700424
2018-05-16 02:00:00,1066.7996294013346
2018-05-16 03:00:00,1166.886450298229
2018-05-16 04:00:00,1168.265395877861
2018-05-16 05:00:00,1130.0088491261222
2018-05-16 06:00:00,1158.9911483820892
2018-05-16 07:00:00,1178.3145793701315
2018-05-16 08:00:00,1081.9411824819224
2018-05-16 09:00:00,1152.5912681389423
2018-05-16 10:00:00,1081.9904280546134
2018-05-16 11:00:00,1081.3736148913845
2018-05-16 12:00:00,948.1771493415614
2018-05-16 13:00:00,885.642447510068
2018-05-16 14:00:00,1007.8737754742633
2018-05-16 15:00:00,981.9172775285163
2018-05-16 16:00:00,783.1733126867629
2018-05-16 17:00:00,727.46210792179
2018-05-16 18:00:00,845.1174729567922
2018-05-16 19:00:00,793.5273472245607
2018-05-16 20:00:00,844.0025105254822
2018-05-16 21:00:00,873.6269186927038
2018-05-16 22:00:00,886.3371236380958
2018-05-16 23:00:00,936.5300588833533
2018-05-17 00:00:00,997.6127792606272
2018-05-17 01:00:00,1119.3746640735317
2018-05-17 02:00:00,1109.7673370008856
2018-05-17 03:00:00,1170.1740757552734
2018-05-17 04:00:00,1157.879385926236
2018-05-17 05:00:00,1172.175119130099
2018-05-17 06:00:00,1169.4388921798281
2018-05-17 07:00:00,1266.7198570639343
2018-05-17 08:00:00,1181.5130183922329
2018-05-17 09:00:00,1170.839700726409
2018-05-17 10:00:00,1038.4457438192458
2018-05-17 11:00:00,1031.068660782887
2018-05-17 12:00:00,973.1299334479743
2018-05-17 13:00:00,906.621839950632
2018-05-17 14:00:00,922.5452137750416
2018-05-17 15:00:00,880.6739844626012
2018-05-17 16:00:00,857.7952824673297
2018-05-17 17:00:00,848.7214335136778
2018-05-17 18:00:00,852.2294951802015
2018-05-17 19:00:00,830.6707776062307
2018-05-17 20:00:00,818.2896185067259
2018-05-17 21:00:00,856.4719053927108
2018-05-17 22:00:00,905.9867629338678
2018-05-17 23:00:00,879.6719662013843
2018-05-18 00:00:00,967.4637039197816
2018-05-18 01:00:00,1200.6952055678414
2018-05-18 02:00:00,1140.5157702131564
2018-05-18 03:00:00,1174.0220245277487
2018-05-18 04:00:00,1167.6900849716314
2018-05-18 05:00:00,1208.5870298568643
2018-05-18 06:00:00,1177.9399774475578
2018-05-18 07:00:00,1079.9996991654011
2018-05-18 08:00:00,1215.6756978940618
2018-05-18 09:00:00,1170.9103009285966
2018-05-18 10:00:00,1001.1618312742407
2018-05-18 11:00:00,1114.7956297160652
2018-05-18 12:00:00,1006.2096421778097
2018-05-18 13:00:00,928.7300788286182
2018-05-18 14:00:00,905.0144417694196
2018-05-18 15:00:00,888.6193017127453
2018-05-18 16:00:00,926.3167315309211
2018-05-18 17:00:00,817.3470972570768
2018-05-18 18:00:00,864.509214610818
2018-05-18 19:00:00,739.9184246026945
2018-05-18 20:00:00,884.7781866509488
2018-05-18 21:00:00,870.4821666138122
2018-05-18 22:00:00,917.4427744098527
2018-05-18 23:00:00,885.0884797821158
2018-05-19 00:00:00,981.5177409064374
2018-05-19 01:00:00,951.2498576710582
2018-05-19 02:00:00,1165.6421346296165
2018-05-19 03:00:00,1116.6294170822564
2018-05-19 04:00:00,1143.762098948633
2018-05-19 05:00:00,1117.9186761041947
2018-05-19 06:00:00,1205.107272462336
2018-05-19 07:00:00,1126.521318618228
2018-05-19 08:00:00,1141.935803238388
2018-05-19 09:00:00,1094.2122549442618
2018-05-19 10:00:00,1137.314136669554
2018-05-19 11:00:00,1078.2012589126516
2018-05-19 12:00:00,1018.30285805422
2018-05-19 13:00:00,1005.4398959921708
2018-05-19 14:00:00,898.8491470708677
2018-05-19 15:00:00,890.465615900406
2018-05-19 16:00:00,817.2283612028215
2018-05-19 17:00:00,809.7020546339087
2018-05-19 18:00:00,901.1522126228509
2018-05-19 19:00:00,780.1666801520671
2018-05-19 20:00:00,844.339051494056
2018-05-19 21:00:00,881.5083264973157
2018-05-19 22:00:00,884.378476130918
2018-05-19 23:00:00,937.7944754666113
2018-05-20 00:00:00,1083.5750049711514
2018-05-20 01:00:00,1090.132063256442
2018-05-20 02:00:00,1113.4506787549371
2018-05-20 03:00:00,1081.8569267953012
2018-05-20 04:00:00,1151.7229488468122
2018-05-20 05:00:00,1378.4291889237884
2018-05-20 06:00:00,1137.6932072091834
2018-05-20 07:00:00,1177.6070440723588
2018-05-20 08:00:00,1159.1511345624845
2018-05-20 09:00:00,1161.7947132370746
2018-05-20 10:00:00,1136.4852190191198
2018-05-20 11:00:00,1099.3955272664236
2018-05-20 12:00:00,1059.5107399823914
2018-05-20 13:00:00,929.4901630394204
2018-05-20 14:00:00,888.220882625514
2018-05-20 15:00:00,914.560381279054
2018-05-20 16:00:00,745.7055380682395
2018-05-20 17:00:00,828.6457474898014
2018-05-20 18:00:00,852.1613797705777
2018-05-20 19:00:00,884.9414031292324
2018-05-20 20:00:00,821.1458107149526
2018-05-20 21:00:00,853.8520366446455
2018-05-20 22:00:00,903.0882460793785
2018-05-20 23:00:00,915.1910854077735
2018-05-21 00:00:00,1059.7195416949482
2018-05-21 01:00:00,1020.4449701250282
2018-05-21 02:00:00,1165.1922955036923
2018-05-21 03:00:00,1071.3266901985176
2018-05-21 04:00:00,1038.5018221142834
2018-05-21 05:00:00,1175.2338242613234
2018-05-21 06:00:00,1241.3838769065253
2018-05-21 07:00:00,1199.7387621295218
2018-05-21 08:00:00,1186.948036175763
2018-05-21 09:00:00,1153.4919087349795
2018-05-21 10:00:00,1175.7186523896748
2018-05-21 11:00:00,1038.3734280513227
2018-05-21 12:00:00,993.4584716762163
2018-05-21 13:00:00,1019.8164335946874
2018-05-21 14:00:00,929.3573104913335
2018-05-21 15:00:00,862.4853150871024
2018-05-21 16:00:00,832.3003092192054
2018-05-21 17:00:00,856.1208018450304
2018-05-21 18:00:00,762.6065423069498
2018-05-21 19:00:00,842.5042367400162
2018-05-21 20:00:00,749.1508089697777
2018-05-21 21:00:00,871.2820588633189
2018-05-21 22:00:00,857.322171487607
2018-05-21 23:00:00,1024.9253935002678
2018-05-22 00:00:00,1066.7814521840269
2018-05-22 01:00:00,1089.6792995069802
2018-05-22 02:00:00,961.5487205064524
2018-05-22 03:00:00,1140.8209142192682
2018-05-22 04:00:00,1160.0082852247685
2018-05-22 05:00:00,1216.2978499549822
2018-05-22 06:00:00,1210.5763592133014
2018-05-22 07:00:00,1197.0140097461335
2018-05-22 08:00:00,1166.2803234735632
2018-05-22 09:00:00,1233.4540070102455
2018-05-22 10:00:00,1157.8066057435283
2018-05-22 11:00:00,1103.1526672207356
2018-05-22 12:00:00,969.7662083335823
2018-05-22 13:00:00,912.3137527534291
2018-05-22 14:00:00,942.370146392377
2018-05-22 15:00:00,819.5741012460202
2018-05-22 16:00:00,749.7694822138635
2018-05-22 17:00:00,841.3546968445654
2018-05-22 18:00:00,801.1186742406506
2018-05-22 19:00:00,768.0982057309047
2018-05-22 20:00:00,845.638634180562
2018-05-22 21:00:00,812.4594151969515
2018-05-22 22:00:00,967.5813685860801
2018-05-22 23:00:00,898.0744608562326
2018-05-23 00:00:00,982.1092481781453
2018-05-23 01:00:00,982.4592349827985
2018-05-23 02:00:00,1095.244457207456
2018-05-23 03:00:00,1181.056414352254
2018-05-23 04:00:00,1307.770323072623
2018-05-23 05:00:00,1182.248839645451
2018-05-23 06:00:00,1254.884685176566
2018-05-23 07:00:00,1274.8408132219763
2018-05-23 08:00:00,1202.2611916022524
2018-05-23 09:00:00,1087.4177492800382
2018-05-23 10:00:00,1204.631158421609
2018-05-23 11:00:00,1094.7668597152174
2018-05-23 12:00:00,1040.8613407275934
2018-05-23 13:00:00,894.3850225487489
2018-05-23 14:00:00,905.3470883471891
2018-05-23 15:00:00,848.7293175421544
2018-05-23 16:00:00,834.3147767244907
2018-05-23 17:00:00,800.289529220037
2018-05-23 18:00:00,765.210062532962
2018-05-23 19:00:00,743.7086413505281
2018-05-23 20:00:00,779.7088921207306
2018-05-23 21:00:00,815.9807970198585
2018-05-23 22:00:00,904.5221447120468
2018-05-23 23:00:00,880.341656645956
2018-05-24 00:00:00,968.9333950333444
2018-05-24 01:00:00,1023.7965895258731
2018-05-24 02:00:00,1009.5270397053046
2018-05-24 03:00:00,1049.5743744417969
2018-05-24 04:00:00,1179.2987510853877
2018-05-24 05:00:00,1192.454363916803
2018-05-24 06:00:00,1068.386498988525
2018-05-24 07:00:00,1228.2768966694787
2018-05-24 08:00:00,1190.4676895425544
2018-05-24 09:00:00,1098.830449568256
2018-05-24 10:00:00,1115.212781401121
2018-05-24 11:00:00,1057.8061574147641
2018-05-24 12:00:00,1008.4282644099152
2018-05-24 13:00:00,884.7884986617996
2018-05-24 14:00:00,913.4246099839717
2018-05-24 15:00:00,835.4107574619362
2018-05-24 16:00:00,861.1866408139925
2018-05-24 17:00:00,780.8594028122511
2018-05-24 18:00:00,858.8373784632631
2018-05-24 19:00:00,751.6945975691356
2018-05-24 20:00:00,856.4245566989746
2018-05-24 21:00:00,857.879971829464
2018-05-24 22:00:00,885.6421510295733
2018-05-24 23:00:00,921.4237957534189
2018-05-25 00:00:00,1048.7282727570805
2018-05-25 01:00:00,1060.6001622674223
2018-05-25 02:00:00,1129.0672189303002
2018-05-25 03:00:00,1179.6505046865257
2018-05-25 04:00:00,1150.216955521168
2018-05-25 05:00:00,1183.7321306592678
2018-05-25 06:00:00,1171.5016427126416
2018-05-25 07:00:00,1092.7647348413966
2018-05-25 08:00:00,1215.2749266535031
2018-05-25 09:00:00,1135.1183424000285
2018-05-25 10:00:00,1126.6708770993182
2018-05-25 11:00:00,1015.8073339415076
2018-05-25 12:00:00,1033.3283952588017
2018-05-25 13:00:00,935.0712065462933
2018-05-25 14:00:00,884.4790209754527
2018-05-25 15:00:00,813.695588525753
2018-05-25 16:00:00,783.4764862930987
2018-05-25 17:00:00,779.2174490694871
2018-05-25 18:00:00,808.2957167258143
2018-05-25 19:00:00,809.8309301531744
2018-05-25 20:00:00,739.2082628641629
2018-05-25 21:00:00,852.7039253707957
2018-05-25 22:00:00,960.8198019240723
2018-05-25 23:00:00,980.4928578792099
2018-05-26 00:00:00,1007.2001362947867
2018-05-26 01:00:00,1142.1829358052344
2018-05-26 02:00:00,1068.2873752543605
2018-05-26 03:00:00,1212.5548719953126
2018-05-26 04:00:00,1223.0003565047425
2018-05-26 05:00:00,1182.995262717302
2018-05-26 06:00:00,1244.9535740311164
2018-05-26 07:00:00,1183.2446593666414
2018-05-26 08:00:00,1221.6609124421886
2018-05-26 09:00:00,1164.9798927799984
2018-05-26 10:00:00,1048.6110903703725
2018-05-26 11:00:00,1076.2897329647042
2018-05-26 12:00:00,970.0138557336616
2018-05-26 13:00:00,947.5651441146723
2018-05-26 14:00:00,884.987991289711
2018-05-26 15:00:00,912.114979008167
2018-05-26 16:00:00,879.3876951194724
2018-05-26 17:00:00,750.0015026151767
2018-05-26 18:00:00,742.7823491252445
2018-05-26 19:00:00,798.3118862439347
2018-05-26 20:00:00,806.805301021538
2018-05-26 21:00:00,888.587932813912
2018-05-26 22:00:00,914.3353710032322
2018-05-26 23:00:00,1006.9115610213746
2018-05-27 00:00:00,1007.0815472532639
2018-05-27 01:00:00,1080.3445350470267
2018-05-27 02:00:00,1029.432969356867
2018-05-27 03:00:00,1022.7354544137993
2018-05-27 04:00:00,1177.6587878806301
2018-05-27 05:00:00,1149.2395619287922
2018-05-27 06:00:00,1236.55304514247
2018-05-27 07:00:00,1121.3193524087555
2018-05-27 08:00:00,1281.5200663923065
2018-05-27 09:00:00,1151.3492722867572
2018-05-27 10:00:00,1148.7269107672564
2018-05-27 11:00:00,1038.7837800419513
2018-05-27 12:00:00,982.58420187236
2018-05-27 13:00:00,921.5506523794514
2018-05-27 14:00:00,906.8251076282673
2018-05-27 15:00:00,803.156647294275
2018-05-27 16:00:00,812.2990723117285
2018-05-27 17:00:00,806.1724249385286
2018-05-27 18:00:00,804.5671703039866
2018-05-27 19:00:00,861.521262444558
2018-05-27 20:00:00,844.3318649648512
2018-05-27 21:00:00,831.9489499181713
2018-05-27 22:00:00,887.325069768809
2018-05-27 23:00:00,998.4479377171024
2018-05-28 00:00:00,1012.9536976531859
2018-05-28 01:00:00,1000.0141039513605
2018-05-28 02:00:00,1082.8946132134256
2018-05-28 03:00:00,1080.5275499186675
2018-05-28 04:00:00,1093.5016452232871
2018-05-28 05:00:00,1228.9003397039514
2018-05-28 06:00:00,1211.5972756773813
2018-05-28 07:00:00,1178.8056474104176
2018-05-28 08:00:00,1175.5894813344053
2018-05-28 09:00:00,1086.6059922098698
2018-05-28 10:00:00,1084.6733245824785
2018-05-28 11:00:00,986.8864200754463
2018-05-28 12:00:00,954.5249135664917
2018-05-28 13:00:00,941.908780630244
2018-05-28 14:00:00,878.7090146981297
2018-05-28 15:00:00,839.3849737943395
2018-05-28 16:00:00,813.7004349992875
2018-05-28 17:00:00,739.6695936003646
2018-05-28 18:00:00,815.1025821169908
2018-05-28 19:00:00,788.3446023764797
2018-05-28 20:00:00,820.5112067567247
2018-05-28 21:00:00,856.5073573472797
2018-05-28 22:00:00,951.6369621880232
2018-05-28 23:00:00,944.1771421353603
2018-05-29 00:00:00,994.5285318124356
2018-05-29 01:00:00,1009.4013339507993
2018-05-29 02:00:00,1163.5925471344242
2018-05-29 03:00:00,1146.051838364849
2018-05-29 04:00:00,1200.701865451974
2018-05-29 05:00:00,1121.3787512753229
2018-05-29 06:00:00,1165.0948124904648
2018-05-29 07:00:00,1262.181296756538
2018-05-29 08:00:00,1084.2500156593308
2018-05-29 09:00:00,1045.7655494003393
2018-05-29 10:00:00,1135.7518976937297
2018-05-29 11:00:00,957.6938944554183
2018-05-29 12:00:00,1085.208166831613
2018-05-29 13:00:00,1025.0053751231658
2018-05-29 14:00:00,938.2674221213097
2018-05-29 15:00:00,886.2352612959356
2018-05-29 16:00:00,834.1265529748779
2018-05-29 17:00:00,807.085431101575
2018-05-29 18:00:00,749.7838965586711
2018-05-29 19:00:00,822.0698160365137
2018-05-29 20:00:00,795.7496337213128
2018-05-29 21:00:00,932.1897611649046
2018-05-29 22:00:00,836.3633037767175
2018-05-29 23:00:00,942.3397853541819
2018-05-30 00:00:00,995.9669461330093
2018-05-30 01:00:00,1127.7074054006548
2018-05-30 02:00:00,1045.1939675621973
2018-05-30 03:00:00,1151.2142602579645
2018-05-30 04:00:00,1218.4049013327988
2018-05-30 05:00:00,1270.9732887546575
2018-05-30 06:00:00,1175.6327753181054
2018-05-30 07:00:00,1200.3843359826997
2018-05-30 08:00:00,1183.9202831490747
2018-05-30 09:00:00,1199.6734899919643
2018-05-30 10:00:00,1011.814074234502
2018-05-30 11:00:00,1023.4881524709103
2018-05-30 12:00:00,992.4315682130233
2018-05-30 13:00:00,912.1661816670306
2018-05-30 14:00:00,916.9822308011647
2018-05-30 15:00:00,909.4358433564346
2018-05-30 16:00:00,903.4430347451965
2018-05-30 17:00:00,723.7353976188704
2018-05-30 18:00:00,789.2241037880401
2018-05-30 19:00:00,750.500082866306
2018-05-30 20:00:00,826.5532053999094
2018-05-30 21:00:00,818.07413257711
2018-05-30 22:00:00,838.3381511229537
2018-05-30 23:00:00,1012.6801325316516
2018-05-31 00:00:00,943.3960482194346
2018-05-31 01:00:00,1073.8826835542523
2018-05-31 02:00:00,1178.400597204597
2018-05-31 03:00:00,1175.1862863868037
2018-05-31 04:00:00,1123.7856735462406
2018-05-31 05:00:00,1173.2651019976884
2018-05-31 06:00:00,1201.6667877805005
2018-05-31 07:00:00,1212.9903357050105
2018-05-31 08:00:00,1183.3890709512198
2018-05-31 09:00:00,1140.5927868135177
2018-05-31 10:00:00,1126.3133235379382
2018-05-31 11:00:00,1171.4257299140338
2018-05-31 12:00:00,1033.195134975658
2018-05-31 13:00:00,972.8052532501634
2018-05-31 14:00:00,973.4558162327606
2018-05-31 15:00:00,863.1827575142798
2018-05-31 16:00:00,824.4935177155818
2018-05-31 17:00:00,832.1983533328475
2018-05-31 18:00:00,754.0049691224367
2018-05-31 19:00:00,776.2693579377762
2018-05-31 20:00:00,892.6102137914689
2018-05-31 21:00:00,883.4827428422657
2018-05-31 22:00:00,890.068222747803
2018-05-31 23:00:00,855.7236184775775
2018-06-01 00:00:00,1065.9319731624948
2018-06-01 01:00:00,1008.2556619307722
2018-06-01 02:00:00,1065.1694630190202
2018-06-01 03:00:00,1090.8157422715387
2018-06-01 04:00:00,1131.9643926634776
2018-06-01 05:00:00,1209.2052083554845
2018-06-01 06:00:00,1330.3395535928953
2018-06-01 07:00:00,1282.4459097453782
2018-06-01 08:00:00,1178.783130004776
2018-06-01 09:00:00,1147.8327748705021
2018-06-01 10:00:00,1096.178493887879
2018-06-01 11:00:00,966.6662585068028
2018-06-01 12:00:00,962.5354579811101
2018-06-01 13:00:00,953.3354419007354
2018-06-01 14:00:00,846.5818573406925
2018-06-01 15:00:00,825.5949489922132
2018-06-01 16:00:00,810.8472375645387
2018-06-01 17:00:00,756.1183583654292
2018-06-01 18:00:00,907.2774826885133
2018-06-01 19:00:00,783.7184954685694
2018-06-01 20:00:00,851.3551811635933
2018-06-01 21:00:00,865.3132159565441
2018-06-01 22:00:00,960.1494364493703
2018-06-01 23:00:00,960.2050408484297
2018-06-02 00:00:00,918.8742921352874
2018-06-02 01:00:00,983.1938466217536
2018-06-02 02:00:00,1138.3557210658419
2018-06-02 03:00:00,1095.356686409225
2018-06-02 04:00:00,1178.408196741363
2018-06-02 05:00:00,1153.2026925352513
2018-06-02 06:00:00,1177.7009296446804
2018-06-02 07:00:00,1238.774216690418
2018-06-02 08:00:00,1187.750670323412
2018-06-02 09:00:00,1180.3223966366797
2018-06-02 10:00:00,1152.2216552776497
2018-06-02 11:00:00,1037.3565758928555
2018-06-02 12:00:00,1028.3773528873126
2018-06-02 13:00:00,964.3121155159807
2018-06-02 14:00:00,925.3243538056716
2018-06-02 15:00:00,867.0142866852774
2018-06-02 16:00:00,837.7639396748342
2018-06-02 17:00:00,735.2058532331973
2018-06-02 18:00:00,792.713527931481
2018-06-02 19:00:00,724.7110631863779
2018-06-02 20:00:00,806.4907252256934
2018-06-02 21:00:00,805.5106888984485
2018-06-02 22:00:00,862.2118984752898
2018-06-02 23:00:00,972.5037024378527
2018-06-03 00:00:00,1039.7646946043935
2018-06-03 01:00:00,1022.81351428944
2018-06-03 02:00:00,1221.5633556718612
2018-06-03 03:00:00,1173.0678815301214
2018-06-03 04:00:00,1099.311200834199
2018-06-03 05:00:00,1124.930548760243
2018-06-03 06:00:00,1226.6303802901034
2018-06-03 07:00:00,1236.804558392702
2018-06-03 08:00:00,1126.7771401979728
2018-06-03 09:00:00,1236.8626734476447
2018-06-03 10:00:00,1108.3916515155352
2018-06-03 11:00:00,973.3628876434792
2018-06-03 12:00:00,1066.5468296706476
2018-06-03 13:00:00,967.0299043394572
2018-06-03 14:00:00,894.3242131322752
2018-06-03 15:00:00,878.7990918586626
2018-06-03 16:00:00,772.4175383722319
2018-06-03 17:00:00,744.4618041626846
2018-06-03 18:00:00,798.5329157995437
2018-06-03 19:00:00,817.6619654004919
2018-06-03 20:00:00,904.2443316040474
2018-06-03 21:00:00,757.9091927529104
2018-06-03 22:00:00,986.0102255046526
2018-06-03 23:00:00,878.4124315035426
2018-06-04 00:00:00,1035.4919387465047
2018-06-04 01:00:00,1067.8312388608515
2018-06-04 02:00:00,1159.0626722048014
2018-06-04 03:00:00,1158.6189849655882
2018-06-04 04:00:00,1171.8727739728618
2018-06-04 05:00:00,1268.0995570297328
2018-06-04 06:00:00,1113.2494906587133
2018-06-04 07:00:00,1189.7967721482667
2018-06-04 08:00:00,1273.3286969025642
2018-06-04 09:00:00,1142.4255366287325
2018-06-04 10:00:00,1179.484260402041
2018-06-04 11:00:00,1088.8314293262808
2018-06-04 12:00:00,955.9597193029653
2018-06-04 13:00:00,960.1218216086963
2018-06-04 14:00:00,839.2321980890088
2018-06-04 15:00:00,860.6267006028281
2018-06-04 16:00:00,820.8910569265886
2018-06-04 17:00:00,698.2501212260879
2018-06-04 18:00:00,813.0344841912092
2018-06-04 19:00:00,844.0901469837888
2018-06-04 20:00:00,792.086524613511
2018-06-04 21:00:00,882.7390075574671
2018-06-04 22:00:00,871.4602845964563
2018-06-04 23:00:00,973.5124088850145
2018-06-05 00:00:00,954.9977423840317
2018-06-05 01:00:00,1043.5829282655116
2018-06-05 02:00:00,1129.6480783883924
2018-06-05 03:00:00,1177.2859818053132
2018-06-05 04:00:00,1188.8325775082342
2018-06-05 05:00:00,1207.543571338274
2018-06-05 06:00:00,1155.0136305181618
2018-06-05 07:00:00,1196.64131833702
2018-06-05 08:00:00,1109.6394776745692
2018-06-05 09:00:00,1174.7305690473524
2018-06-05 10:00:00,1096.774580067211
2018-06-05 11:00:00,1063.67489419581
2018-06-05 12:00:00,1031.0105002185937
2018-06-05 13:00:00,939.0207966751047
2018-06-05 14:00:00,907.9243205885734
2018-06-05 15:00:00,869.9070958882659
2018-06-05 16:00:00,854.6974077779275
2018-06-05 17:00:00,847.7831648889667
2018-06-05 18:00:00,819.2329781770841
2018-06-05 19:00:00,803.963935093523
2018-06-05 20:00:00,810.7010392009341
2018-06-05 21:00:00,832.4432408811429
2018-06-05 22:00:00,896.2939060175224
2018-06-05 23:00:00,964.1004151449387
2018-06-06 00:00:00,962.8527247867066
2018-06-06 01:00:00,1024.6032151013242
2018-06-06 02:00:00,1084.305448781125
2018-06-06 03:00:00,1111.9257626404478
2018-06-06 04:00:00,1268.7731126346757
2018-06-06 05:00:00,1323.3105275370103
2018-06-06 06:00:00,1207.510510302035
2018-06-06 07:00:00,1172.1633205514863
2018-06-06 08:00:00,1126.3165668176962
2018-06-06 09:00:00,1086.9461483491364
2018-06-06 10:00:00,1068.0093730404117
2018-06-06 11:00:00,1062.3630664500088
2018-06-06 12:00:00,980.3633383664599
2018-06-06 13:00:00,1021.7609196598661
2018-06-06 14:00:00,964.9964796948217
2018-06-06 15:00:00,896.0270838277168
2018-06-06 16:00:00,777.7364741022333
2018-06-06 17:00:00,743.5197649782692
2018-06-06 18:00:00,779.417428699487
2018-06-06 19:00:00,925.3985749118174
2018-06-06 20:00:00,782.5526999493176
2018-06-06 21:00:00,741.6282833233183
2018-06-06 22:00:00,983.9442290827611
2018-06-06 23:00:00,962.6050344798374
2018-06-07 00:00:00,1111.791679259192
2018-06-07 01:00:00,1015.1148500376436
2018-06-07 02:00:00,1020.3123594710696
2018-06-07 03:00:00,1221.7322325433963
2018-06-07 04:00:00,1165.9624592437744
2018-06-07 05:00:00,1249.166689680935
2018-06-07 06:00:00,1197.8981613508643
2018-06-07 07:00:00,1147.9221996461652
2018-06-07 08:00:00,1184.4234848178914
2018-06-07 09:00:00,1122.4888886497722
2018-06-07 10:00:00,1084.1469791534096
2018-06-07 11:00:00,1112.5653308726273
2018-06-07 12:00:00,1058.4804037927752
2018-06-07 13:00:00,846.0177167726279
2018-06-07 14:00:00,911.1848214387983
2018-06-07 15:00:00,933.0467857133932
2018-06-07 16:00:00,861.7568488275688
2018-06-07 17:00:00,822.144444929508
2018-06-07 18:00:00,720.414764115668
2018-06-07 19:00:00,747.1468159510333
2018-06-07 20:00:00,836.9389348771097
2018-06-07 21:00:00,860.6345280336618
2018-06-07 22:00:00,894.5214106968608
2018-06-07 23:00:00,944.3596881508016
2018-06-08 00:00:00,972.1397766034157
2018-06-08 01:00:00,1155.8725620154146
2018-06-08 02:00:00,1109.284071355659
2018-06-08 03:00:00,1099.759098087044
2018-06-08 04:00:00,1146.7608185070465
2018-06-08 05:00:00,1221.7955905784065
2018-06-08 06:00:00,1176.6854328314114
2018-06-08 07:00:00,1206.9765948377078
2018-06-08 08:00:00,1161.7379327449246
2018-06-08 09:00:00,1158.9617841458214
2018-06-08 10:00:00,1049.14911888062
2018-06-08 11:00:00,999.4556463109029
2018-06-08 12:00:00,992.8950616188247
2018-06-08 13:00:00,941.223906546803
2018-06-08 14:00:00,793.0947643951907
2018-06-08 15:00:00,903.0089788041636
2018-06-08 16:00:00,843.7378544545834
2018-06-08 17:00:00,832.6426105567812
2018-06-08 18:00:00,732.2312268653802
2018-06-08 19:00:00,821.1880958427699
2018-06-08 20:00:00,840.7448329546517
2018-06-08 21:00:00,771.7587131535663
2018-06-08 22:00:00,898.362000416264
2018-06-08 23:00:00,968.2173504123299
2018-06-09 00:00:00,1006.3674192531142
2018-06-09 01:00:00,1041.3295353476435
2018-06-09 02:00:00,1075.318810635759
2018-06-09 03:00:00,1143.203656933373
2018-06-09 04:00:00,1180.9849030732787
2018-06-09 05:00:00,1207.511589643976
2018-06-09 06:00:00,1177.4294848291163
2018-06-09 07:00:00,1217.8040196659038
2018-06-09 08:00:00,1184.5340524720093
2018-06-09 09:00:00,1135.868668379386
2018-06-09 10:00:00,1092.2440659054794
2018-06-09 11:00:00,998.4680511837007
2018-06-09 12:00:00,1016.5854933555289
2018-06-09 13:00:00,968.0516447349889
2018-06-09 14:00:00,846.2203357613887
2018-06-09 15:00:00,892.2615518693163
2018-06-09 16:00:00,858.2272340579035
2018-06-09 17:00:00,792.3995946948565
2018-06-09 18:00:00,816.0547362052349
2018-06-09 19:00:00,819.9374200422076
2018-06-09 20:00:00,805.4153358225051
2018-06-09 21:00:00,957.9406278690986
2018-06-09 22:00:00,918.7139075415282
2018-06-09 23:00:00,898.2324138965018
2018-06-10 00:00:00,1049.9933932444042
2018-06-10 01:00:00,1033.4943875965782
2018-06-10 02:00:00,1045.3166178429171
2018-06-10 03:00:00,1195.1929530506184
2018-06-10 04:00:00,1243.9301944175577
2018-06-10 05:00:00,1289.4186746740038
2018-06-10 06:00:00,1269.9042500434093
2018-06-10 07:00:00,1221.9058946995988
2018-06-10 08:00:00,1183.111109236288
2018-06-10 09:00:00,1163.3417098508203
2018-06-10 10:00:00,1108.65856523237
2018-06-10 11:00:00,1076.9173071237158
2018-06-10 12:00:00,909.2781087218217
2018-06-10 13:00:00,950.1597310367964
2018-06-10 14:00:00,905.8562361957579
2018-06-10 15:00:00,822.9227619417557
2018-06-10 16:00:00,865.3353156332163
2018-06-10 17:00:00,770.9969009255813
2018-06-10 18:00:00,767.7580022923682
2018-06-10 19:00:00,774.2810045519273
2018-06-10 20:00:00,846.3296955808703
2018-06-10 21:00:00,1003.7990387034216
2018-06-10 22:00:00,912.835807476662
2018-06-10 23:00:00,1034.027494294297
2018-06-11 00:00:00,994.9362912446267
2018-06-11 01:00:00,1022.6187439097846
2018-06-11 02:00:00,1167.4194494395435
2018-06-11 03:00:00,1077.5798919565652
2018-06-11 04:00:00,1135.1592227670146
2018-06-11 05:00:00,1176.0194563925825
2018-06-11 06:00:00,1195.7258656381237
2018-06-11 07:00:00,1135.6420460219092
2018-06-11 08:00:00,1251.5920269168307
2018-06-11 09:00:00,1200.8443397721333
2018-06-11 10:00:00,1108.1214748807402
2018-06-11 11:00:00,1002.9062430678639
2018-06-11 12:00:00,971.9791973724431
2018-06-11 13:00:00,1010.9747096462822
2018-06-11 14:00:00,877.2842157102082
2018-06-11 15:00:00,784.1148411272314
2018-06-11 16:00:00,810.1923940175544
2018-06-11 17:00:00,811.277563997632
2018-06-11 18:00:00,837.2323090012499
2018-06-11 19:00:00,834.2437379921374
2018-06-11 20:00:00,899.1558309232532
2018-06-11 21:00:00,915.8002760854243
2018-06-11 22:00:00,971.2589146326685
2018-06-11 23:00:00,1081.9799411397569
2018-06-12 00:00:00,912.0672144183553
2018-06-12 01:00:00,1048.4448755588974
2018-06-12 02:00:00,1082.7924024227548
2018-06-12 03:00:00,1151.2964556857194
2018-06-12 04:00:00,1152.7354186867758
2018-06-12 05:00:00,1105.0888934012494
2018-06-12 06:00:00,1247.7196596930899
2018-06-12 07:00:00,1175.322278619719
2018-06-12 08:00:00,1038.741304946633
2018-06-12 09:00:00,1198.7364443571428
2018-06-12 10:00:00,1074.2676905393757
2018-06-12 11:00:00,1009.6859517787055
2018-06-12 12:00:00,987.7366977687193
2018-06-12 13:00:00,880.707407400474
2018-06-12 14:00:00,952.3706653203484
2018-06-12 15:00:00,794.5788435710097
2018-06-12 16:00:00,861.8787074531683
2018-06-12 17:00:00,735.466830123461
2018-06-12 18:00:00,725.1766038419355
2018-06-12 19:00:00,858.0583377218369
2018-06-12 20:00:00,807.2554283298557
2018-06-12 21:00:00,888.6290367217222
2018-06-12 22:00:00,916.076773447443
2018-06-12 23:00:00,914.218881813116
2018-06-13 00:00:00,1019.2541649212815
2018-06-13 01:00:00,1070.6144868448318
2018-06-13 02:00:00,960.4811942384777
2018-06-13 03:00:00,1255.953094971428
2018-06-13 04:00:00,1198.320161120813
2018-06-13 05:00:00,1186.769100274988
2018-06-13 06:00:00,1292.6244405466828
2018-06-13 07:00:00,1071.8612149954317
2018-06-13 08:00:00,1102.0583521504782
2018-06-13 09:00:00,1186.5914381699229
2018-06-13 10:00:00,1100.5129143861109
2018-06-13 11:00:00,1089.3249235359517
2018-06-13 12:00:00,956.7246444323439
2018-06-13 13:00:00,854.5889542537932
2018-06-13 14:00:00,852.4018682643659
2018-06-13 15:00:00,878.8841913257022
2018-06-13 16:00:00,898.7984261996422
2018-06-13 17:00:00,754.1444373593612
2018-06-13 18:00:00,731.7006822916048
2018-06-13 19:00:00,762.9066975700919
2018-06-13 20:00:00,829.0929684272676
2018-06-13 21:00:00,853.9125851823958
2018-06-13 22:00:00,808.1554465551576
2018-06-13 23:00:00,939.2134195910436
2018-06-14 00:00:00,980.2724894084624
2018-06-14 01:00:00,1027.0098710632349
2018-06-14 02:00:00,1088.7782081172024
2018-06-14 03:00:00,1072.4311612442339
2018-06-14 04:00:00,1165.0340799764151
2018-06-14 05:00:00,1238.9262922455578
2018-06-14 06:00:00,1236.9609576718606
2018-06-14 07:00:00,1181.3092828149256
2018-06-14 08:00:00,1279.7061330518547
2018-06-14 09:00:00,1204.7247261086825
2018-06-14 10:00:00,1157.970120442451
2018-06-14 11:00:00,1062.0508687458212
2018-06-14 12:00:00,1005.0244567765901
2018-06-14 13:00:00,990.0641901873481
2018-06-14 14:00:00,865.7403994545692
2018-06-14 15:00:00,941.319558598133
2018-06-14 16:00:00,901.6006716937004
2018-06-14 17:00:00,826.872024524629
2018-06-14 18:00:00,830.1633949004824
2018-06-14 19:00:00,774.4140243074362
2018-06-14 20:00:00,768.1056717283462
2018-06-14 21:00:00,951.685465112102
2018-06-14 22:00:00,872.4385147324748
2018-06-14 23:00:00,967.7696189525749
2018-06-15 00:00:00,1003.2195067758998
2018-06-15 01:00:00,1085.269117738804
2018-06-15 02:00:00,1113.7687302364855
2018-06-15 03:00:00,1198.08095950248
2018-06-15 04:00:00,1197.335496876665
2018-06-15 05:00:00,1224.4201183832756
2018-06-15 06:00:00,1253.236297461937
2018-06-15 07:00:00,1274.0380236224264
2018-06-15 08:00:00,1162.4721429414376
2018-06-15 09:00:00,1178.561422822957
2018-06-15 10:00:00,1056.4822288725168
2018-06-15 11:00:00,1063.6080887915873
2018-06-15 12:00:00,1090.5569067433014
2018-06-15 13:00:00,961.9018387978548
2018-06-15 14:00:00,898.0189119000472
2018-06-15 15:00:00,896.9298407361148
2018-06-15 16:00:00,784.5501264442084
2018-06-15 17:00:00,865.2273541023205
2018-06-15 18:00:00,804.4365492477651
2018-06-15 19:00:00,856.4384581020444
2018-06-15 20:00:00,861.1723581769436
2018-06-15 21:00:00,876.1888375540684
2018-06-15 22:00:00,832.273278803377
2018-06-15 23:00:00,904.5709200605572
2018-06-16 00:00:00,999.8339419964068
2018-06-16 01:00:00,1053.5223913833524
2018-06-16 02:00:00,1097.2433387896456
2018-06-16 03:00:00,1103.2965076250862
2018-06-16 04:00:00,1163.8400744544024
2018-06-16 05:00:00,1245.304264898997
2018-06-16 06:00:00,1216.5668746267838
2018-06-16 07:00:00,1168.3691603621262
2018-06-16 08:00:00,1161.9517396271453
2018-06-16 09:00:00,1175.2036306572568
2018-06-16 10:00:00,1092.4268025493354
2018-06-16 11:00:00,1069.4034052520383
2018-06-16 12:00:00,1022.926694220621
2018-06-16 13:00:00,976.0852673051628
2018-06-16 14:00:00,897.4776410064006
2018-06-16 15:00:00,832.2899138431991
2018-06-16 16:00:00,934.9703526017834
2018-06-16 17:00:00,759.3482146993326
2018-06-16 18:00:00,876.4203001165882
2018-06-16 19:00:00,769.0409407872489
2018-06-16 20:00:00,863.3821193032712
2018-06-16 21:00:00,989.2839734810823
2018-06-16 22:00:00,900.7757296213039
2018-06-16 23:00:00,1029.6166873153768
2018-06-17 00:00:00,988.5395864455576
2018-06-17 01:00:00,1014.3928540704968
2018-06-17 02:00:00,1115.2785121526695
2018-06-17 03:00:00,1159.5547522859142
2018-06-17 04:00:00,1125.8772508041884
2018-06-17 05:00:00,1349.180460628639
2018-06-17 06:00:00,1240.2731946776646
2018-06-17 07:00:00,1202.591440692877
2018-06-17 08:00:00,1222.339541520317
2018-06-17 09:00:00,1077.8533673260854
2018-06-17 10:00:00,1147.6884522461453
2018-06-17 11:00:00,963.5322905692553
2018-06-17 12:00:00,1045.5955643502882
2018-06-17 13:00:00,935.4961778728186
2018-06-17 14:00:00,884.0562929037674
2018-06-17 15:00:00,897.2850375830532
2018-06-17 16:00:00,827.3944291346885
2018-06-17 17:00:00,813.0596409192474
2018-06-17 18:00:00,764.0846038226368
2018-06-17 19:00:00,884.7508471251101
2018-06-17 20:00:00,787.5678479706027
2018-06-17 21:00:00,881.9058090201231
2018-06-17 22:00:00,882.2379645733205
2018-06-17 23:00:00,1021.6526604966491
2018-06-18 00:00:00,983.68669767023
2018-06-18 01:00:00,1062.2090517646725
2018-06-18 02:00:00,1083.284387290446
2018-06-18 03:00:00,1123.996890790573
2018-06-18 04:00:00,1150.660438593361
2018-06-18 05:00:00,1131.7588338591268
2018-06-18 06:00:00,1212.7559210677928
2018-06-18 07:00:00,1188.0475428244697
2018-06-18 08:00:00,1167.0489591864266
2018-06-18 09:00:00,1170.3036710947679
2018-06-18 10:00:00,1070.4234835297948
2018-06-18 11:00:00,1102.0878353959004
2018-06-18 12:00:00,965.7233631595922
2018-06-18 13:00:00,945.0355224779534
2018-06-18 14:00:00,852.9040119244819
2018-06-18 15:00:00,900.7661365775201
2018-06-18 16:00:00,849.5999867605788
2018-06-18 17:00:00,782.5156958617972
2018-06-18 18:00:00,829.60388019488
2018-06-18 19:00:00,914.6810403984441
2018-06-18 20:00:00,712.9677324513873
2018-06-18 21:00:00,860.6885469899621
2018-06-18 22:00:00,861.2295953253363
2018-06-18 23:00:00,967.2893891849961
2018-06-19 00:00:00,924.4683635336745
2018-06-19 01:00:00,1063.9763465144774
2018-06-19 02:00:00,1112.920222223296
2018-06-19 03:00:00,1067.4753822172015
2018-06-19 04:00:00,1167.5974054053734
2018-06-19 05:00:00,1256.1443756098026
2018-06-19 06:00:00,1201.0983744109617
2018-06-19 07:00:00,1146.4903705691486
2018-06-19 08:00:00,1204.0519823023217
2018-06-19 09:00:00,1116.9093291497493
2018-06-19 10:00:00,1121.3133742871717
2018-06-19 11:00:00,1003.4248066585022
2018-06-19 12:00:00,1019.6289622170884
2018-06-19 13:00:00,988.1510718457022
2018-06-19 14:00:00,961.9170985912708
2018-06-19 15:00:00,858.8543901423941
2018-06-19 16:00:00,779.0965252651869
2018-06-19 17:00:00,791.1873640428545
2018-06-19 18:00:00,873.8383765232386
2018-06-19 19:00:00,825.5341954779495
2018-06-19 20:00:00,810.0995957346045
2018-06-19 21:00:00,830.5256818122458
2018-06-19 22:00:00,851.3665204279824
2018-06-19 23:00:00,881.0296867908154
2018-06-20 00:00:00,930.5187349462118
2018-06-20 01:00:00,1036.7253021806869
2018-06-20 02:00:00,1124.0149147805548
2018-06-20 03:00:00,1147.8604952810717
2018-06-20 04:00:00,1203.066414647238
2018-06-20 05:00:00,1132.0195302500258
2018-06-20 06:00:00,1237.3783091523837
2018-06-20 07:00:00,1207.071890014141
2018-06-20 08:00:00,1150.6898814381861
2018-06-20 09:00:00,1254.9130505625023
2018-06-20 10:00:00,1116.6788399551951
2018-06-20 11:00:00,1109.903797175436
2018-06-20 12:00:00,963.6447496127403
2018-06-20 13:00:00,890.9396381410211
2018-06-20 14:00:00,864.759103000899
2018-06-20 15:00:00,888.2680272723651
2018-06-20 16:00:00,786.3870098752434
2018-06-20 17:00:00,715.1167717101547
2018-06-20 18:00:00,735.9902773735316
2018-06-20 19:00:00,813.348784206367
2018-06-20 20:00:00,871.0006115064259
2018-06-20 21:00:00,906.9095771242534
2018-06-20 22:00:00,931.6932157718526
2018-06-20 23:00:00,1007.0956674824721
2018-06-21 00:00:00,976.158745918256
2018-06-21 01:00:00,940.7344861197213
2018-06-21 02:00:00,1168.410572260435
2018-06-21 03:00:00,1096.321037900102
2018-06-21 04:00:00,1189.5619426238654
2018-06-21 05:00:00,1243.8859051564095
2018-06-21 06:00:00,1273.895428173939
2018-06-21 07:00:00,1186.453596617282
2018-06-21 08:00:00,1230.8114159617355
2018-06-21 09:00:00,1130.2221983638676
2018-06-21 10:00:00,1157.4648623382664
2018-06-21 11:00:00,932.1584967918109
2018-06-21 12:00:00,1005.5895801393934
2018-06-21 13:00:00,992.3081305031144
2018-06-21 14:00:00,886.650418312515
2018-06-21 15:00:00,835.4757385311816
2018-06-21 16:00:00,895.2247524456145
2018-06-21 17:00:00,840.606758288834
2018-06-21 18:00:00,877.0475261972558
2018-06-21 19:00:00,841.6343841339126
2018-06-21 20:00:00,881.5374711366505
2018-06-21 21:00:00,917.5457510295132
2018-06-21 22:00:00,919.8598434761171
2018-06-21 23:00:00,922.028473357128
2018-06-22 00:00:00,1044.710782431183
2018-06-22 01:00:00,1101.4402688700088
2018-06-22 02:00:00,1053.4520654635849
2018-06-22 03:00:00,1103.1854579423905
2018-06-22 04:00:00,1094.1277732414785
2018-06-22 05:00:00,1222.955787615905
2018-06-22 06:00:00,1249.380247819006
2018-06-22 07:00:00,1180.7855878068406
2018-06-22 08:00:00,1211.7150013064172
2018-06-22 09:00:00,990.2974990222629
2018-06-22 10:00:00,1095.844341649168
2018-06-22 11:00:00,1025.253187284697
2018-06-22 12:00:00,1007.4931302749633
2018-06-22 13:00:00,998.176074256275
2018-06-22 14:00:00,937.1061904612308
2018-06-22 15:00:00,820.478480833346
2018-06-22 16:00:00,776.1838787662236
2018-06-22 17:00:00,789.2426142704231
2018-06-22 18:00:00,931.5224970359757
2018-06-22 19:00:00,786.0249645000089
2018-06-22 20:00:00,896.138950112423
2018-06-22 21:00:00,819.318639936593
2018-06-22 22:00:00,861.7582180602135
2018-06-22 23:00:00,920.0688152388576
2018-06-23 00:00:00,940.4713583142731
2018-06-23 01:00:00,1054.2700340813633
2018-06-23 02:00:00,1117.5398836946167
2018-06-23 03:00:00,1147.5742963200578
2018-06-23 04:00:00,1098.524017731
2018-06-23 05:00:00,1267.0368998004794
2018-06-23 06:00:00,1195.9038344513335
2018-06-23 07:00:00,1208.3483485428878
2018-06-23 08:00:00,1233.5047147011887
2018-06-23 09:00:00,1183.6867440485369
2018-06-23 10:00:00,1073.4613638138144
2018-06-23 11:00:00,1020.7429539222696
2018-06-23 12:00:00,1035.6948679663494
2018-06-23 13:00:00,908.8979377575479
2018-06-23 14:00:00,891.0841879237373
2018-06-23 15:00:00,878.196801292317
2018-06-23 16:00:00,863.2598540659319
2018-06-23 17:00:00,793.7984533367444
2018-06-23 18:00:00,827.7772043365474
2018-06-23 19:00:00,859.2719244373427
2018-06-23 20:00:00,895.1163903589905
2018-06-23 21:00:00,877.0829213087985
2018-06-23 22:00:00,869.6627793524322
2018-06-23 23:00:00,981.9380902816644
2018-06-24 00:00:00,990.3052230300779
2018-06-24 01:00:00,973.346775160883
2018-06-24 02:00:00,1104.9778477367408
2018-06-24 03:00:00,1153.210644337727
2018-06-24 04:00:00,1184.0899932995071
2018-06-24 05:00:00,1174.2919986159493
2018-06-24 06:00:00,1165.3605540616586
2018-06-24 07:00:00,1266.5952792595658
2018-06-24 08:00:00,1249.681213241103
2018-06-24 09:00:00,1136.150116985696
2018-06-24 10:00:00,1088.5230611924926
2018-06-24 11:00:00,1067.8155310217915
2018-06-24 12:00:00,1015.919528739174
2018-06-24 13:00:00,1031.4171471301393
2018-06-24 14:00:00,926.2604121841548
2018-06-24 15:00:00,842.8111354035295
2018-06-24 16:00:00,781.0481172955936
2018-06-24 17:00:00,705.5770705515465
2018-06-24 18:00:00,832.7115540596318
2018-06-24 19:00:00,759.709892131365
2018-06-24 20:00:00,872.0514595735999
2018-06-24 21:00:00,800.0849044347705
2018-06-24 22:00:00,819.3378205187475
2018-06-24 23:00:00,1001.4030401903709
2018-06-25 00:00:00,945.7553831087521
2018-06-25 01:00:00,1101.6856933823183
2018-06-25 02:00:00,1169.067444456132
2018-06-25 03:00:00,1113.3754784994633
2018-06-25 04:00:00,1199.961962049933
2018-06-25 05:00:00,1265.5094272859556
2018-06-25 06:00:00,1097.9065694820008
2018-06-25 07:00:00,1191.3879124538107
2018-06-25 08:00:00,1252.6885253009123
2018-06-25 09:00:00,1216.054507529787
2018-06-25 10:00:00,1118.9796102479409
2018-06-25 11:00:00,1086.8186258607316
2018-06-25 12:00:00,1081.184907573898
2018-06-25 13:00:00,966.7527552934415
2018-06-25 14:00:00,966.4194312667202
2018-06-25 15:00:00,912.4248761615349
2018-06-25 16:00:00,788.3026602191105
2018-06-25 17:00:00,823.9101365549506
2018-06-25 18:00:00,776.8181446237631
2018-06-25 19:00:00,756.6263587439565
2018-06-25 20:00:00,868.8466935939846
2018-06-25 21:00:00,957.1967630588673
2018-06-25 22:00:00,888.1690440688113
2018-06-25 23:00:00,971.7308566346608
2018-06-26 00:00:00,937.21706131493
2018-06-26 01:00:00,1083.9844153444985
2018-06-26 02:00:00,1087.1726960076176
2018-06-26 03:00:00,1198.7551588612055
2018-06-26 04:00:00,1176.7137680303417
2018-06-26 05:00:00,1165.4795025702053
2018-06-26 06:00:00,1242.4625795411098
2018-06-26 07:00:00,1273.7371931877183
2018-06-26 08:00:00,1233.5840721413476
2018-06-26 09:00:00,1231.259989053863
2018-06-26 10:00:00,1072.2036362085596
2018-06-26 11:00:00,1109.3122977034627
2018-06-26 12:00:00,986.9317631661064
2018-06-26 13:00:00,885.3459551300089
2018-06-26 14:00:00,854.3400770590443
2018-06-26 15:00:00,863.2732325897067
2018-06-26 16:00:00,835.4395890236137
2018-06-26 17:00:00,813.9227914198595
2018-06-26 18:00:00,737.5871308935043
2018-06-26 19:00:00,841.5295554763114
2018-06-26 20:00:00,827.1490425949067
2018-06-26 21:00:00,889.9120515999468
2018-06-26 22:00:00,1031.3561331021074
2018-06-26 23:00:00,945.5143881952799
2018-06-27 00:00:00,975.3537970005999
2018-06-27 01:00:00,1050.9992844846165
2018-06-27 02:00:00,1079.4127738157574
2018-06-27 03:00:00,1135.942175068669
2018-06-27 04:00:00,1178.0197989149478
2018-06-27 05:00:00,1193.1458465595042
2018-06-27 06:00:00,1302.9177383109165
2018-06-27 07:00:00,1216.336631673412
2018-06-27 08:00:00,1068.9052092983209
2018-06-27 09:00:00,1160.9848892049356
2018-06-27 10:00:00,1116.2518757786386
2018-06-27 11:00:00,1136.8239414255254
2018-06-27 12:00:00,1061.2019336865797
2018-06-27 13:00:00,955.6107403451688
2018-06-27 14:00:00,895.8867960884681
2018-06-27 15:00:00,806.8309023597051
2018-06-27 16:00:00,798.506297549813
2018-06-27 17:00:00,789.4564948587206
2018-06-27 18:00:00,831.9712139728948
2018-06-27 19:00:00,823.2751445893185
2018-06-27 20:00:00,893.0075705861143
2018-06-27 21:00:00,811.8585328421192
2018-06-27 22:00:00,916.205862138175
2018-06-27 23:00:00,966.3048310763735
2018-06-28 00:00:00,938.3086707323808
2018-06-28 01:00:00,994.9801195080962
2018-06-28 02:00:00,985.2481140915771
2018-06-28 03:00:00,1195.3913773985755
2018-06-28 04:00:00,1207.3190748855377
2018-06-28 05:00:00,1094.0471101703556
2018-06-28 06:00:00,1214.4496412363305
2018-06-28 07:00:00,1130.2131690989838
2018-06-28 08:00:00,1228.3209856441774
2018-06-28 09:00:00,1231.6215261555908
2018-06-28 10:00:00,1103.2555163321322
2018-06-28 11:00:00,989.3551066134696
2018-06-28 12:00:00,1052.863247479913
2018-06-28 13:00:00,943.4744082281485
2018-06-28 14:00:00,831.5086965027623
2018-06-28 15:00:00,807.5124794319755
2018-06-28 16:00:00,798.9444581014009
2018-06-28 17:00:00,726.9206581584427
2018-06-28 18:00:00,818.7293921995993
2018-06-28 19:00:00,844.7575735037772
2018-06-28 20:00:00,839.6474879565194
2018-06-28 21:00:00,867.3136103559709
2018-06-28 22:00:00,863.0366221212442
2018-06-28 23:00:00,901.9797654201436
2018-06-29 00:00:00,1012.4122505821408
2018-06-29 01:00:00,1094.8595267909902
2018-06-29 02:00:00,1063.7008516673616
2018-06-29 03:00:00,1106.928776836206
2018-06-29 04:00:00,1126.2875562645982
2018-06-29 05:00:00,1208.4534729817074
2018-06-29 06:00:00,1162.1345097212422
2018-06-29 07:00:00,1186.9603870787168
2018-06-29 08:00:00,1171.0723199415474
2018-06-29 09:00:00,1082.8121305930308
2018-06-29 10:00:00,1089.6200901369648
2018-06-29 11:00:00,1066.2093245270908
2018-06-29 12:00:00,1052.7256300384443
2018-06-29 13:00:00,960.8761693815202
2018-06-29 14:00:00,996.9434189550075
2018-06-29 15:00:00,938.0085586541632
2018-06-29 16:00:00,839.7598176784977
2018-06-29 17:00:00,886.1437277887771
2018-06-29 18:00:00,834.1163444641038
2018-06-29 19:00:00,790.3246885318773
2018-06-29 20:00:00,858.0446449315202
2018-06-29 21:00:00,888.6030053796809
2018-06-29 22:00:00,984.8701317197052
2018-06-29 23:00:00,968.9893530081409
2018-06-30 00:00:00,962.8771469889609
2018-06-30 01:00:00,1068.7300365764547
2018-06-30 02:00:00,1092.0858792174433
2018-06-30 03:00:00,1105.4855517477138
2018-06-30 04:00:00,1200.6333878911632
2018-06-30 05:00:00,1199.5393700401937
2018-06-30 06:00:00,1204.9573867547772
2018-06-30 07:00:00,1225.2623025869882
2018-06-30 08:00:00,1157.564887509119
2018-06-30 09:00:00,1206.9450345886407
2018-06-30 10:00:00,1170.1532325117485
2018-06-30 11:00:00,1137.8551948244863
2018-06-30 12:00:00,1027.6583867824015
2018-06-30 13:00:00,915.5029697027276
2018-06-30 14:00:00,888.6207493872339
2018-06-30 15:00:00,844.98361059414
2018-06-30 16:00:00,869.2572849925781
2018-06-30 17:00:00,808.7623584507226
2018-06-30 18:00:00,858.9708468745121
2018-06-30 19:00:00,774.2428250189374
2018-06-30 20:00:00,790.7063033230354
2018-06-30 21:00:00,905.4496591191206
2018-06-30 22:00:00,968.1960285390932
2018-06-30 23:00:00,938.2721500708014
